[0.000000] (-) TimerEvent: {}
[0.000514] (roarm_description) JobQueued: {'identifier': 'roarm_description', 'dependencies': OrderedDict()}
[0.000665] (roarm_driver) JobQueued: {'identifier': 'roarm_driver', 'dependencies': OrderedDict()}
[0.000802] (roarm_msgs) JobQueued: {'identifier': 'roarm_msgs', 'dependencies': OrderedDict()}
[0.000899] (roarm_moveit_cmd) JobQueued: {'identifier': 'roarm_moveit_cmd', 'dependencies': OrderedDict({'roarm_msgs': '/home/v1/Desktop/Beizo/arm_ws/install/roarm_msgs'})}
[0.000967] (roarm_moveit_config) JobQueued: {'identifier': 'roarm_moveit_config', 'dependencies': OrderedDict({'roarm_description': '/home/v1/Desktop/Beizo/arm_ws/install/roarm_description'})}
[0.000990] (roarm_description) JobStarted: {'identifier': 'roarm_description'}
[0.012053] (roarm_msgs) JobStarted: {'identifier': 'roarm_msgs'}
[0.016071] (roarm_driver) JobStarted: {'identifier': 'roarm_driver'}
[0.099653] (-) TimerEvent: {}
[0.199913] (-) TimerEvent: {}
[0.298198] (roarm_msgs) JobProgress: {'identifier': 'roarm_msgs', 'progress': 'cmake'}
[0.300270] (roarm_msgs) Command: {'cmd': ['/usr/bin/cmake', '/home/v1/Desktop/Beizo/arm_ws/src/roarm_msgs', '-DAMENT_CMAKE_SYMLINK_INSTALL=1', '-DCMAKE_INSTALL_PREFIX=/home/v1/Desktop/Beizo/arm_ws/install/roarm_msgs'], 'cwd': '/home/v1/Desktop/Beizo/arm_ws/build/roarm_msgs', 'env': OrderedDict({'LESSOPEN': '| /usr/bin/lesspipe %s', 'CONDA_PROMPT_MODIFIER': '', 'USER': 'v1', 'GZ_CONFIG_PATH': '/opt/ros/jazzy/opt/gz_sim_vendor/share/gz:/opt/ros/jazzy/opt/sdformat_vendor/share/gz:/opt/ros/jazzy/opt/gz_gui_vendor/share/gz:/opt/ros/jazzy/opt/gz_transport_vendor/share/gz:/opt/ros/jazzy/opt/gz_rendering_vendor/share/gz:/opt/ros/jazzy/opt/gz_plugin_vendor/share/gz:/opt/ros/jazzy/opt/gz_fuel_tools_vendor/share/gz:/opt/ros/jazzy/opt/gz_msgs_vendor/share/gz:/opt/ros/jazzy/opt/gz_common_vendor/share/gz', 'XDG_SESSION_TYPE': 'x11', 'SHLVL': '1', 'LD_LIBRARY_PATH': '/home/v1/Desktop/Beizo/arm_ws/install/roarm_msgs/lib:/opt/ros/jazzy/opt/gz_sim_vendor/lib:/opt/ros/jazzy/opt/gz_sensors_vendor/lib:/opt/ros/jazzy/opt/gz_physics_vendor/lib:/opt/ros/jazzy/opt/sdformat_vendor/lib:/opt/ros/jazzy/opt/rviz_ogre_vendor/lib:/opt/ros/jazzy/lib/x86_64-linux-gnu:/opt/ros/jazzy/opt/gz_gui_vendor/lib:/opt/ros/jazzy/opt/gz_transport_vendor/lib:/opt/ros/jazzy/opt/gz_rendering_vendor/lib:/opt/ros/jazzy/opt/gz_plugin_vendor/lib:/opt/ros/jazzy/opt/gz_fuel_tools_vendor/lib:/opt/ros/jazzy/opt/gz_msgs_vendor/lib:/opt/ros/jazzy/opt/gz_common_vendor/lib:/opt/ros/jazzy/opt/gz_math_vendor/lib:/opt/ros/jazzy/opt/gz_utils_vendor/lib:/opt/ros/jazzy/opt/gz_tools_vendor/lib:/opt/ros/jazzy/opt/gz_ogre_next_vendor/lib:/opt/ros/jazzy/opt/gz_dartsim_vendor/lib:/opt/ros/jazzy/opt/gz_cmake_vendor/lib:/opt/ros/jazzy/lib', 'HOME': '/home/v1', 'CONDA_SHLVL': '0', 'OLDPWD': '/home/v1/Desktop/Beizo/arm_ws', 'DESKTOP_SESSION': 'ubuntu', 'ROS_PYTHON_VERSION': '3', 'GNOME_SHELL_SESSION_MODE': 'ubuntu', 'GTK_MODULES': 'gail:atk-bridge', 'DBUS_STARTER_BUS_TYPE': 'session', 'SYSTEMD_EXEC_PID': '2804', 'GSM_SKIP_SSH_AGENT_WORKAROUND': 'true', 'DBUS_SESSION_BUS_ADDRESS': 'unix:path=/run/user/1000/bus,guid=3ba906d04fd751587edc35ef69c00925', 'COLORTERM': 'truecolor', '_CE_M': '', '_CONDA_ROOT': '/home/v1/miniconda3', 'DEBUGINFOD_URLS': 'https://debuginfod.ubuntu.com', 'COLCON_PREFIX_PATH': '/home/v1/Desktop/Beizo/arm_ws/install', 'ROS_DISTRO': 'jazzy', 'LOGNAME': 'v1', '_': '/usr/bin/colcon', 'ROS_VERSION': '2', 'MEMORY_PRESSURE_WATCH': '/sys/fs/cgroup/user.slice/user-1000.slice/user@1000.service/app.slice/app-gnome\\x2dsession\\x2dmanager.slice/gnome-session-manager@ubuntu.service/memory.pressure', 'XDG_SESSION_CLASS': 'user', 'USERNAME': 'v1', 'TERM': 'xterm-256color', 'GNOME_DESKTOP_SESSION_ID': 'this-is-deprecated', '_CE_CONDA': '', 'WINDOWPATH': '2', 'PATH': '/home/v1/.local/bin:/opt/ros/jazzy/opt/gz_msgs_vendor/bin:/opt/ros/jazzy/opt/gz_tools_vendor/bin:/opt/ros/jazzy/opt/gz_ogre_next_vendor/bin:/opt/ros/jazzy/bin:/home/v1/miniconda3/condabin:/home/v1/.local/bin:/usr/local/sbin:/usr/local/bin:/usr/sbin:/usr/bin:/sbin:/bin:/usr/games:/usr/local/games:/snap/bin:/snap/bin', 'SESSION_MANAGER': 'local/v1-HP:@/tmp/.ICE-unix/2804,unix/v1-HP:/tmp/.ICE-unix/2804', 'XDG_MENU_PREFIX': 'gnome-', 'GNOME_TERMINAL_SCREEN': '/org/gnome/Terminal/screen/e1b9f660_fc67_4777_a564_ed89d225cadb', 'XDG_RUNTIME_DIR': '/run/user/1000', 'DISPLAY': ':1', 'LANG': 'en_US.UTF-8', 'XDG_CURRENT_DESKTOP': 'ubuntu:GNOME', 'RMW_IMPLEMENTATION': 'rmw_cyclonedds_cpp', 'XMODIFIERS': '@im=ibus', 'XDG_SESSION_DESKTOP': 'ubuntu', 'XAUTHORITY': '/run/user/1000/gdm/Xauthority', 'LS_COLORS': 'rs=0:di=01;34:ln=01;36:mh=00:pi=40;33:so=01;35:do=01;35:bd=40;33;01:cd=40;33;01:or=40;31;01:mi=00:su=37;41:sg=30;43:ca=00:tw=30;42:ow=34;42:st=37;44:ex=01;32:*.tar=01;31:*.tgz=01;31:*.arc=01;31:*.arj=01;31:*.taz=01;31:*.lha=01;31:*.lz4=01;31:*.lzh=01;31:*.lzma=01;31:*.tlz=01;31:*.txz=01;31:*.tzo=01;31:*.t7z=01;31:*.zip=01;31:*.z=01;31:*.dz=01;31:*.gz=01;31:*.lrz=01;31:*.lz=01;31:*.lzo=01;31:*.xz=01;31:*.zst=01;31:*.tzst=01;31:*.bz2=01;31:*.bz=01;31:*.tbz=01;31:*.tbz2=01;31:*.tz=01;31:*.deb=01;31:*.rpm=01;31:*.jar=01;31:*.war=01;31:*.ear=01;31:*.sar=01;31:*.rar=01;31:*.alz=01;31:*.ace=01;31:*.zoo=01;31:*.cpio=01;31:*.7z=01;31:*.rz=01;31:*.cab=01;31:*.wim=01;31:*.swm=01;31:*.dwm=01;31:*.esd=01;31:*.avif=01;35:*.jpg=01;35:*.jpeg=01;35:*.mjpg=01;35:*.mjpeg=01;35:*.gif=01;35:*.bmp=01;35:*.pbm=01;35:*.pgm=01;35:*.ppm=01;35:*.tga=01;35:*.xbm=01;35:*.xpm=01;35:*.tif=01;35:*.tiff=01;35:*.png=01;35:*.svg=01;35:*.svgz=01;35:*.mng=01;35:*.pcx=01;35:*.mov=01;35:*.mpg=01;35:*.mpeg=01;35:*.m2v=01;35:*.mkv=01;35:*.webm=01;35:*.webp=01;35:*.ogm=01;35:*.mp4=01;35:*.m4v=01;35:*.mp4v=01;35:*.vob=01;35:*.qt=01;35:*.nuv=01;35:*.wmv=01;35:*.asf=01;35:*.rm=01;35:*.rmvb=01;35:*.flc=01;35:*.avi=01;35:*.fli=01;35:*.flv=01;35:*.gl=01;35:*.dl=01;35:*.xcf=01;35:*.xwd=01;35:*.yuv=01;35:*.cgm=01;35:*.emf=01;35:*.ogv=01;35:*.ogx=01;35:*.aac=00;36:*.au=00;36:*.flac=00;36:*.m4a=00;36:*.mid=00;36:*.midi=00;36:*.mka=00;36:*.mp3=00;36:*.mpc=00;36:*.ogg=00;36:*.ra=00;36:*.wav=00;36:*.oga=00;36:*.opus=00;36:*.spx=00;36:*.xspf=00;36:*~=00;90:*#=00;90:*.bak=00;90:*.crdownload=00;90:*.dpkg-dist=00;90:*.dpkg-new=00;90:*.dpkg-old=00;90:*.dpkg-tmp=00;90:*.old=00;90:*.orig=00;90:*.part=00;90:*.rej=00;90:*.rpmnew=00;90:*.rpmorig=00;90:*.rpmsave=00;90:*.swp=00;90:*.tmp=00;90:*.ucf-dist=00;90:*.ucf-new=00;90:*.ucf-old=00;90:', 'GNOME_TERMINAL_SERVICE': ':1.616', 'SSH_AUTH_SOCK': '/run/user/1000/keyring/ssh', 'AMENT_PREFIX_PATH': '/home/v1/Desktop/Beizo/arm_ws/install/roarm_msgs:/home/v1/Desktop/Beizo/arm_ws/install/roarm_moveit_config:/home/v1/Desktop/Beizo/arm_ws/install/roarm_moveit_cmd:/home/v1/Desktop/Beizo/arm_ws/install/roarm_driver:/home/v1/Desktop/Beizo/arm_ws/install/roarm_description:/opt/ros/jazzy', 'CONDA_PYTHON_EXE': '/home/v1/miniconda3/bin/python', 'SHELL': '/bin/bash', 'QT_ACCESSIBILITY': '1', 'GDMSESSION': 'ubuntu', 'LESSCLOSE': '/usr/bin/lesspipe %s %s', 'CONDA_DEFAULT_ENV': '', 'GPG_AGENT_INFO': '/run/user/1000/gnupg/S.gpg-agent:0:1', '_CONDA_EXE': '/home/v1/miniconda3/bin/conda', 'ROS_AUTOMATIC_DISCOVERY_RANGE': 'SUBNET', 'QT_IM_MODULE': 'ibus', 'PWD': '/home/v1/Desktop/Beizo/arm_ws/build/roarm_msgs', 'LC_ALL': 'en_US.UTF-8', 'XDG_CONFIG_DIRS': '/etc/xdg/xdg-ubuntu:/etc/xdg', 'CONDA_EXE': '/home/v1/miniconda3/bin/conda', 'DBUS_STARTER_ADDRESS': 'unix:path=/run/user/1000/bus,guid=3ba906d04fd751587edc35ef69c00925', 'XDG_DATA_DIRS': '/usr/share/ubuntu:/usr/share/gnome:/usr/local/share/:/usr/share/:/var/lib/snapd/desktop', 'PYTHONPATH': '/home/v1/Desktop/Beizo/arm_ws/install/roarm_msgs/lib/python3.12/site-packages:/home/v1/Desktop/Beizo/arm_ws/install/roarm_moveit_cmd/lib/python3.12/site-packages:/home/v1/Desktop/Beizo/arm_ws/install/roarm_driver/lib/python3.12/site-packages:/home/v1/Desktop/Beizo/arm_ws/install/roarm_description/lib/python3.12/site-packages:/opt/ros/jazzy/lib/python3.12/site-packages', 'CONDA_PREFIX': '', 'COLCON': '1', 'MEMORY_PRESSURE_WRITE': 'c29tZSAyMDAwMDAgMjAwMDAwMAA=', 'VTE_VERSION': '7600', 'CMAKE_PREFIX_PATH': '/home/v1/Desktop/Beizo/arm_ws/install/roarm_msgs:/home/v1/Desktop/Beizo/arm_ws/install/roarm_moveit_config:/opt/ros/jazzy/opt/gz_sim_vendor:/opt/ros/jazzy/opt/gz_sensors_vendor:/opt/ros/jazzy/opt/gz_physics_vendor:/opt/ros/jazzy/opt/sdformat_vendor:/opt/ros/jazzy/opt/gz_gui_vendor:/opt/ros/jazzy/opt/gz_transport_vendor:/opt/ros/jazzy/opt/gz_rendering_vendor:/opt/ros/jazzy/opt/gz_plugin_vendor:/opt/ros/jazzy/opt/gz_fuel_tools_vendor:/opt/ros/jazzy/opt/gz_msgs_vendor:/opt/ros/jazzy/opt/gz_common_vendor:/opt/ros/jazzy/opt/gz_math_vendor:/opt/ros/jazzy/opt/gz_utils_vendor:/opt/ros/jazzy/opt/gz_tools_vendor:/opt/ros/jazzy/opt/gz_ogre_next_vendor:/opt/ros/jazzy/opt/gz_dartsim_vendor:/opt/ros/jazzy/opt/gz_cmake_vendor:/home/v1/Desktop/Beizo/arm_ws/install/roarm_moveit_cmd:/home/v1/Desktop/Beizo/arm_ws/install/roarm_driver:/home/v1/Desktop/Beizo/arm_ws/install/roarm_description:/opt/ros/jazzy'}), 'shell': False}
[0.301439] (-) TimerEvent: {}
[0.359395] (roarm_msgs) StdoutLine: {'line': b'-- The C compiler identification is GNU 13.3.0\n'}
[0.401531] (-) TimerEvent: {}
[0.424872] (roarm_msgs) StdoutLine: {'line': b'-- The CXX compiler identification is GNU 13.3.0\n'}
[0.447539] (roarm_msgs) StdoutLine: {'line': b'-- Detecting C compiler ABI info\n'}
[0.503088] (-) TimerEvent: {}
[0.576688] (roarm_msgs) StdoutLine: {'line': b'-- Detecting C compiler ABI info - done\n'}
[0.588136] (roarm_msgs) StdoutLine: {'line': b'-- Check for working C compiler: /usr/bin/cc - skipped\n'}
[0.588719] (roarm_msgs) StdoutLine: {'line': b'-- Detecting C compile features\n'}
[0.588960] (roarm_msgs) StdoutLine: {'line': b'-- Detecting C compile features - done\n'}
[0.597662] (roarm_msgs) StdoutLine: {'line': b'-- Detecting CXX compiler ABI info\n'}
[0.603199] (-) TimerEvent: {}
[0.697937] (roarm_msgs) StdoutLine: {'line': b'-- Detecting CXX compiler ABI info - done\n'}
[0.703314] (-) TimerEvent: {}
[0.713778] (roarm_msgs) StdoutLine: {'line': b'-- Check for working CXX compiler: /usr/bin/c++ - skipped\n'}
[0.714045] (roarm_msgs) StdoutLine: {'line': b'-- Detecting CXX compile features\n'}
[0.714643] (roarm_msgs) StdoutLine: {'line': b'-- Detecting CXX compile features - done\n'}
[0.720823] (roarm_msgs) StdoutLine: {'line': b'-- Found ament_cmake: 2.5.5 (/opt/ros/jazzy/share/ament_cmake/cmake)\n'}
[0.803409] (-) TimerEvent: {}
[0.896918] (roarm_msgs) StdoutLine: {'line': b'-- Found Python3: /usr/bin/python3 (found version "3.12.3") found components: Interpreter \n'}
[0.903502] (-) TimerEvent: {}
[1.003828] (-) TimerEvent: {}
[1.005905] (roarm_msgs) StdoutLine: {'line': b'-- Override CMake install command with custom implementation using symlinks instead of copying resources\n'}
[1.065972] (roarm_msgs) StdoutLine: {'line': b'-- Found rosidl_default_generators: 1.6.0 (/opt/ros/jazzy/share/rosidl_default_generators/cmake)\n'}
[1.076504] (roarm_msgs) StdoutLine: {'line': b'-- Using all available rosidl_typesupport_c: rosidl_typesupport_fastrtps_c;rosidl_typesupport_introspection_c\n'}
[1.103922] (-) TimerEvent: {}
[1.155956] (roarm_msgs) StdoutLine: {'line': b'-- Using all available rosidl_typesupport_cpp: rosidl_typesupport_fastrtps_cpp;rosidl_typesupport_introspection_cpp\n'}
[1.204017] (-) TimerEvent: {}
[1.222598] (roarm_msgs) StdoutLine: {'line': b'-- Found rosidl_adapter: 4.6.7 (/opt/ros/jazzy/share/rosidl_adapter/cmake)\n'}
[1.227941] (roarm_msgs) StdoutLine: {'line': b'-- Found ament_lint_auto: 0.17.4 (/opt/ros/jazzy/share/ament_lint_auto/cmake)\n'}
[1.304105] (-) TimerEvent: {}
[1.404395] (-) TimerEvent: {}
[1.504693] (-) TimerEvent: {}
[1.605025] (-) TimerEvent: {}
[1.641125] (roarm_driver) Command: {'cmd': ['/usr/bin/python3', '-W', 'ignore:setup.py install is deprecated', '-W', 'ignore:easy_install command is deprecated', 'setup.py', 'develop', '--editable', '--build-directory', '/home/v1/Desktop/Beizo/arm_ws/build/roarm_driver/build', '--no-deps', 'symlink_data'], 'cwd': '/home/v1/Desktop/Beizo/arm_ws/build/roarm_driver', 'env': {'LESSOPEN': '| /usr/bin/lesspipe %s', 'CONDA_PROMPT_MODIFIER': '', 'USER': 'v1', 'GZ_CONFIG_PATH': '/opt/ros/jazzy/opt/gz_sim_vendor/share/gz:/opt/ros/jazzy/opt/sdformat_vendor/share/gz:/opt/ros/jazzy/opt/gz_gui_vendor/share/gz:/opt/ros/jazzy/opt/gz_transport_vendor/share/gz:/opt/ros/jazzy/opt/gz_rendering_vendor/share/gz:/opt/ros/jazzy/opt/gz_plugin_vendor/share/gz:/opt/ros/jazzy/opt/gz_fuel_tools_vendor/share/gz:/opt/ros/jazzy/opt/gz_msgs_vendor/share/gz:/opt/ros/jazzy/opt/gz_common_vendor/share/gz', 'XDG_SESSION_TYPE': 'x11', 'SHLVL': '1', 'LD_LIBRARY_PATH': '/home/v1/Desktop/Beizo/arm_ws/install/roarm_msgs/lib:/opt/ros/jazzy/opt/gz_sim_vendor/lib:/opt/ros/jazzy/opt/gz_sensors_vendor/lib:/opt/ros/jazzy/opt/gz_physics_vendor/lib:/opt/ros/jazzy/opt/sdformat_vendor/lib:/opt/ros/jazzy/opt/rviz_ogre_vendor/lib:/opt/ros/jazzy/lib/x86_64-linux-gnu:/opt/ros/jazzy/opt/gz_gui_vendor/lib:/opt/ros/jazzy/opt/gz_transport_vendor/lib:/opt/ros/jazzy/opt/gz_rendering_vendor/lib:/opt/ros/jazzy/opt/gz_plugin_vendor/lib:/opt/ros/jazzy/opt/gz_fuel_tools_vendor/lib:/opt/ros/jazzy/opt/gz_msgs_vendor/lib:/opt/ros/jazzy/opt/gz_common_vendor/lib:/opt/ros/jazzy/opt/gz_math_vendor/lib:/opt/ros/jazzy/opt/gz_utils_vendor/lib:/opt/ros/jazzy/opt/gz_tools_vendor/lib:/opt/ros/jazzy/opt/gz_ogre_next_vendor/lib:/opt/ros/jazzy/opt/gz_dartsim_vendor/lib:/opt/ros/jazzy/opt/gz_cmake_vendor/lib:/opt/ros/jazzy/lib', 'HOME': '/home/v1', 'CONDA_SHLVL': '0', 'OLDPWD': '/home/v1/Desktop/Beizo/arm_ws', 'DESKTOP_SESSION': 'ubuntu', 'ROS_PYTHON_VERSION': '3', 'GNOME_SHELL_SESSION_MODE': 'ubuntu', 'GTK_MODULES': 'gail:atk-bridge', 'DBUS_STARTER_BUS_TYPE': 'session', 'SYSTEMD_EXEC_PID': '2804', 'GSM_SKIP_SSH_AGENT_WORKAROUND': 'true', 'DBUS_SESSION_BUS_ADDRESS': 'unix:path=/run/user/1000/bus,guid=3ba906d04fd751587edc35ef69c00925', 'COLORTERM': 'truecolor', '_CE_M': '', '_CONDA_ROOT': '/home/v1/miniconda3', 'DEBUGINFOD_URLS': 'https://debuginfod.ubuntu.com', 'COLCON_PREFIX_PATH': '/home/v1/Desktop/Beizo/arm_ws/install', 'ROS_DISTRO': 'jazzy', 'LOGNAME': 'v1', '_': '/usr/bin/colcon', 'ROS_VERSION': '2', 'MEMORY_PRESSURE_WATCH': '/sys/fs/cgroup/user.slice/user-1000.slice/user@1000.service/app.slice/app-gnome\\x2dsession\\x2dmanager.slice/gnome-session-manager@ubuntu.service/memory.pressure', 'XDG_SESSION_CLASS': 'user', 'USERNAME': 'v1', 'TERM': 'xterm-256color', 'GNOME_DESKTOP_SESSION_ID': 'this-is-deprecated', '_CE_CONDA': '', 'WINDOWPATH': '2', 'PATH': '/home/v1/.local/bin:/opt/ros/jazzy/opt/gz_msgs_vendor/bin:/opt/ros/jazzy/opt/gz_tools_vendor/bin:/opt/ros/jazzy/opt/gz_ogre_next_vendor/bin:/opt/ros/jazzy/bin:/home/v1/miniconda3/condabin:/home/v1/.local/bin:/usr/local/sbin:/usr/local/bin:/usr/sbin:/usr/bin:/sbin:/bin:/usr/games:/usr/local/games:/snap/bin:/snap/bin', 'SESSION_MANAGER': 'local/v1-HP:@/tmp/.ICE-unix/2804,unix/v1-HP:/tmp/.ICE-unix/2804', 'XDG_MENU_PREFIX': 'gnome-', 'GNOME_TERMINAL_SCREEN': '/org/gnome/Terminal/screen/e1b9f660_fc67_4777_a564_ed89d225cadb', 'XDG_RUNTIME_DIR': '/run/user/1000', 'DISPLAY': ':1', 'LANG': 'en_US.UTF-8', 'XDG_CURRENT_DESKTOP': 'ubuntu:GNOME', 'RMW_IMPLEMENTATION': 'rmw_cyclonedds_cpp', 'XMODIFIERS': '@im=ibus', 'XDG_SESSION_DESKTOP': 'ubuntu', 'XAUTHORITY': '/run/user/1000/gdm/Xauthority', 'LS_COLORS': 'rs=0:di=01;34:ln=01;36:mh=00:pi=40;33:so=01;35:do=01;35:bd=40;33;01:cd=40;33;01:or=40;31;01:mi=00:su=37;41:sg=30;43:ca=00:tw=30;42:ow=34;42:st=37;44:ex=01;32:*.tar=01;31:*.tgz=01;31:*.arc=01;31:*.arj=01;31:*.taz=01;31:*.lha=01;31:*.lz4=01;31:*.lzh=01;31:*.lzma=01;31:*.tlz=01;31:*.txz=01;31:*.tzo=01;31:*.t7z=01;31:*.zip=01;31:*.z=01;31:*.dz=01;31:*.gz=01;31:*.lrz=01;31:*.lz=01;31:*.lzo=01;31:*.xz=01;31:*.zst=01;31:*.tzst=01;31:*.bz2=01;31:*.bz=01;31:*.tbz=01;31:*.tbz2=01;31:*.tz=01;31:*.deb=01;31:*.rpm=01;31:*.jar=01;31:*.war=01;31:*.ear=01;31:*.sar=01;31:*.rar=01;31:*.alz=01;31:*.ace=01;31:*.zoo=01;31:*.cpio=01;31:*.7z=01;31:*.rz=01;31:*.cab=01;31:*.wim=01;31:*.swm=01;31:*.dwm=01;31:*.esd=01;31:*.avif=01;35:*.jpg=01;35:*.jpeg=01;35:*.mjpg=01;35:*.mjpeg=01;35:*.gif=01;35:*.bmp=01;35:*.pbm=01;35:*.pgm=01;35:*.ppm=01;35:*.tga=01;35:*.xbm=01;35:*.xpm=01;35:*.tif=01;35:*.tiff=01;35:*.png=01;35:*.svg=01;35:*.svgz=01;35:*.mng=01;35:*.pcx=01;35:*.mov=01;35:*.mpg=01;35:*.mpeg=01;35:*.m2v=01;35:*.mkv=01;35:*.webm=01;35:*.webp=01;35:*.ogm=01;35:*.mp4=01;35:*.m4v=01;35:*.mp4v=01;35:*.vob=01;35:*.qt=01;35:*.nuv=01;35:*.wmv=01;35:*.asf=01;35:*.rm=01;35:*.rmvb=01;35:*.flc=01;35:*.avi=01;35:*.fli=01;35:*.flv=01;35:*.gl=01;35:*.dl=01;35:*.xcf=01;35:*.xwd=01;35:*.yuv=01;35:*.cgm=01;35:*.emf=01;35:*.ogv=01;35:*.ogx=01;35:*.aac=00;36:*.au=00;36:*.flac=00;36:*.m4a=00;36:*.mid=00;36:*.midi=00;36:*.mka=00;36:*.mp3=00;36:*.mpc=00;36:*.ogg=00;36:*.ra=00;36:*.wav=00;36:*.oga=00;36:*.opus=00;36:*.spx=00;36:*.xspf=00;36:*~=00;90:*#=00;90:*.bak=00;90:*.crdownload=00;90:*.dpkg-dist=00;90:*.dpkg-new=00;90:*.dpkg-old=00;90:*.dpkg-tmp=00;90:*.old=00;90:*.orig=00;90:*.part=00;90:*.rej=00;90:*.rpmnew=00;90:*.rpmorig=00;90:*.rpmsave=00;90:*.swp=00;90:*.tmp=00;90:*.ucf-dist=00;90:*.ucf-new=00;90:*.ucf-old=00;90:', 'GNOME_TERMINAL_SERVICE': ':1.616', 'SSH_AUTH_SOCK': '/run/user/1000/keyring/ssh', 'AMENT_PREFIX_PATH': '/home/v1/Desktop/Beizo/arm_ws/install/roarm_msgs:/home/v1/Desktop/Beizo/arm_ws/install/roarm_moveit_config:/home/v1/Desktop/Beizo/arm_ws/install/roarm_moveit_cmd:/home/v1/Desktop/Beizo/arm_ws/install/roarm_driver:/home/v1/Desktop/Beizo/arm_ws/install/roarm_description:/opt/ros/jazzy', 'CONDA_PYTHON_EXE': '/home/v1/miniconda3/bin/python', 'SHELL': '/bin/bash', 'QT_ACCESSIBILITY': '1', 'GDMSESSION': 'ubuntu', 'LESSCLOSE': '/usr/bin/lesspipe %s %s', 'CONDA_DEFAULT_ENV': '', 'GPG_AGENT_INFO': '/run/user/1000/gnupg/S.gpg-agent:0:1', '_CONDA_EXE': '/home/v1/miniconda3/bin/conda', 'ROS_AUTOMATIC_DISCOVERY_RANGE': 'SUBNET', 'QT_IM_MODULE': 'ibus', 'PWD': '/home/v1/Desktop/Beizo/arm_ws/build/roarm_driver', 'LC_ALL': 'en_US.UTF-8', 'XDG_CONFIG_DIRS': '/etc/xdg/xdg-ubuntu:/etc/xdg', 'CONDA_EXE': '/home/v1/miniconda3/bin/conda', 'DBUS_STARTER_ADDRESS': 'unix:path=/run/user/1000/bus,guid=3ba906d04fd751587edc35ef69c00925', 'XDG_DATA_DIRS': '/usr/share/ubuntu:/usr/share/gnome:/usr/local/share/:/usr/share/:/var/lib/snapd/desktop', 'PYTHONPATH': '/home/v1/Desktop/Beizo/arm_ws/build/roarm_driver/prefix_override:/usr/lib/python3/dist-packages/colcon_core/task/python/colcon_distutils_commands:/home/v1/Desktop/Beizo/arm_ws/install/roarm_driver/lib/python3.12/site-packages:/home/v1/Desktop/Beizo/arm_ws/install/roarm_msgs/lib/python3.12/site-packages:/home/v1/Desktop/Beizo/arm_ws/install/roarm_moveit_cmd/lib/python3.12/site-packages:/home/v1/Desktop/Beizo/arm_ws/install/roarm_driver/lib/python3.12/site-packages:/home/v1/Desktop/Beizo/arm_ws/install/roarm_description/lib/python3.12/site-packages:/opt/ros/jazzy/lib/python3.12/site-packages', 'CONDA_PREFIX': '', 'COLCON': '1', 'MEMORY_PRESSURE_WRITE': 'c29tZSAyMDAwMDAgMjAwMDAwMAA=', 'VTE_VERSION': '7600', 'CMAKE_PREFIX_PATH': '/home/v1/Desktop/Beizo/arm_ws/install/roarm_msgs:/home/v1/Desktop/Beizo/arm_ws/install/roarm_moveit_config:/opt/ros/jazzy/opt/gz_sim_vendor:/opt/ros/jazzy/opt/gz_sensors_vendor:/opt/ros/jazzy/opt/gz_physics_vendor:/opt/ros/jazzy/opt/sdformat_vendor:/opt/ros/jazzy/opt/gz_gui_vendor:/opt/ros/jazzy/opt/gz_transport_vendor:/opt/ros/jazzy/opt/gz_rendering_vendor:/opt/ros/jazzy/opt/gz_plugin_vendor:/opt/ros/jazzy/opt/gz_fuel_tools_vendor:/opt/ros/jazzy/opt/gz_msgs_vendor:/opt/ros/jazzy/opt/gz_common_vendor:/opt/ros/jazzy/opt/gz_math_vendor:/opt/ros/jazzy/opt/gz_utils_vendor:/opt/ros/jazzy/opt/gz_tools_vendor:/opt/ros/jazzy/opt/gz_ogre_next_vendor:/opt/ros/jazzy/opt/gz_dartsim_vendor:/opt/ros/jazzy/opt/gz_cmake_vendor'}, 'shell': False}
[1.682959] (roarm_description) Command: {'cmd': ['/usr/bin/python3', '-W', 'ignore:setup.py install is deprecated', '-W', 'ignore:easy_install command is deprecated', 'setup.py', 'develop', '--editable', '--build-directory', '/home/v1/Desktop/Beizo/arm_ws/build/roarm_description/build', '--no-deps', 'symlink_data'], 'cwd': '/home/v1/Desktop/Beizo/arm_ws/build/roarm_description', 'env': {'LESSOPEN': '| /usr/bin/lesspipe %s', 'CONDA_PROMPT_MODIFIER': '', 'USER': 'v1', 'GZ_CONFIG_PATH': '/opt/ros/jazzy/opt/gz_sim_vendor/share/gz:/opt/ros/jazzy/opt/sdformat_vendor/share/gz:/opt/ros/jazzy/opt/gz_gui_vendor/share/gz:/opt/ros/jazzy/opt/gz_transport_vendor/share/gz:/opt/ros/jazzy/opt/gz_rendering_vendor/share/gz:/opt/ros/jazzy/opt/gz_plugin_vendor/share/gz:/opt/ros/jazzy/opt/gz_fuel_tools_vendor/share/gz:/opt/ros/jazzy/opt/gz_msgs_vendor/share/gz:/opt/ros/jazzy/opt/gz_common_vendor/share/gz', 'XDG_SESSION_TYPE': 'x11', 'SHLVL': '1', 'LD_LIBRARY_PATH': '/home/v1/Desktop/Beizo/arm_ws/install/roarm_msgs/lib:/opt/ros/jazzy/opt/gz_sim_vendor/lib:/opt/ros/jazzy/opt/gz_sensors_vendor/lib:/opt/ros/jazzy/opt/gz_physics_vendor/lib:/opt/ros/jazzy/opt/sdformat_vendor/lib:/opt/ros/jazzy/opt/rviz_ogre_vendor/lib:/opt/ros/jazzy/lib/x86_64-linux-gnu:/opt/ros/jazzy/opt/gz_gui_vendor/lib:/opt/ros/jazzy/opt/gz_transport_vendor/lib:/opt/ros/jazzy/opt/gz_rendering_vendor/lib:/opt/ros/jazzy/opt/gz_plugin_vendor/lib:/opt/ros/jazzy/opt/gz_fuel_tools_vendor/lib:/opt/ros/jazzy/opt/gz_msgs_vendor/lib:/opt/ros/jazzy/opt/gz_common_vendor/lib:/opt/ros/jazzy/opt/gz_math_vendor/lib:/opt/ros/jazzy/opt/gz_utils_vendor/lib:/opt/ros/jazzy/opt/gz_tools_vendor/lib:/opt/ros/jazzy/opt/gz_ogre_next_vendor/lib:/opt/ros/jazzy/opt/gz_dartsim_vendor/lib:/opt/ros/jazzy/opt/gz_cmake_vendor/lib:/opt/ros/jazzy/lib', 'HOME': '/home/v1', 'CONDA_SHLVL': '0', 'OLDPWD': '/home/v1/Desktop/Beizo/arm_ws', 'DESKTOP_SESSION': 'ubuntu', 'ROS_PYTHON_VERSION': '3', 'GNOME_SHELL_SESSION_MODE': 'ubuntu', 'GTK_MODULES': 'gail:atk-bridge', 'DBUS_STARTER_BUS_TYPE': 'session', 'SYSTEMD_EXEC_PID': '2804', 'GSM_SKIP_SSH_AGENT_WORKAROUND': 'true', 'DBUS_SESSION_BUS_ADDRESS': 'unix:path=/run/user/1000/bus,guid=3ba906d04fd751587edc35ef69c00925', 'COLORTERM': 'truecolor', '_CE_M': '', '_CONDA_ROOT': '/home/v1/miniconda3', 'DEBUGINFOD_URLS': 'https://debuginfod.ubuntu.com', 'COLCON_PREFIX_PATH': '/home/v1/Desktop/Beizo/arm_ws/install', 'ROS_DISTRO': 'jazzy', 'LOGNAME': 'v1', '_': '/usr/bin/colcon', 'ROS_VERSION': '2', 'MEMORY_PRESSURE_WATCH': '/sys/fs/cgroup/user.slice/user-1000.slice/user@1000.service/app.slice/app-gnome\\x2dsession\\x2dmanager.slice/gnome-session-manager@ubuntu.service/memory.pressure', 'XDG_SESSION_CLASS': 'user', 'USERNAME': 'v1', 'TERM': 'xterm-256color', 'GNOME_DESKTOP_SESSION_ID': 'this-is-deprecated', '_CE_CONDA': '', 'WINDOWPATH': '2', 'PATH': '/home/v1/.local/bin:/opt/ros/jazzy/opt/gz_msgs_vendor/bin:/opt/ros/jazzy/opt/gz_tools_vendor/bin:/opt/ros/jazzy/opt/gz_ogre_next_vendor/bin:/opt/ros/jazzy/bin:/home/v1/miniconda3/condabin:/home/v1/.local/bin:/usr/local/sbin:/usr/local/bin:/usr/sbin:/usr/bin:/sbin:/bin:/usr/games:/usr/local/games:/snap/bin:/snap/bin', 'SESSION_MANAGER': 'local/v1-HP:@/tmp/.ICE-unix/2804,unix/v1-HP:/tmp/.ICE-unix/2804', 'XDG_MENU_PREFIX': 'gnome-', 'GNOME_TERMINAL_SCREEN': '/org/gnome/Terminal/screen/e1b9f660_fc67_4777_a564_ed89d225cadb', 'XDG_RUNTIME_DIR': '/run/user/1000', 'DISPLAY': ':1', 'LANG': 'en_US.UTF-8', 'XDG_CURRENT_DESKTOP': 'ubuntu:GNOME', 'RMW_IMPLEMENTATION': 'rmw_cyclonedds_cpp', 'XMODIFIERS': '@im=ibus', 'XDG_SESSION_DESKTOP': 'ubuntu', 'XAUTHORITY': '/run/user/1000/gdm/Xauthority', 'LS_COLORS': 'rs=0:di=01;34:ln=01;36:mh=00:pi=40;33:so=01;35:do=01;35:bd=40;33;01:cd=40;33;01:or=40;31;01:mi=00:su=37;41:sg=30;43:ca=00:tw=30;42:ow=34;42:st=37;44:ex=01;32:*.tar=01;31:*.tgz=01;31:*.arc=01;31:*.arj=01;31:*.taz=01;31:*.lha=01;31:*.lz4=01;31:*.lzh=01;31:*.lzma=01;31:*.tlz=01;31:*.txz=01;31:*.tzo=01;31:*.t7z=01;31:*.zip=01;31:*.z=01;31:*.dz=01;31:*.gz=01;31:*.lrz=01;31:*.lz=01;31:*.lzo=01;31:*.xz=01;31:*.zst=01;31:*.tzst=01;31:*.bz2=01;31:*.bz=01;31:*.tbz=01;31:*.tbz2=01;31:*.tz=01;31:*.deb=01;31:*.rpm=01;31:*.jar=01;31:*.war=01;31:*.ear=01;31:*.sar=01;31:*.rar=01;31:*.alz=01;31:*.ace=01;31:*.zoo=01;31:*.cpio=01;31:*.7z=01;31:*.rz=01;31:*.cab=01;31:*.wim=01;31:*.swm=01;31:*.dwm=01;31:*.esd=01;31:*.avif=01;35:*.jpg=01;35:*.jpeg=01;35:*.mjpg=01;35:*.mjpeg=01;35:*.gif=01;35:*.bmp=01;35:*.pbm=01;35:*.pgm=01;35:*.ppm=01;35:*.tga=01;35:*.xbm=01;35:*.xpm=01;35:*.tif=01;35:*.tiff=01;35:*.png=01;35:*.svg=01;35:*.svgz=01;35:*.mng=01;35:*.pcx=01;35:*.mov=01;35:*.mpg=01;35:*.mpeg=01;35:*.m2v=01;35:*.mkv=01;35:*.webm=01;35:*.webp=01;35:*.ogm=01;35:*.mp4=01;35:*.m4v=01;35:*.mp4v=01;35:*.vob=01;35:*.qt=01;35:*.nuv=01;35:*.wmv=01;35:*.asf=01;35:*.rm=01;35:*.rmvb=01;35:*.flc=01;35:*.avi=01;35:*.fli=01;35:*.flv=01;35:*.gl=01;35:*.dl=01;35:*.xcf=01;35:*.xwd=01;35:*.yuv=01;35:*.cgm=01;35:*.emf=01;35:*.ogv=01;35:*.ogx=01;35:*.aac=00;36:*.au=00;36:*.flac=00;36:*.m4a=00;36:*.mid=00;36:*.midi=00;36:*.mka=00;36:*.mp3=00;36:*.mpc=00;36:*.ogg=00;36:*.ra=00;36:*.wav=00;36:*.oga=00;36:*.opus=00;36:*.spx=00;36:*.xspf=00;36:*~=00;90:*#=00;90:*.bak=00;90:*.crdownload=00;90:*.dpkg-dist=00;90:*.dpkg-new=00;90:*.dpkg-old=00;90:*.dpkg-tmp=00;90:*.old=00;90:*.orig=00;90:*.part=00;90:*.rej=00;90:*.rpmnew=00;90:*.rpmorig=00;90:*.rpmsave=00;90:*.swp=00;90:*.tmp=00;90:*.ucf-dist=00;90:*.ucf-new=00;90:*.ucf-old=00;90:', 'GNOME_TERMINAL_SERVICE': ':1.616', 'SSH_AUTH_SOCK': '/run/user/1000/keyring/ssh', 'AMENT_PREFIX_PATH': '/home/v1/Desktop/Beizo/arm_ws/install/roarm_msgs:/home/v1/Desktop/Beizo/arm_ws/install/roarm_moveit_config:/home/v1/Desktop/Beizo/arm_ws/install/roarm_moveit_cmd:/home/v1/Desktop/Beizo/arm_ws/install/roarm_driver:/home/v1/Desktop/Beizo/arm_ws/install/roarm_description:/opt/ros/jazzy', 'CONDA_PYTHON_EXE': '/home/v1/miniconda3/bin/python', 'SHELL': '/bin/bash', 'QT_ACCESSIBILITY': '1', 'GDMSESSION': 'ubuntu', 'LESSCLOSE': '/usr/bin/lesspipe %s %s', 'CONDA_DEFAULT_ENV': '', 'GPG_AGENT_INFO': '/run/user/1000/gnupg/S.gpg-agent:0:1', '_CONDA_EXE': '/home/v1/miniconda3/bin/conda', 'ROS_AUTOMATIC_DISCOVERY_RANGE': 'SUBNET', 'QT_IM_MODULE': 'ibus', 'PWD': '/home/v1/Desktop/Beizo/arm_ws/build/roarm_description', 'LC_ALL': 'en_US.UTF-8', 'XDG_CONFIG_DIRS': '/etc/xdg/xdg-ubuntu:/etc/xdg', 'CONDA_EXE': '/home/v1/miniconda3/bin/conda', 'DBUS_STARTER_ADDRESS': 'unix:path=/run/user/1000/bus,guid=3ba906d04fd751587edc35ef69c00925', 'XDG_DATA_DIRS': '/usr/share/ubuntu:/usr/share/gnome:/usr/local/share/:/usr/share/:/var/lib/snapd/desktop', 'PYTHONPATH': '/home/v1/Desktop/Beizo/arm_ws/build/roarm_description/prefix_override:/usr/lib/python3/dist-packages/colcon_core/task/python/colcon_distutils_commands:/home/v1/Desktop/Beizo/arm_ws/install/roarm_description/lib/python3.12/site-packages:/home/v1/Desktop/Beizo/arm_ws/install/roarm_msgs/lib/python3.12/site-packages:/home/v1/Desktop/Beizo/arm_ws/install/roarm_moveit_cmd/lib/python3.12/site-packages:/home/v1/Desktop/Beizo/arm_ws/install/roarm_driver/lib/python3.12/site-packages:/home/v1/Desktop/Beizo/arm_ws/install/roarm_description/lib/python3.12/site-packages:/opt/ros/jazzy/lib/python3.12/site-packages', 'CONDA_PREFIX': '', 'COLCON': '1', 'MEMORY_PRESSURE_WRITE': 'c29tZSAyMDAwMDAgMjAwMDAwMAA=', 'VTE_VERSION': '7600', 'CMAKE_PREFIX_PATH': '/home/v1/Desktop/Beizo/arm_ws/install/roarm_msgs:/home/v1/Desktop/Beizo/arm_ws/install/roarm_moveit_config:/opt/ros/jazzy/opt/gz_sim_vendor:/opt/ros/jazzy/opt/gz_sensors_vendor:/opt/ros/jazzy/opt/gz_physics_vendor:/opt/ros/jazzy/opt/sdformat_vendor:/opt/ros/jazzy/opt/gz_gui_vendor:/opt/ros/jazzy/opt/gz_transport_vendor:/opt/ros/jazzy/opt/gz_rendering_vendor:/opt/ros/jazzy/opt/gz_plugin_vendor:/opt/ros/jazzy/opt/gz_fuel_tools_vendor:/opt/ros/jazzy/opt/gz_msgs_vendor:/opt/ros/jazzy/opt/gz_common_vendor:/opt/ros/jazzy/opt/gz_math_vendor:/opt/ros/jazzy/opt/gz_utils_vendor:/opt/ros/jazzy/opt/gz_tools_vendor:/opt/ros/jazzy/opt/gz_ogre_next_vendor:/opt/ros/jazzy/opt/gz_dartsim_vendor:/opt/ros/jazzy/opt/gz_cmake_vendor'}, 'shell': False}
[1.705154] (-) TimerEvent: {}
[1.805636] (-) TimerEvent: {}
[1.906146] (-) TimerEvent: {}
[2.006547] (-) TimerEvent: {}
[2.106952] (-) TimerEvent: {}
[2.207399] (-) TimerEvent: {}
[2.307815] (-) TimerEvent: {}
[2.365525] (roarm_msgs) StdoutLine: {'line': b'-- Found ament_cmake_ros: 0.12.0 (/opt/ros/jazzy/share/ament_cmake_ros/cmake)\n'}
[2.407929] (-) TimerEvent: {}
[2.508417] (-) TimerEvent: {}
[2.608835] (-) TimerEvent: {}
[2.709231] (-) TimerEvent: {}
[2.729057] (roarm_driver) StdoutLine: {'line': b'running develop\n'}
[2.757880] (roarm_description) StdoutLine: {'line': b'running develop\n'}
[2.809348] (-) TimerEvent: {}
[2.909854] (-) TimerEvent: {}
[3.010303] (-) TimerEvent: {}
[3.110739] (-) TimerEvent: {}
[3.199192] (roarm_msgs) StdoutLine: {'line': b'-- Using all available rosidl_typesupport_c: rosidl_typesupport_fastrtps_c;rosidl_typesupport_introspection_c\n'}
[3.210820] (-) TimerEvent: {}
[3.243262] (roarm_driver) StdoutLine: {'line': b'running egg_info\n'}
[3.243443] (roarm_driver) StdoutLine: {'line': b'creating roarm_driver.egg-info\n'}
[3.253717] (roarm_description) StdoutLine: {'line': b'running egg_info\n'}
[3.253982] (roarm_description) StdoutLine: {'line': b'creating roarm_description.egg-info\n'}
[3.278180] (roarm_driver) StdoutLine: {'line': b'writing roarm_driver.egg-info/PKG-INFO\n'}
[3.278791] (roarm_driver) StdoutLine: {'line': b'writing dependency_links to roarm_driver.egg-info/dependency_links.txt\n'}
[3.279751] (roarm_driver) StdoutLine: {'line': b'writing entry points to roarm_driver.egg-info/entry_points.txt\n'}
[3.279946] (roarm_driver) StdoutLine: {'line': b'writing requirements to roarm_driver.egg-info/requires.txt\n'}
[3.280117] (roarm_driver) StdoutLine: {'line': b'writing top-level names to roarm_driver.egg-info/top_level.txt\n'}
[3.280275] (roarm_driver) StdoutLine: {'line': b"writing manifest file 'roarm_driver.egg-info/SOURCES.txt'\n"}
[3.291433] (roarm_description) StdoutLine: {'line': b'writing roarm_description.egg-info/PKG-INFO\n'}
[3.291758] (roarm_description) StdoutLine: {'line': b'writing dependency_links to roarm_description.egg-info/dependency_links.txt\n'}
[3.292030] (roarm_description) StdoutLine: {'line': b'writing requirements to roarm_description.egg-info/requires.txt\n'}
[3.292285] (roarm_description) StdoutLine: {'line': b'writing top-level names to roarm_description.egg-info/top_level.txt\n'}
[3.292470] (roarm_description) StdoutLine: {'line': b"writing manifest file 'roarm_description.egg-info/SOURCES.txt'\n"}
[3.310905] (-) TimerEvent: {}
[3.355461] (roarm_driver) StdoutLine: {'line': b"reading manifest file 'roarm_driver.egg-info/SOURCES.txt'\n"}
[3.356248] (roarm_driver) StdoutLine: {'line': b"writing manifest file 'roarm_driver.egg-info/SOURCES.txt'\n"}
[3.369103] (roarm_description) StdoutLine: {'line': b"reading manifest file 'roarm_description.egg-info/SOURCES.txt'\n"}
[3.370122] (roarm_description) StdoutLine: {'line': b"writing manifest file 'roarm_description.egg-info/SOURCES.txt'\n"}
[3.396636] (roarm_driver) StdoutLine: {'line': b'running build_ext\n'}
[3.397430] (roarm_driver) StdoutLine: {'line': b'Creating /home/v1/Desktop/Beizo/arm_ws/install/roarm_driver/lib/python3.12/site-packages/roarm-driver.egg-link (link to .)\n'}
[3.398155] (roarm_driver) StdoutLine: {'line': b'Installing roarm_driver script to /home/v1/Desktop/Beizo/arm_ws/install/roarm_driver/lib/roarm_driver\n'}
[3.398375] (roarm_driver) StdoutLine: {'line': b'\n'}
[3.398572] (roarm_driver) StdoutLine: {'line': b'Installed /home/v1/Desktop/Beizo/arm_ws/build/roarm_driver\n'}
[3.398833] (roarm_driver) StdoutLine: {'line': b'running symlink_data\n'}
[3.399147] (roarm_driver) StdoutLine: {'line': b'creating /home/v1/Desktop/Beizo/arm_ws/install/roarm_driver/share/ament_index\n'}
[3.399314] (roarm_driver) StdoutLine: {'line': b'creating /home/v1/Desktop/Beizo/arm_ws/install/roarm_driver/share/ament_index/resource_index\n'}
[3.399476] (roarm_driver) StdoutLine: {'line': b'creating /home/v1/Desktop/Beizo/arm_ws/install/roarm_driver/share/ament_index/resource_index/packages\n'}
[3.399644] (roarm_driver) StdoutLine: {'line': b'symbolically linking /home/v1/Desktop/Beizo/arm_ws/build/roarm_driver/resource/roarm_driver -> /home/v1/Desktop/Beizo/arm_ws/install/roarm_driver/share/ament_index/resource_index/packages\n'}
[3.399795] (roarm_driver) StdoutLine: {'line': b'symbolically linking /home/v1/Desktop/Beizo/arm_ws/build/roarm_driver/package.xml -> /home/v1/Desktop/Beizo/arm_ws/install/roarm_driver/share/roarm_driver\n'}
[3.411012] (-) TimerEvent: {}
[3.422292] (roarm_description) StdoutLine: {'line': b'running build_ext\n'}
[3.422645] (roarm_description) StdoutLine: {'line': b'Creating /home/v1/Desktop/Beizo/arm_ws/install/roarm_description/lib/python3.12/site-packages/roarm-description.egg-link (link to .)\n'}
[3.423515] (roarm_description) StdoutLine: {'line': b'\n'}
[3.425047] (roarm_description) StdoutLine: {'line': b'Installed /home/v1/Desktop/Beizo/arm_ws/build/roarm_description\n'}
[3.425289] (roarm_description) StdoutLine: {'line': b'running symlink_data\n'}
[3.425505] (roarm_description) StdoutLine: {'line': b'creating /home/v1/Desktop/Beizo/arm_ws/install/roarm_description/share/ament_index\n'}
[3.425739] (roarm_description) StdoutLine: {'line': b'creating /home/v1/Desktop/Beizo/arm_ws/install/roarm_description/share/ament_index/resource_index\n'}
[3.425957] (roarm_description) StdoutLine: {'line': b'creating /home/v1/Desktop/Beizo/arm_ws/install/roarm_description/share/ament_index/resource_index/packages\n'}
[3.426151] (roarm_description) StdoutLine: {'line': b'symbolically linking /home/v1/Desktop/Beizo/arm_ws/build/roarm_description/resource/roarm_description -> /home/v1/Desktop/Beizo/arm_ws/install/roarm_description/share/ament_index/resource_index/packages\n'}
[3.426353] (roarm_description) StdoutLine: {'line': b'symbolically linking /home/v1/Desktop/Beizo/arm_ws/build/roarm_description/package.xml -> /home/v1/Desktop/Beizo/arm_ws/install/roarm_description/share/roarm_description\n'}
[3.426583] (roarm_description) StdoutLine: {'line': b'creating /home/v1/Desktop/Beizo/arm_ws/install/roarm_description/share/roarm_description/launch\n'}
[3.426791] (roarm_description) StdoutLine: {'line': b'symbolically linking /home/v1/Desktop/Beizo/arm_ws/build/roarm_description/launch/display.launch.py -> /home/v1/Desktop/Beizo/arm_ws/install/roarm_description/share/roarm_description/launch\n'}
[3.426988] (roarm_description) StdoutLine: {'line': b'creating /home/v1/Desktop/Beizo/arm_ws/install/roarm_description/share/roarm_description/urdf\n'}
[3.427177] (roarm_description) StdoutLine: {'line': b'symbolically linking /home/v1/Desktop/Beizo/arm_ws/build/roarm_description/urdf/roarm_m3_moveit.xacro -> /home/v1/Desktop/Beizo/arm_ws/install/roarm_description/share/roarm_description/urdf\n'}
[3.427336] (roarm_description) StdoutLine: {'line': b'symbolically linking /home/v1/Desktop/Beizo/arm_ws/build/roarm_description/urdf/roarm_m3_description.xacro -> /home/v1/Desktop/Beizo/arm_ws/install/roarm_description/share/roarm_description/urdf\n'}
[3.427499] (roarm_description) StdoutLine: {'line': b'creating /home/v1/Desktop/Beizo/arm_ws/install/roarm_description/share/roarm_description/urdf/roarm_m3\n'}
[3.427669] (roarm_description) StdoutLine: {'line': b'symbolically linking /home/v1/Desktop/Beizo/arm_ws/build/roarm_description/urdf/roarm_m3/roarm_m3.xacro -> /home/v1/Desktop/Beizo/arm_ws/install/roarm_description/share/roarm_description/urdf/roarm_m3\n'}
[3.427815] (roarm_description) StdoutLine: {'line': b'symbolically linking /home/v1/Desktop/Beizo/arm_ws/build/roarm_description/urdf/roarm_m3/roarm_m3.gazebo -> /home/v1/Desktop/Beizo/arm_ws/install/roarm_description/share/roarm_description/urdf/roarm_m3\n'}
[3.427964] (roarm_description) StdoutLine: {'line': b'symbolically linking /home/v1/Desktop/Beizo/arm_ws/build/roarm_description/urdf/roarm_m3/roarm_m3.trans -> /home/v1/Desktop/Beizo/arm_ws/install/roarm_description/share/roarm_description/urdf/roarm_m3\n'}
[3.428108] (roarm_description) StdoutLine: {'line': b'symbolically linking /home/v1/Desktop/Beizo/arm_ws/build/roarm_description/urdf/roarm_m3/materials.xacro -> /home/v1/Desktop/Beizo/arm_ws/install/roarm_description/share/roarm_description/urdf/roarm_m3\n'}
[3.428255] (roarm_description) StdoutLine: {'line': b'creating /home/v1/Desktop/Beizo/arm_ws/install/roarm_description/share/roarm_description/meshes\n'}
[3.428398] (roarm_description) StdoutLine: {'line': b'creating /home/v1/Desktop/Beizo/arm_ws/install/roarm_description/share/roarm_description/meshes/roarm_m3\n'}
[3.428539] (roarm_description) StdoutLine: {'line': b'symbolically linking /home/v1/Desktop/Beizo/arm_ws/build/roarm_description/meshes/roarm_m3/link1.stl -> /home/v1/Desktop/Beizo/arm_ws/install/roarm_description/share/roarm_description/meshes/roarm_m3\n'}
[3.428690] (roarm_description) StdoutLine: {'line': b'symbolically linking /home/v1/Desktop/Beizo/arm_ws/build/roarm_description/meshes/roarm_m3/link2.stl -> /home/v1/Desktop/Beizo/arm_ws/install/roarm_description/share/roarm_description/meshes/roarm_m3\n'}
[3.428839] (roarm_description) StdoutLine: {'line': b'symbolically linking /home/v1/Desktop/Beizo/arm_ws/build/roarm_description/meshes/roarm_m3/link3.stl -> /home/v1/Desktop/Beizo/arm_ws/install/roarm_description/share/roarm_description/meshes/roarm_m3\n'}
[3.428977] (roarm_description) StdoutLine: {'line': b'symbolically linking /home/v1/Desktop/Beizo/arm_ws/build/roarm_description/meshes/roarm_m3/base_link.stl -> /home/v1/Desktop/Beizo/arm_ws/install/roarm_description/share/roarm_description/meshes/roarm_m3\n'}
[3.429115] (roarm_description) StdoutLine: {'line': b'symbolically linking /home/v1/Desktop/Beizo/arm_ws/build/roarm_description/meshes/roarm_m3/gripper_left_link.stl -> /home/v1/Desktop/Beizo/arm_ws/install/roarm_description/share/roarm_description/meshes/roarm_m3\n'}
[3.429268] (roarm_description) StdoutLine: {'line': b'symbolically linking /home/v1/Desktop/Beizo/arm_ws/build/roarm_description/meshes/roarm_m3/link4.stl -> /home/v1/Desktop/Beizo/arm_ws/install/roarm_description/share/roarm_description/meshes/roarm_m3\n'}
[3.429409] (roarm_description) StdoutLine: {'line': b'symbolically linking /home/v1/Desktop/Beizo/arm_ws/build/roarm_description/meshes/roarm_m3/gripper_link.stl -> /home/v1/Desktop/Beizo/arm_ws/install/roarm_description/share/roarm_description/meshes/roarm_m3\n'}
[3.429546] (roarm_description) StdoutLine: {'line': b'symbolically linking /home/v1/Desktop/Beizo/arm_ws/build/roarm_description/meshes/roarm_m3/link5.stl -> /home/v1/Desktop/Beizo/arm_ws/install/roarm_description/share/roarm_description/meshes/roarm_m3\n'}
[3.429706] (roarm_description) StdoutLine: {'line': b'creating /home/v1/Desktop/Beizo/arm_ws/install/roarm_description/share/roarm_description/rviz\n'}
[3.429840] (roarm_description) StdoutLine: {'line': b'symbolically linking /home/v1/Desktop/Beizo/arm_ws/build/roarm_description/rviz/view_description.rviz -> /home/v1/Desktop/Beizo/arm_ws/install/roarm_description/share/roarm_description/rviz\n'}
[3.460567] (roarm_driver) CommandEnded: {'returncode': 0}
[3.473042] (roarm_driver) JobEnded: {'identifier': 'roarm_driver', 'rc': 0}
[3.487148] (roarm_description) CommandEnded: {'returncode': 0}
[3.497430] (roarm_description) JobEnded: {'identifier': 'roarm_description', 'rc': 0}
[3.498786] (roarm_moveit_config) JobStarted: {'identifier': 'roarm_moveit_config'}
[3.508900] (roarm_moveit_config) JobProgress: {'identifier': 'roarm_moveit_config', 'progress': 'cmake'}
[3.509792] (roarm_moveit_config) Command: {'cmd': ['/usr/bin/cmake', '/home/v1/Desktop/Beizo/arm_ws/src/roarm_moveit_config', '-DAMENT_CMAKE_SYMLINK_INSTALL=1', '-DCMAKE_INSTALL_PREFIX=/home/v1/Desktop/Beizo/arm_ws/install/roarm_moveit_config'], 'cwd': '/home/v1/Desktop/Beizo/arm_ws/build/roarm_moveit_config', 'env': OrderedDict({'LESSOPEN': '| /usr/bin/lesspipe %s', 'CONDA_PROMPT_MODIFIER': '', 'USER': 'v1', 'GZ_CONFIG_PATH': '/opt/ros/jazzy/opt/gz_sim_vendor/share/gz:/opt/ros/jazzy/opt/sdformat_vendor/share/gz:/opt/ros/jazzy/opt/gz_gui_vendor/share/gz:/opt/ros/jazzy/opt/gz_transport_vendor/share/gz:/opt/ros/jazzy/opt/gz_rendering_vendor/share/gz:/opt/ros/jazzy/opt/gz_plugin_vendor/share/gz:/opt/ros/jazzy/opt/gz_fuel_tools_vendor/share/gz:/opt/ros/jazzy/opt/gz_msgs_vendor/share/gz:/opt/ros/jazzy/opt/gz_common_vendor/share/gz', 'XDG_SESSION_TYPE': 'x11', 'SHLVL': '1', 'LD_LIBRARY_PATH': '/home/v1/Desktop/Beizo/arm_ws/install/roarm_msgs/lib:/opt/ros/jazzy/opt/gz_sim_vendor/lib:/opt/ros/jazzy/opt/gz_sensors_vendor/lib:/opt/ros/jazzy/opt/gz_physics_vendor/lib:/opt/ros/jazzy/opt/sdformat_vendor/lib:/opt/ros/jazzy/opt/rviz_ogre_vendor/lib:/opt/ros/jazzy/lib/x86_64-linux-gnu:/opt/ros/jazzy/opt/gz_gui_vendor/lib:/opt/ros/jazzy/opt/gz_transport_vendor/lib:/opt/ros/jazzy/opt/gz_rendering_vendor/lib:/opt/ros/jazzy/opt/gz_plugin_vendor/lib:/opt/ros/jazzy/opt/gz_fuel_tools_vendor/lib:/opt/ros/jazzy/opt/gz_msgs_vendor/lib:/opt/ros/jazzy/opt/gz_common_vendor/lib:/opt/ros/jazzy/opt/gz_math_vendor/lib:/opt/ros/jazzy/opt/gz_utils_vendor/lib:/opt/ros/jazzy/opt/gz_tools_vendor/lib:/opt/ros/jazzy/opt/gz_ogre_next_vendor/lib:/opt/ros/jazzy/opt/gz_dartsim_vendor/lib:/opt/ros/jazzy/opt/gz_cmake_vendor/lib:/opt/ros/jazzy/lib', 'HOME': '/home/v1', 'CONDA_SHLVL': '0', 'OLDPWD': '/home/v1/Desktop/Beizo/arm_ws', 'DESKTOP_SESSION': 'ubuntu', 'ROS_PYTHON_VERSION': '3', 'GNOME_SHELL_SESSION_MODE': 'ubuntu', 'GTK_MODULES': 'gail:atk-bridge', 'DBUS_STARTER_BUS_TYPE': 'session', 'SYSTEMD_EXEC_PID': '2804', 'GSM_SKIP_SSH_AGENT_WORKAROUND': 'true', 'DBUS_SESSION_BUS_ADDRESS': 'unix:path=/run/user/1000/bus,guid=3ba906d04fd751587edc35ef69c00925', 'COLORTERM': 'truecolor', '_CE_M': '', '_CONDA_ROOT': '/home/v1/miniconda3', 'DEBUGINFOD_URLS': 'https://debuginfod.ubuntu.com', 'COLCON_PREFIX_PATH': '/home/v1/Desktop/Beizo/arm_ws/install', 'ROS_DISTRO': 'jazzy', 'LOGNAME': 'v1', '_': '/usr/bin/colcon', 'ROS_VERSION': '2', 'MEMORY_PRESSURE_WATCH': '/sys/fs/cgroup/user.slice/user-1000.slice/user@1000.service/app.slice/app-gnome\\x2dsession\\x2dmanager.slice/gnome-session-manager@ubuntu.service/memory.pressure', 'XDG_SESSION_CLASS': 'user', 'USERNAME': 'v1', 'TERM': 'xterm-256color', 'GNOME_DESKTOP_SESSION_ID': 'this-is-deprecated', '_CE_CONDA': '', 'WINDOWPATH': '2', 'PATH': '/home/v1/.local/bin:/opt/ros/jazzy/opt/gz_msgs_vendor/bin:/opt/ros/jazzy/opt/gz_tools_vendor/bin:/opt/ros/jazzy/opt/gz_ogre_next_vendor/bin:/opt/ros/jazzy/bin:/home/v1/miniconda3/condabin:/home/v1/.local/bin:/usr/local/sbin:/usr/local/bin:/usr/sbin:/usr/bin:/sbin:/bin:/usr/games:/usr/local/games:/snap/bin:/snap/bin', 'SESSION_MANAGER': 'local/v1-HP:@/tmp/.ICE-unix/2804,unix/v1-HP:/tmp/.ICE-unix/2804', 'XDG_MENU_PREFIX': 'gnome-', 'GNOME_TERMINAL_SCREEN': '/org/gnome/Terminal/screen/e1b9f660_fc67_4777_a564_ed89d225cadb', 'XDG_RUNTIME_DIR': '/run/user/1000', 'DISPLAY': ':1', 'LANG': 'en_US.UTF-8', 'XDG_CURRENT_DESKTOP': 'ubuntu:GNOME', 'RMW_IMPLEMENTATION': 'rmw_cyclonedds_cpp', 'XMODIFIERS': '@im=ibus', 'XDG_SESSION_DESKTOP': 'ubuntu', 'XAUTHORITY': '/run/user/1000/gdm/Xauthority', 'LS_COLORS': 'rs=0:di=01;34:ln=01;36:mh=00:pi=40;33:so=01;35:do=01;35:bd=40;33;01:cd=40;33;01:or=40;31;01:mi=00:su=37;41:sg=30;43:ca=00:tw=30;42:ow=34;42:st=37;44:ex=01;32:*.tar=01;31:*.tgz=01;31:*.arc=01;31:*.arj=01;31:*.taz=01;31:*.lha=01;31:*.lz4=01;31:*.lzh=01;31:*.lzma=01;31:*.tlz=01;31:*.txz=01;31:*.tzo=01;31:*.t7z=01;31:*.zip=01;31:*.z=01;31:*.dz=01;31:*.gz=01;31:*.lrz=01;31:*.lz=01;31:*.lzo=01;31:*.xz=01;31:*.zst=01;31:*.tzst=01;31:*.bz2=01;31:*.bz=01;31:*.tbz=01;31:*.tbz2=01;31:*.tz=01;31:*.deb=01;31:*.rpm=01;31:*.jar=01;31:*.war=01;31:*.ear=01;31:*.sar=01;31:*.rar=01;31:*.alz=01;31:*.ace=01;31:*.zoo=01;31:*.cpio=01;31:*.7z=01;31:*.rz=01;31:*.cab=01;31:*.wim=01;31:*.swm=01;31:*.dwm=01;31:*.esd=01;31:*.avif=01;35:*.jpg=01;35:*.jpeg=01;35:*.mjpg=01;35:*.mjpeg=01;35:*.gif=01;35:*.bmp=01;35:*.pbm=01;35:*.pgm=01;35:*.ppm=01;35:*.tga=01;35:*.xbm=01;35:*.xpm=01;35:*.tif=01;35:*.tiff=01;35:*.png=01;35:*.svg=01;35:*.svgz=01;35:*.mng=01;35:*.pcx=01;35:*.mov=01;35:*.mpg=01;35:*.mpeg=01;35:*.m2v=01;35:*.mkv=01;35:*.webm=01;35:*.webp=01;35:*.ogm=01;35:*.mp4=01;35:*.m4v=01;35:*.mp4v=01;35:*.vob=01;35:*.qt=01;35:*.nuv=01;35:*.wmv=01;35:*.asf=01;35:*.rm=01;35:*.rmvb=01;35:*.flc=01;35:*.avi=01;35:*.fli=01;35:*.flv=01;35:*.gl=01;35:*.dl=01;35:*.xcf=01;35:*.xwd=01;35:*.yuv=01;35:*.cgm=01;35:*.emf=01;35:*.ogv=01;35:*.ogx=01;35:*.aac=00;36:*.au=00;36:*.flac=00;36:*.m4a=00;36:*.mid=00;36:*.midi=00;36:*.mka=00;36:*.mp3=00;36:*.mpc=00;36:*.ogg=00;36:*.ra=00;36:*.wav=00;36:*.oga=00;36:*.opus=00;36:*.spx=00;36:*.xspf=00;36:*~=00;90:*#=00;90:*.bak=00;90:*.crdownload=00;90:*.dpkg-dist=00;90:*.dpkg-new=00;90:*.dpkg-old=00;90:*.dpkg-tmp=00;90:*.old=00;90:*.orig=00;90:*.part=00;90:*.rej=00;90:*.rpmnew=00;90:*.rpmorig=00;90:*.rpmsave=00;90:*.swp=00;90:*.tmp=00;90:*.ucf-dist=00;90:*.ucf-new=00;90:*.ucf-old=00;90:', 'GNOME_TERMINAL_SERVICE': ':1.616', 'SSH_AUTH_SOCK': '/run/user/1000/keyring/ssh', 'AMENT_PREFIX_PATH': '/home/v1/Desktop/Beizo/arm_ws/install/roarm_description:/home/v1/Desktop/Beizo/arm_ws/install/roarm_msgs:/home/v1/Desktop/Beizo/arm_ws/install/roarm_moveit_config:/home/v1/Desktop/Beizo/arm_ws/install/roarm_moveit_cmd:/home/v1/Desktop/Beizo/arm_ws/install/roarm_driver:/opt/ros/jazzy', 'CONDA_PYTHON_EXE': '/home/v1/miniconda3/bin/python', 'SHELL': '/bin/bash', 'QT_ACCESSIBILITY': '1', 'GDMSESSION': 'ubuntu', 'LESSCLOSE': '/usr/bin/lesspipe %s %s', 'CONDA_DEFAULT_ENV': '', 'GPG_AGENT_INFO': '/run/user/1000/gnupg/S.gpg-agent:0:1', '_CONDA_EXE': '/home/v1/miniconda3/bin/conda', 'ROS_AUTOMATIC_DISCOVERY_RANGE': 'SUBNET', 'QT_IM_MODULE': 'ibus', 'PWD': '/home/v1/Desktop/Beizo/arm_ws/build/roarm_moveit_config', 'LC_ALL': 'en_US.UTF-8', 'XDG_CONFIG_DIRS': '/etc/xdg/xdg-ubuntu:/etc/xdg', 'CONDA_EXE': '/home/v1/miniconda3/bin/conda', 'DBUS_STARTER_ADDRESS': 'unix:path=/run/user/1000/bus,guid=3ba906d04fd751587edc35ef69c00925', 'XDG_DATA_DIRS': '/usr/share/ubuntu:/usr/share/gnome:/usr/local/share/:/usr/share/:/var/lib/snapd/desktop', 'PYTHONPATH': '/home/v1/Desktop/Beizo/arm_ws/build/roarm_description:/home/v1/Desktop/Beizo/arm_ws/install/roarm_description/lib/python3.12/site-packages:/home/v1/Desktop/Beizo/arm_ws/install/roarm_msgs/lib/python3.12/site-packages:/home/v1/Desktop/Beizo/arm_ws/install/roarm_moveit_cmd/lib/python3.12/site-packages:/home/v1/Desktop/Beizo/arm_ws/install/roarm_driver/lib/python3.12/site-packages:/opt/ros/jazzy/lib/python3.12/site-packages', 'CONDA_PREFIX': '', 'COLCON': '1', 'MEMORY_PRESSURE_WRITE': 'c29tZSAyMDAwMDAgMjAwMDAwMAA=', 'VTE_VERSION': '7600', 'CMAKE_PREFIX_PATH': '/home/v1/Desktop/Beizo/arm_ws/install/roarm_msgs:/home/v1/Desktop/Beizo/arm_ws/install/roarm_moveit_config:/opt/ros/jazzy/opt/gz_sim_vendor:/opt/ros/jazzy/opt/gz_sensors_vendor:/opt/ros/jazzy/opt/gz_physics_vendor:/opt/ros/jazzy/opt/sdformat_vendor:/opt/ros/jazzy/opt/gz_gui_vendor:/opt/ros/jazzy/opt/gz_transport_vendor:/opt/ros/jazzy/opt/gz_rendering_vendor:/opt/ros/jazzy/opt/gz_plugin_vendor:/opt/ros/jazzy/opt/gz_fuel_tools_vendor:/opt/ros/jazzy/opt/gz_msgs_vendor:/opt/ros/jazzy/opt/gz_common_vendor:/opt/ros/jazzy/opt/gz_math_vendor:/opt/ros/jazzy/opt/gz_utils_vendor:/opt/ros/jazzy/opt/gz_tools_vendor:/opt/ros/jazzy/opt/gz_ogre_next_vendor:/opt/ros/jazzy/opt/gz_dartsim_vendor:/opt/ros/jazzy/opt/gz_cmake_vendor:/home/v1/Desktop/Beizo/arm_ws/install/roarm_moveit_cmd:/home/v1/Desktop/Beizo/arm_ws/install/roarm_driver:/home/v1/Desktop/Beizo/arm_ws/install/roarm_description:/opt/ros/jazzy'}), 'shell': False}
[3.511138] (-) TimerEvent: {}
[3.572627] (roarm_moveit_config) StdoutLine: {'line': b'-- The C compiler identification is GNU 13.3.0\n'}
[3.611234] (-) TimerEvent: {}
[3.639493] (roarm_moveit_config) StdoutLine: {'line': b'-- The CXX compiler identification is GNU 13.3.0\n'}
[3.655142] (roarm_moveit_config) StdoutLine: {'line': b'-- Detecting C compiler ABI info\n'}
[3.711334] (-) TimerEvent: {}
[3.747177] (roarm_moveit_config) StdoutLine: {'line': b'-- Detecting C compiler ABI info - done\n'}
[3.759827] (roarm_moveit_config) StdoutLine: {'line': b'-- Check for working C compiler: /usr/bin/cc - skipped\n'}
[3.760268] (roarm_moveit_config) StdoutLine: {'line': b'-- Detecting C compile features\n'}
[3.760722] (roarm_moveit_config) StdoutLine: {'line': b'-- Detecting C compile features - done\n'}
[3.769933] (roarm_moveit_config) StdoutLine: {'line': b'-- Detecting CXX compiler ABI info\n'}
[3.813608] (-) TimerEvent: {}
[3.876337] (roarm_moveit_config) StdoutLine: {'line': b'-- Detecting CXX compiler ABI info - done\n'}
[3.889010] (roarm_moveit_config) StdoutLine: {'line': b'-- Check for working CXX compiler: /usr/bin/c++ - skipped\n'}
[3.889267] (roarm_moveit_config) StdoutLine: {'line': b'-- Detecting CXX compile features\n'}
[3.889803] (roarm_msgs) StdoutLine: {'line': b'-- Using all available rosidl_typesupport_cpp: rosidl_typesupport_fastrtps_cpp;rosidl_typesupport_introspection_cpp\n'}
[3.890162] (roarm_moveit_config) StdoutLine: {'line': b'-- Detecting CXX compile features - done\n'}
[3.895686] (roarm_moveit_config) StdoutLine: {'line': b'-- Found ament_cmake: 2.5.5 (/opt/ros/jazzy/share/ament_cmake/cmake)\n'}
[3.897421] (roarm_msgs) StdoutLine: {'line': b'-- Found python_cmake_module: 0.11.1 (/opt/ros/jazzy/share/python_cmake_module/cmake)\n'}
[3.913691] (-) TimerEvent: {}
[4.013924] (-) TimerEvent: {}
[4.043145] (roarm_msgs) StdoutLine: {'line': b'-- Found PythonExtra: /usr/bin/python3  \n'}
[4.063346] (roarm_moveit_config) StdoutLine: {'line': b'-- Found Python3: /usr/bin/python3 (found version "3.12.3") found components: Interpreter \n'}
[4.114029] (-) TimerEvent: {}
[4.147339] (roarm_moveit_config) StdoutLine: {'line': b'-- Override CMake install command with custom implementation using symlinks instead of copying resources\n'}
[4.214136] (-) TimerEvent: {}
[4.308685] (roarm_moveit_config) StdoutLine: {'line': b'-- Configuring done (0.8s)\n'}
[4.311123] (roarm_moveit_config) StdoutLine: {'line': b'-- Generating done (0.0s)\n'}
[4.313061] (roarm_moveit_config) StdoutLine: {'line': b'-- Build files have been written to: /home/v1/Desktop/Beizo/arm_ws/build/roarm_moveit_config\n'}
[4.314230] (-) TimerEvent: {}
[4.318888] (roarm_moveit_config) CommandEnded: {'returncode': 0}
[4.319804] (roarm_moveit_config) JobProgress: {'identifier': 'roarm_moveit_config', 'progress': 'build'}
[4.321048] (roarm_moveit_config) Command: {'cmd': ['/usr/bin/cmake', '--build', '/home/v1/Desktop/Beizo/arm_ws/build/roarm_moveit_config', '--', '-j8', '-l8'], 'cwd': '/home/v1/Desktop/Beizo/arm_ws/build/roarm_moveit_config', 'env': OrderedDict({'LESSOPEN': '| /usr/bin/lesspipe %s', 'CONDA_PROMPT_MODIFIER': '', 'USER': 'v1', 'GZ_CONFIG_PATH': '/opt/ros/jazzy/opt/gz_sim_vendor/share/gz:/opt/ros/jazzy/opt/sdformat_vendor/share/gz:/opt/ros/jazzy/opt/gz_gui_vendor/share/gz:/opt/ros/jazzy/opt/gz_transport_vendor/share/gz:/opt/ros/jazzy/opt/gz_rendering_vendor/share/gz:/opt/ros/jazzy/opt/gz_plugin_vendor/share/gz:/opt/ros/jazzy/opt/gz_fuel_tools_vendor/share/gz:/opt/ros/jazzy/opt/gz_msgs_vendor/share/gz:/opt/ros/jazzy/opt/gz_common_vendor/share/gz', 'XDG_SESSION_TYPE': 'x11', 'SHLVL': '1', 'LD_LIBRARY_PATH': '/home/v1/Desktop/Beizo/arm_ws/install/roarm_msgs/lib:/opt/ros/jazzy/opt/gz_sim_vendor/lib:/opt/ros/jazzy/opt/gz_sensors_vendor/lib:/opt/ros/jazzy/opt/gz_physics_vendor/lib:/opt/ros/jazzy/opt/sdformat_vendor/lib:/opt/ros/jazzy/opt/rviz_ogre_vendor/lib:/opt/ros/jazzy/lib/x86_64-linux-gnu:/opt/ros/jazzy/opt/gz_gui_vendor/lib:/opt/ros/jazzy/opt/gz_transport_vendor/lib:/opt/ros/jazzy/opt/gz_rendering_vendor/lib:/opt/ros/jazzy/opt/gz_plugin_vendor/lib:/opt/ros/jazzy/opt/gz_fuel_tools_vendor/lib:/opt/ros/jazzy/opt/gz_msgs_vendor/lib:/opt/ros/jazzy/opt/gz_common_vendor/lib:/opt/ros/jazzy/opt/gz_math_vendor/lib:/opt/ros/jazzy/opt/gz_utils_vendor/lib:/opt/ros/jazzy/opt/gz_tools_vendor/lib:/opt/ros/jazzy/opt/gz_ogre_next_vendor/lib:/opt/ros/jazzy/opt/gz_dartsim_vendor/lib:/opt/ros/jazzy/opt/gz_cmake_vendor/lib:/opt/ros/jazzy/lib', 'HOME': '/home/v1', 'CONDA_SHLVL': '0', 'OLDPWD': '/home/v1/Desktop/Beizo/arm_ws', 'DESKTOP_SESSION': 'ubuntu', 'ROS_PYTHON_VERSION': '3', 'GNOME_SHELL_SESSION_MODE': 'ubuntu', 'GTK_MODULES': 'gail:atk-bridge', 'DBUS_STARTER_BUS_TYPE': 'session', 'SYSTEMD_EXEC_PID': '2804', 'GSM_SKIP_SSH_AGENT_WORKAROUND': 'true', 'DBUS_SESSION_BUS_ADDRESS': 'unix:path=/run/user/1000/bus,guid=3ba906d04fd751587edc35ef69c00925', 'COLORTERM': 'truecolor', '_CE_M': '', '_CONDA_ROOT': '/home/v1/miniconda3', 'DEBUGINFOD_URLS': 'https://debuginfod.ubuntu.com', 'COLCON_PREFIX_PATH': '/home/v1/Desktop/Beizo/arm_ws/install', 'ROS_DISTRO': 'jazzy', 'LOGNAME': 'v1', '_': '/usr/bin/colcon', 'ROS_VERSION': '2', 'MEMORY_PRESSURE_WATCH': '/sys/fs/cgroup/user.slice/user-1000.slice/user@1000.service/app.slice/app-gnome\\x2dsession\\x2dmanager.slice/gnome-session-manager@ubuntu.service/memory.pressure', 'XDG_SESSION_CLASS': 'user', 'USERNAME': 'v1', 'TERM': 'xterm-256color', 'GNOME_DESKTOP_SESSION_ID': 'this-is-deprecated', '_CE_CONDA': '', 'WINDOWPATH': '2', 'PATH': '/home/v1/.local/bin:/opt/ros/jazzy/opt/gz_msgs_vendor/bin:/opt/ros/jazzy/opt/gz_tools_vendor/bin:/opt/ros/jazzy/opt/gz_ogre_next_vendor/bin:/opt/ros/jazzy/bin:/home/v1/miniconda3/condabin:/home/v1/.local/bin:/usr/local/sbin:/usr/local/bin:/usr/sbin:/usr/bin:/sbin:/bin:/usr/games:/usr/local/games:/snap/bin:/snap/bin', 'SESSION_MANAGER': 'local/v1-HP:@/tmp/.ICE-unix/2804,unix/v1-HP:/tmp/.ICE-unix/2804', 'XDG_MENU_PREFIX': 'gnome-', 'GNOME_TERMINAL_SCREEN': '/org/gnome/Terminal/screen/e1b9f660_fc67_4777_a564_ed89d225cadb', 'XDG_RUNTIME_DIR': '/run/user/1000', 'DISPLAY': ':1', 'LANG': 'en_US.UTF-8', 'XDG_CURRENT_DESKTOP': 'ubuntu:GNOME', 'RMW_IMPLEMENTATION': 'rmw_cyclonedds_cpp', 'XMODIFIERS': '@im=ibus', 'XDG_SESSION_DESKTOP': 'ubuntu', 'XAUTHORITY': '/run/user/1000/gdm/Xauthority', 'LS_COLORS': 'rs=0:di=01;34:ln=01;36:mh=00:pi=40;33:so=01;35:do=01;35:bd=40;33;01:cd=40;33;01:or=40;31;01:mi=00:su=37;41:sg=30;43:ca=00:tw=30;42:ow=34;42:st=37;44:ex=01;32:*.tar=01;31:*.tgz=01;31:*.arc=01;31:*.arj=01;31:*.taz=01;31:*.lha=01;31:*.lz4=01;31:*.lzh=01;31:*.lzma=01;31:*.tlz=01;31:*.txz=01;31:*.tzo=01;31:*.t7z=01;31:*.zip=01;31:*.z=01;31:*.dz=01;31:*.gz=01;31:*.lrz=01;31:*.lz=01;31:*.lzo=01;31:*.xz=01;31:*.zst=01;31:*.tzst=01;31:*.bz2=01;31:*.bz=01;31:*.tbz=01;31:*.tbz2=01;31:*.tz=01;31:*.deb=01;31:*.rpm=01;31:*.jar=01;31:*.war=01;31:*.ear=01;31:*.sar=01;31:*.rar=01;31:*.alz=01;31:*.ace=01;31:*.zoo=01;31:*.cpio=01;31:*.7z=01;31:*.rz=01;31:*.cab=01;31:*.wim=01;31:*.swm=01;31:*.dwm=01;31:*.esd=01;31:*.avif=01;35:*.jpg=01;35:*.jpeg=01;35:*.mjpg=01;35:*.mjpeg=01;35:*.gif=01;35:*.bmp=01;35:*.pbm=01;35:*.pgm=01;35:*.ppm=01;35:*.tga=01;35:*.xbm=01;35:*.xpm=01;35:*.tif=01;35:*.tiff=01;35:*.png=01;35:*.svg=01;35:*.svgz=01;35:*.mng=01;35:*.pcx=01;35:*.mov=01;35:*.mpg=01;35:*.mpeg=01;35:*.m2v=01;35:*.mkv=01;35:*.webm=01;35:*.webp=01;35:*.ogm=01;35:*.mp4=01;35:*.m4v=01;35:*.mp4v=01;35:*.vob=01;35:*.qt=01;35:*.nuv=01;35:*.wmv=01;35:*.asf=01;35:*.rm=01;35:*.rmvb=01;35:*.flc=01;35:*.avi=01;35:*.fli=01;35:*.flv=01;35:*.gl=01;35:*.dl=01;35:*.xcf=01;35:*.xwd=01;35:*.yuv=01;35:*.cgm=01;35:*.emf=01;35:*.ogv=01;35:*.ogx=01;35:*.aac=00;36:*.au=00;36:*.flac=00;36:*.m4a=00;36:*.mid=00;36:*.midi=00;36:*.mka=00;36:*.mp3=00;36:*.mpc=00;36:*.ogg=00;36:*.ra=00;36:*.wav=00;36:*.oga=00;36:*.opus=00;36:*.spx=00;36:*.xspf=00;36:*~=00;90:*#=00;90:*.bak=00;90:*.crdownload=00;90:*.dpkg-dist=00;90:*.dpkg-new=00;90:*.dpkg-old=00;90:*.dpkg-tmp=00;90:*.old=00;90:*.orig=00;90:*.part=00;90:*.rej=00;90:*.rpmnew=00;90:*.rpmorig=00;90:*.rpmsave=00;90:*.swp=00;90:*.tmp=00;90:*.ucf-dist=00;90:*.ucf-new=00;90:*.ucf-old=00;90:', 'GNOME_TERMINAL_SERVICE': ':1.616', 'SSH_AUTH_SOCK': '/run/user/1000/keyring/ssh', 'AMENT_PREFIX_PATH': '/home/v1/Desktop/Beizo/arm_ws/install/roarm_description:/home/v1/Desktop/Beizo/arm_ws/install/roarm_msgs:/home/v1/Desktop/Beizo/arm_ws/install/roarm_moveit_config:/home/v1/Desktop/Beizo/arm_ws/install/roarm_moveit_cmd:/home/v1/Desktop/Beizo/arm_ws/install/roarm_driver:/opt/ros/jazzy', 'CONDA_PYTHON_EXE': '/home/v1/miniconda3/bin/python', 'SHELL': '/bin/bash', 'QT_ACCESSIBILITY': '1', 'GDMSESSION': 'ubuntu', 'LESSCLOSE': '/usr/bin/lesspipe %s %s', 'CONDA_DEFAULT_ENV': '', 'GPG_AGENT_INFO': '/run/user/1000/gnupg/S.gpg-agent:0:1', '_CONDA_EXE': '/home/v1/miniconda3/bin/conda', 'ROS_AUTOMATIC_DISCOVERY_RANGE': 'SUBNET', 'QT_IM_MODULE': 'ibus', 'PWD': '/home/v1/Desktop/Beizo/arm_ws/build/roarm_moveit_config', 'LC_ALL': 'en_US.UTF-8', 'XDG_CONFIG_DIRS': '/etc/xdg/xdg-ubuntu:/etc/xdg', 'CONDA_EXE': '/home/v1/miniconda3/bin/conda', 'DBUS_STARTER_ADDRESS': 'unix:path=/run/user/1000/bus,guid=3ba906d04fd751587edc35ef69c00925', 'XDG_DATA_DIRS': '/usr/share/ubuntu:/usr/share/gnome:/usr/local/share/:/usr/share/:/var/lib/snapd/desktop', 'PYTHONPATH': '/home/v1/Desktop/Beizo/arm_ws/build/roarm_description:/home/v1/Desktop/Beizo/arm_ws/install/roarm_description/lib/python3.12/site-packages:/home/v1/Desktop/Beizo/arm_ws/install/roarm_msgs/lib/python3.12/site-packages:/home/v1/Desktop/Beizo/arm_ws/install/roarm_moveit_cmd/lib/python3.12/site-packages:/home/v1/Desktop/Beizo/arm_ws/install/roarm_driver/lib/python3.12/site-packages:/opt/ros/jazzy/lib/python3.12/site-packages', 'CONDA_PREFIX': '', 'COLCON': '1', 'MEMORY_PRESSURE_WRITE': 'c29tZSAyMDAwMDAgMjAwMDAwMAA=', 'VTE_VERSION': '7600', 'CMAKE_PREFIX_PATH': '/home/v1/Desktop/Beizo/arm_ws/install/roarm_msgs:/home/v1/Desktop/Beizo/arm_ws/install/roarm_moveit_config:/opt/ros/jazzy/opt/gz_sim_vendor:/opt/ros/jazzy/opt/gz_sensors_vendor:/opt/ros/jazzy/opt/gz_physics_vendor:/opt/ros/jazzy/opt/sdformat_vendor:/opt/ros/jazzy/opt/gz_gui_vendor:/opt/ros/jazzy/opt/gz_transport_vendor:/opt/ros/jazzy/opt/gz_rendering_vendor:/opt/ros/jazzy/opt/gz_plugin_vendor:/opt/ros/jazzy/opt/gz_fuel_tools_vendor:/opt/ros/jazzy/opt/gz_msgs_vendor:/opt/ros/jazzy/opt/gz_common_vendor:/opt/ros/jazzy/opt/gz_math_vendor:/opt/ros/jazzy/opt/gz_utils_vendor:/opt/ros/jazzy/opt/gz_tools_vendor:/opt/ros/jazzy/opt/gz_ogre_next_vendor:/opt/ros/jazzy/opt/gz_dartsim_vendor:/opt/ros/jazzy/opt/gz_cmake_vendor:/home/v1/Desktop/Beizo/arm_ws/install/roarm_moveit_cmd:/home/v1/Desktop/Beizo/arm_ws/install/roarm_driver:/home/v1/Desktop/Beizo/arm_ws/install/roarm_description:/opt/ros/jazzy'}), 'shell': False}
[4.363948] (roarm_moveit_config) CommandEnded: {'returncode': 0}
[4.364617] (roarm_moveit_config) JobProgress: {'identifier': 'roarm_moveit_config', 'progress': 'install'}
[4.375173] (roarm_moveit_config) Command: {'cmd': ['/usr/bin/cmake', '--install', '/home/v1/Desktop/Beizo/arm_ws/build/roarm_moveit_config'], 'cwd': '/home/v1/Desktop/Beizo/arm_ws/build/roarm_moveit_config', 'env': OrderedDict({'LESSOPEN': '| /usr/bin/lesspipe %s', 'CONDA_PROMPT_MODIFIER': '', 'USER': 'v1', 'GZ_CONFIG_PATH': '/opt/ros/jazzy/opt/gz_sim_vendor/share/gz:/opt/ros/jazzy/opt/sdformat_vendor/share/gz:/opt/ros/jazzy/opt/gz_gui_vendor/share/gz:/opt/ros/jazzy/opt/gz_transport_vendor/share/gz:/opt/ros/jazzy/opt/gz_rendering_vendor/share/gz:/opt/ros/jazzy/opt/gz_plugin_vendor/share/gz:/opt/ros/jazzy/opt/gz_fuel_tools_vendor/share/gz:/opt/ros/jazzy/opt/gz_msgs_vendor/share/gz:/opt/ros/jazzy/opt/gz_common_vendor/share/gz', 'XDG_SESSION_TYPE': 'x11', 'SHLVL': '1', 'LD_LIBRARY_PATH': '/home/v1/Desktop/Beizo/arm_ws/install/roarm_msgs/lib:/opt/ros/jazzy/opt/gz_sim_vendor/lib:/opt/ros/jazzy/opt/gz_sensors_vendor/lib:/opt/ros/jazzy/opt/gz_physics_vendor/lib:/opt/ros/jazzy/opt/sdformat_vendor/lib:/opt/ros/jazzy/opt/rviz_ogre_vendor/lib:/opt/ros/jazzy/lib/x86_64-linux-gnu:/opt/ros/jazzy/opt/gz_gui_vendor/lib:/opt/ros/jazzy/opt/gz_transport_vendor/lib:/opt/ros/jazzy/opt/gz_rendering_vendor/lib:/opt/ros/jazzy/opt/gz_plugin_vendor/lib:/opt/ros/jazzy/opt/gz_fuel_tools_vendor/lib:/opt/ros/jazzy/opt/gz_msgs_vendor/lib:/opt/ros/jazzy/opt/gz_common_vendor/lib:/opt/ros/jazzy/opt/gz_math_vendor/lib:/opt/ros/jazzy/opt/gz_utils_vendor/lib:/opt/ros/jazzy/opt/gz_tools_vendor/lib:/opt/ros/jazzy/opt/gz_ogre_next_vendor/lib:/opt/ros/jazzy/opt/gz_dartsim_vendor/lib:/opt/ros/jazzy/opt/gz_cmake_vendor/lib:/opt/ros/jazzy/lib', 'HOME': '/home/v1', 'CONDA_SHLVL': '0', 'OLDPWD': '/home/v1/Desktop/Beizo/arm_ws', 'DESKTOP_SESSION': 'ubuntu', 'ROS_PYTHON_VERSION': '3', 'GNOME_SHELL_SESSION_MODE': 'ubuntu', 'GTK_MODULES': 'gail:atk-bridge', 'DBUS_STARTER_BUS_TYPE': 'session', 'SYSTEMD_EXEC_PID': '2804', 'GSM_SKIP_SSH_AGENT_WORKAROUND': 'true', 'DBUS_SESSION_BUS_ADDRESS': 'unix:path=/run/user/1000/bus,guid=3ba906d04fd751587edc35ef69c00925', 'COLORTERM': 'truecolor', '_CE_M': '', '_CONDA_ROOT': '/home/v1/miniconda3', 'DEBUGINFOD_URLS': 'https://debuginfod.ubuntu.com', 'COLCON_PREFIX_PATH': '/home/v1/Desktop/Beizo/arm_ws/install', 'ROS_DISTRO': 'jazzy', 'LOGNAME': 'v1', '_': '/usr/bin/colcon', 'ROS_VERSION': '2', 'MEMORY_PRESSURE_WATCH': '/sys/fs/cgroup/user.slice/user-1000.slice/user@1000.service/app.slice/app-gnome\\x2dsession\\x2dmanager.slice/gnome-session-manager@ubuntu.service/memory.pressure', 'XDG_SESSION_CLASS': 'user', 'USERNAME': 'v1', 'TERM': 'xterm-256color', 'GNOME_DESKTOP_SESSION_ID': 'this-is-deprecated', '_CE_CONDA': '', 'WINDOWPATH': '2', 'PATH': '/home/v1/.local/bin:/opt/ros/jazzy/opt/gz_msgs_vendor/bin:/opt/ros/jazzy/opt/gz_tools_vendor/bin:/opt/ros/jazzy/opt/gz_ogre_next_vendor/bin:/opt/ros/jazzy/bin:/home/v1/miniconda3/condabin:/home/v1/.local/bin:/usr/local/sbin:/usr/local/bin:/usr/sbin:/usr/bin:/sbin:/bin:/usr/games:/usr/local/games:/snap/bin:/snap/bin', 'SESSION_MANAGER': 'local/v1-HP:@/tmp/.ICE-unix/2804,unix/v1-HP:/tmp/.ICE-unix/2804', 'XDG_MENU_PREFIX': 'gnome-', 'GNOME_TERMINAL_SCREEN': '/org/gnome/Terminal/screen/e1b9f660_fc67_4777_a564_ed89d225cadb', 'XDG_RUNTIME_DIR': '/run/user/1000', 'DISPLAY': ':1', 'LANG': 'en_US.UTF-8', 'XDG_CURRENT_DESKTOP': 'ubuntu:GNOME', 'RMW_IMPLEMENTATION': 'rmw_cyclonedds_cpp', 'XMODIFIERS': '@im=ibus', 'XDG_SESSION_DESKTOP': 'ubuntu', 'XAUTHORITY': '/run/user/1000/gdm/Xauthority', 'LS_COLORS': 'rs=0:di=01;34:ln=01;36:mh=00:pi=40;33:so=01;35:do=01;35:bd=40;33;01:cd=40;33;01:or=40;31;01:mi=00:su=37;41:sg=30;43:ca=00:tw=30;42:ow=34;42:st=37;44:ex=01;32:*.tar=01;31:*.tgz=01;31:*.arc=01;31:*.arj=01;31:*.taz=01;31:*.lha=01;31:*.lz4=01;31:*.lzh=01;31:*.lzma=01;31:*.tlz=01;31:*.txz=01;31:*.tzo=01;31:*.t7z=01;31:*.zip=01;31:*.z=01;31:*.dz=01;31:*.gz=01;31:*.lrz=01;31:*.lz=01;31:*.lzo=01;31:*.xz=01;31:*.zst=01;31:*.tzst=01;31:*.bz2=01;31:*.bz=01;31:*.tbz=01;31:*.tbz2=01;31:*.tz=01;31:*.deb=01;31:*.rpm=01;31:*.jar=01;31:*.war=01;31:*.ear=01;31:*.sar=01;31:*.rar=01;31:*.alz=01;31:*.ace=01;31:*.zoo=01;31:*.cpio=01;31:*.7z=01;31:*.rz=01;31:*.cab=01;31:*.wim=01;31:*.swm=01;31:*.dwm=01;31:*.esd=01;31:*.avif=01;35:*.jpg=01;35:*.jpeg=01;35:*.mjpg=01;35:*.mjpeg=01;35:*.gif=01;35:*.bmp=01;35:*.pbm=01;35:*.pgm=01;35:*.ppm=01;35:*.tga=01;35:*.xbm=01;35:*.xpm=01;35:*.tif=01;35:*.tiff=01;35:*.png=01;35:*.svg=01;35:*.svgz=01;35:*.mng=01;35:*.pcx=01;35:*.mov=01;35:*.mpg=01;35:*.mpeg=01;35:*.m2v=01;35:*.mkv=01;35:*.webm=01;35:*.webp=01;35:*.ogm=01;35:*.mp4=01;35:*.m4v=01;35:*.mp4v=01;35:*.vob=01;35:*.qt=01;35:*.nuv=01;35:*.wmv=01;35:*.asf=01;35:*.rm=01;35:*.rmvb=01;35:*.flc=01;35:*.avi=01;35:*.fli=01;35:*.flv=01;35:*.gl=01;35:*.dl=01;35:*.xcf=01;35:*.xwd=01;35:*.yuv=01;35:*.cgm=01;35:*.emf=01;35:*.ogv=01;35:*.ogx=01;35:*.aac=00;36:*.au=00;36:*.flac=00;36:*.m4a=00;36:*.mid=00;36:*.midi=00;36:*.mka=00;36:*.mp3=00;36:*.mpc=00;36:*.ogg=00;36:*.ra=00;36:*.wav=00;36:*.oga=00;36:*.opus=00;36:*.spx=00;36:*.xspf=00;36:*~=00;90:*#=00;90:*.bak=00;90:*.crdownload=00;90:*.dpkg-dist=00;90:*.dpkg-new=00;90:*.dpkg-old=00;90:*.dpkg-tmp=00;90:*.old=00;90:*.orig=00;90:*.part=00;90:*.rej=00;90:*.rpmnew=00;90:*.rpmorig=00;90:*.rpmsave=00;90:*.swp=00;90:*.tmp=00;90:*.ucf-dist=00;90:*.ucf-new=00;90:*.ucf-old=00;90:', 'GNOME_TERMINAL_SERVICE': ':1.616', 'SSH_AUTH_SOCK': '/run/user/1000/keyring/ssh', 'AMENT_PREFIX_PATH': '/home/v1/Desktop/Beizo/arm_ws/install/roarm_description:/home/v1/Desktop/Beizo/arm_ws/install/roarm_msgs:/home/v1/Desktop/Beizo/arm_ws/install/roarm_moveit_config:/home/v1/Desktop/Beizo/arm_ws/install/roarm_moveit_cmd:/home/v1/Desktop/Beizo/arm_ws/install/roarm_driver:/opt/ros/jazzy', 'CONDA_PYTHON_EXE': '/home/v1/miniconda3/bin/python', 'SHELL': '/bin/bash', 'QT_ACCESSIBILITY': '1', 'GDMSESSION': 'ubuntu', 'LESSCLOSE': '/usr/bin/lesspipe %s %s', 'CONDA_DEFAULT_ENV': '', 'GPG_AGENT_INFO': '/run/user/1000/gnupg/S.gpg-agent:0:1', '_CONDA_EXE': '/home/v1/miniconda3/bin/conda', 'ROS_AUTOMATIC_DISCOVERY_RANGE': 'SUBNET', 'QT_IM_MODULE': 'ibus', 'PWD': '/home/v1/Desktop/Beizo/arm_ws/build/roarm_moveit_config', 'LC_ALL': 'en_US.UTF-8', 'XDG_CONFIG_DIRS': '/etc/xdg/xdg-ubuntu:/etc/xdg', 'CONDA_EXE': '/home/v1/miniconda3/bin/conda', 'DBUS_STARTER_ADDRESS': 'unix:path=/run/user/1000/bus,guid=3ba906d04fd751587edc35ef69c00925', 'XDG_DATA_DIRS': '/usr/share/ubuntu:/usr/share/gnome:/usr/local/share/:/usr/share/:/var/lib/snapd/desktop', 'PYTHONPATH': '/home/v1/Desktop/Beizo/arm_ws/build/roarm_description:/home/v1/Desktop/Beizo/arm_ws/install/roarm_description/lib/python3.12/site-packages:/home/v1/Desktop/Beizo/arm_ws/install/roarm_msgs/lib/python3.12/site-packages:/home/v1/Desktop/Beizo/arm_ws/install/roarm_moveit_cmd/lib/python3.12/site-packages:/home/v1/Desktop/Beizo/arm_ws/install/roarm_driver/lib/python3.12/site-packages:/opt/ros/jazzy/lib/python3.12/site-packages', 'CONDA_PREFIX': '', 'COLCON': '1', 'MEMORY_PRESSURE_WRITE': 'c29tZSAyMDAwMDAgMjAwMDAwMAA=', 'VTE_VERSION': '7600', 'CMAKE_PREFIX_PATH': '/home/v1/Desktop/Beizo/arm_ws/install/roarm_msgs:/home/v1/Desktop/Beizo/arm_ws/install/roarm_moveit_config:/opt/ros/jazzy/opt/gz_sim_vendor:/opt/ros/jazzy/opt/gz_sensors_vendor:/opt/ros/jazzy/opt/gz_physics_vendor:/opt/ros/jazzy/opt/sdformat_vendor:/opt/ros/jazzy/opt/gz_gui_vendor:/opt/ros/jazzy/opt/gz_transport_vendor:/opt/ros/jazzy/opt/gz_rendering_vendor:/opt/ros/jazzy/opt/gz_plugin_vendor:/opt/ros/jazzy/opt/gz_fuel_tools_vendor:/opt/ros/jazzy/opt/gz_msgs_vendor:/opt/ros/jazzy/opt/gz_common_vendor:/opt/ros/jazzy/opt/gz_math_vendor:/opt/ros/jazzy/opt/gz_utils_vendor:/opt/ros/jazzy/opt/gz_tools_vendor:/opt/ros/jazzy/opt/gz_ogre_next_vendor:/opt/ros/jazzy/opt/gz_dartsim_vendor:/opt/ros/jazzy/opt/gz_cmake_vendor:/home/v1/Desktop/Beizo/arm_ws/install/roarm_moveit_cmd:/home/v1/Desktop/Beizo/arm_ws/install/roarm_driver:/home/v1/Desktop/Beizo/arm_ws/install/roarm_description:/opt/ros/jazzy'}), 'shell': False}
[4.383136] (roarm_moveit_config) StdoutLine: {'line': b'-- Install configuration: ""\n'}
[4.383690] (roarm_moveit_config) StdoutLine: {'line': b'-- Execute custom install script\n'}
[4.384627] (roarm_moveit_config) StdoutLine: {'line': b'-- Symlinking: /home/v1/Desktop/Beizo/arm_ws/install/roarm_moveit_config/share/roarm_moveit_config/config/initial_positions.yaml\n'}
[4.394529] (roarm_moveit_config) StdoutLine: {'line': b'-- Symlinking: /home/v1/Desktop/Beizo/arm_ws/install/roarm_moveit_config/share/roarm_moveit_config/config/joint_limits.yaml\n'}
[4.404755] (roarm_moveit_config) StdoutLine: {'line': b'-- Symlinking: /home/v1/Desktop/Beizo/arm_ws/install/roarm_moveit_config/share/roarm_moveit_config/config/kinematics.yaml\n'}
[4.414337] (-) TimerEvent: {}
[4.415710] (roarm_moveit_config) StdoutLine: {'line': b'-- Symlinking: /home/v1/Desktop/Beizo/arm_ws/install/roarm_moveit_config/share/roarm_moveit_config/config/moveit.rviz\n'}
[4.429320] (roarm_moveit_config) StdoutLine: {'line': b'-- Symlinking: /home/v1/Desktop/Beizo/arm_ws/install/roarm_moveit_config/share/roarm_moveit_config/config/moveit_controllers.yaml\n'}
[4.440585] (roarm_moveit_config) StdoutLine: {'line': b'-- Symlinking: /home/v1/Desktop/Beizo/arm_ws/install/roarm_moveit_config/share/roarm_moveit_config/config/ompl_planning.yaml\n'}
[4.453411] (roarm_moveit_config) StdoutLine: {'line': b'-- Symlinking: /home/v1/Desktop/Beizo/arm_ws/install/roarm_moveit_config/share/roarm_moveit_config/config/roarm_m3.ros2_control.xacro\n'}
[4.464343] (roarm_moveit_config) StdoutLine: {'line': b'-- Symlinking: /home/v1/Desktop/Beizo/arm_ws/install/roarm_moveit_config/share/roarm_moveit_config/config/roarm_m3.srdf\n'}
[4.474036] (roarm_moveit_config) StdoutLine: {'line': b'-- Symlinking: /home/v1/Desktop/Beizo/arm_ws/install/roarm_moveit_config/share/roarm_moveit_config/config/roarm_m3.urdf.xacro\n'}
[4.483209] (roarm_moveit_config) StdoutLine: {'line': b'-- Symlinking: /home/v1/Desktop/Beizo/arm_ws/install/roarm_moveit_config/share/roarm_moveit_config/config/ros2_controllers.yaml\n'}
[4.492603] (roarm_moveit_config) StdoutLine: {'line': b'-- Symlinking: /home/v1/Desktop/Beizo/arm_ws/install/roarm_moveit_config/share/roarm_moveit_config/config/sensors_3d.yaml\n'}
[4.501610] (roarm_moveit_config) StdoutLine: {'line': b'-- Symlinking: /home/v1/Desktop/Beizo/arm_ws/install/roarm_moveit_config/share/roarm_moveit_config/launch/demo.launch.py\n'}
[4.510969] (roarm_moveit_config) StdoutLine: {'line': b'-- Symlinking: /home/v1/Desktop/Beizo/arm_ws/install/roarm_moveit_config/share/roarm_moveit_config/launch/roarm_moveit.launch.py\n'}
[4.514424] (-) TimerEvent: {}
[4.523661] (roarm_moveit_config) StdoutLine: {'line': b'-- Symlinking: /home/v1/Desktop/Beizo/arm_ws/install/roarm_moveit_config/share/roarm_moveit_config/launch/xyz_control.launch.py\n'}
[4.534293] (roarm_moveit_config) StdoutLine: {'line': b'-- Symlinking: /home/v1/Desktop/Beizo/arm_ws/install/roarm_moveit_config/share/ament_index/resource_index/package_run_dependencies/roarm_moveit_config\n'}
[4.543379] (roarm_moveit_config) StdoutLine: {'line': b'-- Symlinking: /home/v1/Desktop/Beizo/arm_ws/install/roarm_moveit_config/share/ament_index/resource_index/parent_prefix_path/roarm_moveit_config\n'}
[4.553329] (roarm_moveit_config) StdoutLine: {'line': b'-- Symlinking: /home/v1/Desktop/Beizo/arm_ws/install/roarm_moveit_config/share/roarm_moveit_config/environment/ament_prefix_path.sh\n'}
[4.563348] (roarm_moveit_config) StdoutLine: {'line': b'-- Symlinking: /home/v1/Desktop/Beizo/arm_ws/install/roarm_moveit_config/share/roarm_moveit_config/environment/ament_prefix_path.dsv\n'}
[4.572848] (roarm_moveit_config) StdoutLine: {'line': b'-- Symlinking: /home/v1/Desktop/Beizo/arm_ws/install/roarm_moveit_config/share/roarm_moveit_config/environment/path.sh\n'}
[4.575234] (roarm_msgs) StdoutLine: {'line': b'-- Found Python3: /usr/bin/python3 (found version "3.12.3") found components: Interpreter Development NumPy Development.Module Development.Embed \n'}
[4.581808] (roarm_moveit_config) StdoutLine: {'line': b'-- Symlinking: /home/v1/Desktop/Beizo/arm_ws/install/roarm_moveit_config/share/roarm_moveit_config/environment/path.dsv\n'}
[4.592971] (roarm_moveit_config) StdoutLine: {'line': b'-- Symlinking: /home/v1/Desktop/Beizo/arm_ws/install/roarm_moveit_config/share/roarm_moveit_config/local_setup.bash\n'}
[4.600180] (roarm_moveit_config) StdoutLine: {'line': b'-- Symlinking: /home/v1/Desktop/Beizo/arm_ws/install/roarm_moveit_config/share/roarm_moveit_config/local_setup.sh\n'}
[4.613444] (roarm_moveit_config) StdoutLine: {'line': b'-- Symlinking: /home/v1/Desktop/Beizo/arm_ws/install/roarm_moveit_config/share/roarm_moveit_config/local_setup.zsh\n'}
[4.614528] (-) TimerEvent: {}
[4.627545] (roarm_moveit_config) StdoutLine: {'line': b'-- Symlinking: /home/v1/Desktop/Beizo/arm_ws/install/roarm_moveit_config/share/roarm_moveit_config/local_setup.dsv\n'}
[4.630191] (roarm_msgs) StdoutLine: {'line': b'-- Configuring done (4.3s)\n'}
[4.636217] (roarm_moveit_config) StdoutLine: {'line': b'-- Symlinking: /home/v1/Desktop/Beizo/arm_ws/install/roarm_moveit_config/share/roarm_moveit_config/package.dsv\n'}
[4.645946] (roarm_moveit_config) StdoutLine: {'line': b'-- Symlinking: /home/v1/Desktop/Beizo/arm_ws/install/roarm_moveit_config/share/ament_index/resource_index/packages/roarm_moveit_config\n'}
[4.656897] (roarm_moveit_config) StdoutLine: {'line': b'-- Symlinking: /home/v1/Desktop/Beizo/arm_ws/install/roarm_moveit_config/share/roarm_moveit_config/cmake/roarm_moveit_configConfig.cmake\n'}
[4.678770] (roarm_moveit_config) StdoutLine: {'line': b'-- Symlinking: /home/v1/Desktop/Beizo/arm_ws/install/roarm_moveit_config/share/roarm_moveit_config/cmake/roarm_moveit_configConfig-version.cmake\n'}
[4.700197] (roarm_moveit_config) StdoutLine: {'line': b'-- Symlinking: /home/v1/Desktop/Beizo/arm_ws/install/roarm_moveit_config/share/roarm_moveit_config/package.xml\n'}
[4.700669] (roarm_msgs) StdoutLine: {'line': b'-- Generating done (0.1s)\n'}
[4.714666] (-) TimerEvent: {}
[4.722402] (roarm_moveit_config) CommandEnded: {'returncode': 0}
[4.736314] (roarm_msgs) StdoutLine: {'line': b'-- Build files have been written to: /home/v1/Desktop/Beizo/arm_ws/build/roarm_msgs\n'}
[4.754071] (roarm_moveit_config) JobEnded: {'identifier': 'roarm_moveit_config', 'rc': 0}
[4.756980] (roarm_msgs) CommandEnded: {'returncode': 0}
[4.759098] (roarm_msgs) JobProgress: {'identifier': 'roarm_msgs', 'progress': 'build'}
[4.759174] (roarm_msgs) Command: {'cmd': ['/usr/bin/cmake', '--build', '/home/v1/Desktop/Beizo/arm_ws/build/roarm_msgs', '--', '-j8', '-l8'], 'cwd': '/home/v1/Desktop/Beizo/arm_ws/build/roarm_msgs', 'env': OrderedDict({'LESSOPEN': '| /usr/bin/lesspipe %s', 'CONDA_PROMPT_MODIFIER': '', 'USER': 'v1', 'GZ_CONFIG_PATH': '/opt/ros/jazzy/opt/gz_sim_vendor/share/gz:/opt/ros/jazzy/opt/sdformat_vendor/share/gz:/opt/ros/jazzy/opt/gz_gui_vendor/share/gz:/opt/ros/jazzy/opt/gz_transport_vendor/share/gz:/opt/ros/jazzy/opt/gz_rendering_vendor/share/gz:/opt/ros/jazzy/opt/gz_plugin_vendor/share/gz:/opt/ros/jazzy/opt/gz_fuel_tools_vendor/share/gz:/opt/ros/jazzy/opt/gz_msgs_vendor/share/gz:/opt/ros/jazzy/opt/gz_common_vendor/share/gz', 'XDG_SESSION_TYPE': 'x11', 'SHLVL': '1', 'LD_LIBRARY_PATH': '/home/v1/Desktop/Beizo/arm_ws/install/roarm_msgs/lib:/opt/ros/jazzy/opt/gz_sim_vendor/lib:/opt/ros/jazzy/opt/gz_sensors_vendor/lib:/opt/ros/jazzy/opt/gz_physics_vendor/lib:/opt/ros/jazzy/opt/sdformat_vendor/lib:/opt/ros/jazzy/opt/rviz_ogre_vendor/lib:/opt/ros/jazzy/lib/x86_64-linux-gnu:/opt/ros/jazzy/opt/gz_gui_vendor/lib:/opt/ros/jazzy/opt/gz_transport_vendor/lib:/opt/ros/jazzy/opt/gz_rendering_vendor/lib:/opt/ros/jazzy/opt/gz_plugin_vendor/lib:/opt/ros/jazzy/opt/gz_fuel_tools_vendor/lib:/opt/ros/jazzy/opt/gz_msgs_vendor/lib:/opt/ros/jazzy/opt/gz_common_vendor/lib:/opt/ros/jazzy/opt/gz_math_vendor/lib:/opt/ros/jazzy/opt/gz_utils_vendor/lib:/opt/ros/jazzy/opt/gz_tools_vendor/lib:/opt/ros/jazzy/opt/gz_ogre_next_vendor/lib:/opt/ros/jazzy/opt/gz_dartsim_vendor/lib:/opt/ros/jazzy/opt/gz_cmake_vendor/lib:/opt/ros/jazzy/lib', 'HOME': '/home/v1', 'CONDA_SHLVL': '0', 'OLDPWD': '/home/v1/Desktop/Beizo/arm_ws', 'DESKTOP_SESSION': 'ubuntu', 'ROS_PYTHON_VERSION': '3', 'GNOME_SHELL_SESSION_MODE': 'ubuntu', 'GTK_MODULES': 'gail:atk-bridge', 'DBUS_STARTER_BUS_TYPE': 'session', 'SYSTEMD_EXEC_PID': '2804', 'GSM_SKIP_SSH_AGENT_WORKAROUND': 'true', 'DBUS_SESSION_BUS_ADDRESS': 'unix:path=/run/user/1000/bus,guid=3ba906d04fd751587edc35ef69c00925', 'COLORTERM': 'truecolor', '_CE_M': '', '_CONDA_ROOT': '/home/v1/miniconda3', 'DEBUGINFOD_URLS': 'https://debuginfod.ubuntu.com', 'COLCON_PREFIX_PATH': '/home/v1/Desktop/Beizo/arm_ws/install', 'ROS_DISTRO': 'jazzy', 'LOGNAME': 'v1', '_': '/usr/bin/colcon', 'ROS_VERSION': '2', 'MEMORY_PRESSURE_WATCH': '/sys/fs/cgroup/user.slice/user-1000.slice/user@1000.service/app.slice/app-gnome\\x2dsession\\x2dmanager.slice/gnome-session-manager@ubuntu.service/memory.pressure', 'XDG_SESSION_CLASS': 'user', 'USERNAME': 'v1', 'TERM': 'xterm-256color', 'GNOME_DESKTOP_SESSION_ID': 'this-is-deprecated', '_CE_CONDA': '', 'WINDOWPATH': '2', 'PATH': '/home/v1/.local/bin:/opt/ros/jazzy/opt/gz_msgs_vendor/bin:/opt/ros/jazzy/opt/gz_tools_vendor/bin:/opt/ros/jazzy/opt/gz_ogre_next_vendor/bin:/opt/ros/jazzy/bin:/home/v1/miniconda3/condabin:/home/v1/.local/bin:/usr/local/sbin:/usr/local/bin:/usr/sbin:/usr/bin:/sbin:/bin:/usr/games:/usr/local/games:/snap/bin:/snap/bin', 'SESSION_MANAGER': 'local/v1-HP:@/tmp/.ICE-unix/2804,unix/v1-HP:/tmp/.ICE-unix/2804', 'XDG_MENU_PREFIX': 'gnome-', 'GNOME_TERMINAL_SCREEN': '/org/gnome/Terminal/screen/e1b9f660_fc67_4777_a564_ed89d225cadb', 'XDG_RUNTIME_DIR': '/run/user/1000', 'DISPLAY': ':1', 'LANG': 'en_US.UTF-8', 'XDG_CURRENT_DESKTOP': 'ubuntu:GNOME', 'RMW_IMPLEMENTATION': 'rmw_cyclonedds_cpp', 'XMODIFIERS': '@im=ibus', 'XDG_SESSION_DESKTOP': 'ubuntu', 'XAUTHORITY': '/run/user/1000/gdm/Xauthority', 'LS_COLORS': 'rs=0:di=01;34:ln=01;36:mh=00:pi=40;33:so=01;35:do=01;35:bd=40;33;01:cd=40;33;01:or=40;31;01:mi=00:su=37;41:sg=30;43:ca=00:tw=30;42:ow=34;42:st=37;44:ex=01;32:*.tar=01;31:*.tgz=01;31:*.arc=01;31:*.arj=01;31:*.taz=01;31:*.lha=01;31:*.lz4=01;31:*.lzh=01;31:*.lzma=01;31:*.tlz=01;31:*.txz=01;31:*.tzo=01;31:*.t7z=01;31:*.zip=01;31:*.z=01;31:*.dz=01;31:*.gz=01;31:*.lrz=01;31:*.lz=01;31:*.lzo=01;31:*.xz=01;31:*.zst=01;31:*.tzst=01;31:*.bz2=01;31:*.bz=01;31:*.tbz=01;31:*.tbz2=01;31:*.tz=01;31:*.deb=01;31:*.rpm=01;31:*.jar=01;31:*.war=01;31:*.ear=01;31:*.sar=01;31:*.rar=01;31:*.alz=01;31:*.ace=01;31:*.zoo=01;31:*.cpio=01;31:*.7z=01;31:*.rz=01;31:*.cab=01;31:*.wim=01;31:*.swm=01;31:*.dwm=01;31:*.esd=01;31:*.avif=01;35:*.jpg=01;35:*.jpeg=01;35:*.mjpg=01;35:*.mjpeg=01;35:*.gif=01;35:*.bmp=01;35:*.pbm=01;35:*.pgm=01;35:*.ppm=01;35:*.tga=01;35:*.xbm=01;35:*.xpm=01;35:*.tif=01;35:*.tiff=01;35:*.png=01;35:*.svg=01;35:*.svgz=01;35:*.mng=01;35:*.pcx=01;35:*.mov=01;35:*.mpg=01;35:*.mpeg=01;35:*.m2v=01;35:*.mkv=01;35:*.webm=01;35:*.webp=01;35:*.ogm=01;35:*.mp4=01;35:*.m4v=01;35:*.mp4v=01;35:*.vob=01;35:*.qt=01;35:*.nuv=01;35:*.wmv=01;35:*.asf=01;35:*.rm=01;35:*.rmvb=01;35:*.flc=01;35:*.avi=01;35:*.fli=01;35:*.flv=01;35:*.gl=01;35:*.dl=01;35:*.xcf=01;35:*.xwd=01;35:*.yuv=01;35:*.cgm=01;35:*.emf=01;35:*.ogv=01;35:*.ogx=01;35:*.aac=00;36:*.au=00;36:*.flac=00;36:*.m4a=00;36:*.mid=00;36:*.midi=00;36:*.mka=00;36:*.mp3=00;36:*.mpc=00;36:*.ogg=00;36:*.ra=00;36:*.wav=00;36:*.oga=00;36:*.opus=00;36:*.spx=00;36:*.xspf=00;36:*~=00;90:*#=00;90:*.bak=00;90:*.crdownload=00;90:*.dpkg-dist=00;90:*.dpkg-new=00;90:*.dpkg-old=00;90:*.dpkg-tmp=00;90:*.old=00;90:*.orig=00;90:*.part=00;90:*.rej=00;90:*.rpmnew=00;90:*.rpmorig=00;90:*.rpmsave=00;90:*.swp=00;90:*.tmp=00;90:*.ucf-dist=00;90:*.ucf-new=00;90:*.ucf-old=00;90:', 'GNOME_TERMINAL_SERVICE': ':1.616', 'SSH_AUTH_SOCK': '/run/user/1000/keyring/ssh', 'AMENT_PREFIX_PATH': '/home/v1/Desktop/Beizo/arm_ws/install/roarm_msgs:/home/v1/Desktop/Beizo/arm_ws/install/roarm_moveit_config:/home/v1/Desktop/Beizo/arm_ws/install/roarm_moveit_cmd:/home/v1/Desktop/Beizo/arm_ws/install/roarm_driver:/home/v1/Desktop/Beizo/arm_ws/install/roarm_description:/opt/ros/jazzy', 'CONDA_PYTHON_EXE': '/home/v1/miniconda3/bin/python', 'SHELL': '/bin/bash', 'QT_ACCESSIBILITY': '1', 'GDMSESSION': 'ubuntu', 'LESSCLOSE': '/usr/bin/lesspipe %s %s', 'CONDA_DEFAULT_ENV': '', 'GPG_AGENT_INFO': '/run/user/1000/gnupg/S.gpg-agent:0:1', '_CONDA_EXE': '/home/v1/miniconda3/bin/conda', 'ROS_AUTOMATIC_DISCOVERY_RANGE': 'SUBNET', 'QT_IM_MODULE': 'ibus', 'PWD': '/home/v1/Desktop/Beizo/arm_ws/build/roarm_msgs', 'LC_ALL': 'en_US.UTF-8', 'XDG_CONFIG_DIRS': '/etc/xdg/xdg-ubuntu:/etc/xdg', 'CONDA_EXE': '/home/v1/miniconda3/bin/conda', 'DBUS_STARTER_ADDRESS': 'unix:path=/run/user/1000/bus,guid=3ba906d04fd751587edc35ef69c00925', 'XDG_DATA_DIRS': '/usr/share/ubuntu:/usr/share/gnome:/usr/local/share/:/usr/share/:/var/lib/snapd/desktop', 'PYTHONPATH': '/home/v1/Desktop/Beizo/arm_ws/install/roarm_msgs/lib/python3.12/site-packages:/home/v1/Desktop/Beizo/arm_ws/install/roarm_moveit_cmd/lib/python3.12/site-packages:/home/v1/Desktop/Beizo/arm_ws/install/roarm_driver/lib/python3.12/site-packages:/home/v1/Desktop/Beizo/arm_ws/install/roarm_description/lib/python3.12/site-packages:/opt/ros/jazzy/lib/python3.12/site-packages', 'CONDA_PREFIX': '', 'COLCON': '1', 'MEMORY_PRESSURE_WRITE': 'c29tZSAyMDAwMDAgMjAwMDAwMAA=', 'VTE_VERSION': '7600', 'CMAKE_PREFIX_PATH': '/home/v1/Desktop/Beizo/arm_ws/install/roarm_msgs:/home/v1/Desktop/Beizo/arm_ws/install/roarm_moveit_config:/opt/ros/jazzy/opt/gz_sim_vendor:/opt/ros/jazzy/opt/gz_sensors_vendor:/opt/ros/jazzy/opt/gz_physics_vendor:/opt/ros/jazzy/opt/sdformat_vendor:/opt/ros/jazzy/opt/gz_gui_vendor:/opt/ros/jazzy/opt/gz_transport_vendor:/opt/ros/jazzy/opt/gz_rendering_vendor:/opt/ros/jazzy/opt/gz_plugin_vendor:/opt/ros/jazzy/opt/gz_fuel_tools_vendor:/opt/ros/jazzy/opt/gz_msgs_vendor:/opt/ros/jazzy/opt/gz_common_vendor:/opt/ros/jazzy/opt/gz_math_vendor:/opt/ros/jazzy/opt/gz_utils_vendor:/opt/ros/jazzy/opt/gz_tools_vendor:/opt/ros/jazzy/opt/gz_ogre_next_vendor:/opt/ros/jazzy/opt/gz_dartsim_vendor:/opt/ros/jazzy/opt/gz_cmake_vendor:/home/v1/Desktop/Beizo/arm_ws/install/roarm_moveit_cmd:/home/v1/Desktop/Beizo/arm_ws/install/roarm_driver:/home/v1/Desktop/Beizo/arm_ws/install/roarm_description:/opt/ros/jazzy'}), 'shell': False}
[4.814784] (-) TimerEvent: {}
[4.863217] (roarm_msgs) StdoutLine: {'line': b'[  2%] \x1b[34m\x1b[1mGenerating type hashes for ROS interfaces\x1b[0m\n'}
[4.880899] (roarm_msgs) StdoutLine: {'line': b'[  2%] Built target ament_cmake_python_symlink_roarm_msgs\n'}
[4.914911] (-) TimerEvent: {}
[5.015347] (-) TimerEvent: {}
[5.115745] (-) TimerEvent: {}
[5.216143] (-) TimerEvent: {}
[5.316506] (-) TimerEvent: {}
[5.352119] (roarm_msgs) StdoutLine: {'line': b'[  2%] Built target roarm_msgs__rosidl_generator_type_description\n'}
[5.375452] (roarm_msgs) StdoutLine: {'line': b'[  5%] \x1b[34m\x1b[1mGenerating C code for ROS interfaces\x1b[0m\n'}
[5.401060] (roarm_msgs) StdoutLine: {'line': b'[  8%] \x1b[34m\x1b[1mGenerating C++ code for ROS interfaces\x1b[0m\n'}
[5.416662] (-) TimerEvent: {}
[5.517131] (-) TimerEvent: {}
[5.617575] (-) TimerEvent: {}
[5.688202] (roarm_msgs) StdoutLine: {'line': b'running egg_info\n'}
[5.690172] (roarm_msgs) StdoutLine: {'line': b'creating roarm_msgs.egg-info\n'}
[5.717663] (-) TimerEvent: {}
[5.768362] (roarm_msgs) StdoutLine: {'line': b'writing roarm_msgs.egg-info/PKG-INFO\n'}
[5.769050] (roarm_msgs) StdoutLine: {'line': b'writing dependency_links to roarm_msgs.egg-info/dependency_links.txt\n'}
[5.769558] (roarm_msgs) StdoutLine: {'line': b'writing top-level names to roarm_msgs.egg-info/top_level.txt\n'}
[5.770712] (roarm_msgs) StdoutLine: {'line': b"writing manifest file 'roarm_msgs.egg-info/SOURCES.txt'\n"}
[5.817783] (-) TimerEvent: {}
[5.918190] (-) TimerEvent: {}
[6.014405] (roarm_msgs) StdoutLine: {'line': b"reading manifest file 'roarm_msgs.egg-info/SOURCES.txt'\n"}
[6.015801] (roarm_msgs) StdoutLine: {'line': b"writing manifest file 'roarm_msgs.egg-info/SOURCES.txt'\n"}
[6.018318] (-) TimerEvent: {}
[6.101470] (roarm_msgs) StdoutLine: {'line': b'[  8%] Built target ament_cmake_python_build_roarm_msgs_egg\n'}
[6.118416] (-) TimerEvent: {}
[6.129507] (roarm_msgs) StdoutLine: {'line': b'[ 14%] \x1b[32mBuilding C object CMakeFiles/roarm_msgs__rosidl_generator_c.dir/rosidl_generator_c/roarm_msgs/srv/detail/move_to_xyz__functions.c.o\x1b[0m\n'}
[6.129762] (roarm_msgs) StdoutLine: {'line': b'[ 14%] \x1b[32mBuilding C object CMakeFiles/roarm_msgs__rosidl_generator_c.dir/rosidl_generator_c/roarm_msgs/srv/detail/move_to_xyz__description.c.o\x1b[0m\n'}
[6.129915] (roarm_msgs) StdoutLine: {'line': b'[ 17%] \x1b[32mBuilding C object CMakeFiles/roarm_msgs__rosidl_generator_c.dir/rosidl_generator_c/roarm_msgs/srv/detail/move_to_xyz__type_support.c.o\x1b[0m\n'}
[6.159141] (roarm_msgs) StdoutLine: {'line': b'[ 17%] Built target roarm_msgs__cpp\n'}
[6.215123] (roarm_msgs) StdoutLine: {'line': b'[ 20%] \x1b[32m\x1b[1mLinking C shared library libroarm_msgs__rosidl_generator_c.so\x1b[0m\n'}
[6.218529] (-) TimerEvent: {}
[6.253281] (roarm_msgs) StdoutLine: {'line': b'[ 20%] Built target roarm_msgs__rosidl_generator_c\n'}
[6.267275] (roarm_msgs) StdoutLine: {'line': b'[ 23%] \x1b[34m\x1b[1mGenerating C introspection for ROS interfaces\x1b[0m\n'}
[6.267697] (roarm_msgs) StdoutLine: {'line': b'[ 26%] \x1b[34m\x1b[1mGenerating C type support for eProsima Fast-RTPS\x1b[0m\n'}
[6.268051] (roarm_msgs) StdoutLine: {'line': b'[ 35%] \x1b[34m\x1b[1mGenerating C++ introspection for ROS interfaces\x1b[0m\n'}
[6.268291] (roarm_msgs) StdoutLine: {'line': b'[ 35%] \x1b[34m\x1b[1mGenerating C type support dispatch for ROS interfaces\x1b[0m\n'}
[6.268501] (roarm_msgs) StdoutLine: {'line': b'[ 35%] \x1b[34m\x1b[1mGenerating C++ type support for eProsima Fast-RTPS\x1b[0m\n'}
[6.268763] (roarm_msgs) StdoutLine: {'line': b'[ 38%] \x1b[34m\x1b[1mGenerating C++ type support dispatch for ROS interfaces\x1b[0m\n'}
[6.319611] (-) TimerEvent: {}
[6.419905] (-) TimerEvent: {}
[6.520203] (-) TimerEvent: {}
[6.608637] (roarm_msgs) StdoutLine: {'line': b'[ 41%] \x1b[32mBuilding CXX object CMakeFiles/roarm_msgs__rosidl_typesupport_introspection_cpp.dir/rosidl_typesupport_introspection_cpp/roarm_msgs/srv/detail/move_to_xyz__type_support.cpp.o\x1b[0m\n'}
[6.621626] (-) TimerEvent: {}
[6.719617] (roarm_msgs) StdoutLine: {'line': b'[ 44%] \x1b[32mBuilding CXX object CMakeFiles/roarm_msgs__rosidl_typesupport_fastrtps_c.dir/rosidl_typesupport_fastrtps_c/roarm_msgs/srv/detail/move_to_xyz__type_support_c.cpp.o\x1b[0m\n'}
[6.721716] (-) TimerEvent: {}
[6.750623] (roarm_msgs) StdoutLine: {'line': b'[ 47%] \x1b[32mBuilding CXX object CMakeFiles/roarm_msgs__rosidl_typesupport_c.dir/rosidl_typesupport_c/roarm_msgs/srv/move_to_xyz__type_support.cpp.o\x1b[0m\n'}
[6.751438] (roarm_msgs) StdoutLine: {'line': b'[ 50%] \x1b[32mBuilding CXX object CMakeFiles/roarm_msgs__rosidl_typesupport_cpp.dir/rosidl_typesupport_cpp/roarm_msgs/srv/move_to_xyz__type_support.cpp.o\x1b[0m\n'}
[6.815067] (roarm_msgs) StdoutLine: {'line': b'[ 52%] \x1b[32mBuilding C object CMakeFiles/roarm_msgs__rosidl_typesupport_introspection_c.dir/rosidl_typesupport_introspection_c/roarm_msgs/srv/detail/move_to_xyz__type_support.c.o\x1b[0m\n'}
[6.821853] (-) TimerEvent: {}
[6.839224] (roarm_msgs) StdoutLine: {'line': b'[ 55%] \x1b[32m\x1b[1mLinking CXX shared library libroarm_msgs__rosidl_typesupport_c.so\x1b[0m\n'}
[6.879638] (roarm_msgs) StdoutLine: {'line': b'[ 58%] \x1b[32mBuilding CXX object CMakeFiles/roarm_msgs__rosidl_typesupport_fastrtps_cpp.dir/rosidl_typesupport_fastrtps_cpp/roarm_msgs/srv/detail/dds_fastrtps/move_to_xyz__type_support.cpp.o\x1b[0m\n'}
[6.907581] (roarm_msgs) StdoutLine: {'line': b'[ 61%] \x1b[32m\x1b[1mLinking C shared library libroarm_msgs__rosidl_typesupport_introspection_c.so\x1b[0m\n'}
[6.917570] (roarm_msgs) StdoutLine: {'line': b'[ 61%] Built target roarm_msgs__rosidl_typesupport_c\n'}
[6.921945] (-) TimerEvent: {}
[6.961371] (roarm_msgs) StdoutLine: {'line': b'[ 61%] Built target roarm_msgs__rosidl_typesupport_introspection_c\n'}
[7.022050] (-) TimerEvent: {}
[7.122364] (-) TimerEvent: {}
[7.210748] (roarm_msgs) StdoutLine: {'line': b'[ 64%] \x1b[32m\x1b[1mLinking CXX shared library libroarm_msgs__rosidl_typesupport_introspection_cpp.so\x1b[0m\n'}
[7.222479] (-) TimerEvent: {}
[7.310249] (roarm_msgs) StdoutLine: {'line': b'[ 67%] \x1b[32m\x1b[1mLinking CXX shared library libroarm_msgs__rosidl_typesupport_cpp.so\x1b[0m\n'}
[7.322610] (-) TimerEvent: {}
[7.334786] (roarm_msgs) StdoutLine: {'line': b'[ 67%] Built target roarm_msgs__rosidl_typesupport_introspection_cpp\n'}
[7.399027] (roarm_msgs) StdoutLine: {'line': b'[ 70%] \x1b[32m\x1b[1mLinking CXX shared library libroarm_msgs__rosidl_typesupport_fastrtps_c.so\x1b[0m\n'}
[7.407532] (roarm_msgs) StdoutLine: {'line': b'[ 70%] Built target roarm_msgs__rosidl_typesupport_cpp\n'}
[7.422728] (-) TimerEvent: {}
[7.486760] (roarm_msgs) StdoutLine: {'line': b'[ 70%] Built target roarm_msgs__rosidl_typesupport_fastrtps_c\n'}
[7.522819] (-) TimerEvent: {}
[7.623123] (-) TimerEvent: {}
[7.678755] (roarm_msgs) StdoutLine: {'line': b'[ 73%] \x1b[32m\x1b[1mLinking CXX shared library libroarm_msgs__rosidl_typesupport_fastrtps_cpp.so\x1b[0m\n'}
[7.723292] (-) TimerEvent: {}
[7.823696] (-) TimerEvent: {}
[7.834172] (roarm_msgs) StdoutLine: {'line': b'[ 73%] Built target roarm_msgs__rosidl_typesupport_fastrtps_cpp\n'}
[7.876464] (roarm_msgs) StdoutLine: {'line': b'[ 73%] Built target roarm_msgs\n'}
[7.918031] (roarm_msgs) StdoutLine: {'line': b'[ 76%] \x1b[34m\x1b[1mGenerating Python code for ROS interfaces\x1b[0m\n'}
[7.923852] (-) TimerEvent: {}
[8.024241] (-) TimerEvent: {}
[8.124645] (-) TimerEvent: {}
[8.225031] (-) TimerEvent: {}
[8.325418] (-) TimerEvent: {}
[8.425794] (-) TimerEvent: {}
[8.526193] (-) TimerEvent: {}
[8.626583] (-) TimerEvent: {}
[8.726957] (-) TimerEvent: {}
[8.756083] (roarm_msgs) StdoutLine: {'line': b'[ 76%] Built target roarm_msgs__py\n'}
[8.804294] (roarm_msgs) StdoutLine: {'line': b'[ 79%] \x1b[32mBuilding C object CMakeFiles/roarm_msgs__rosidl_generator_py.dir/rosidl_generator_py/roarm_msgs/srv/_move_to_xyz_s.c.o\x1b[0m\n'}
[8.827114] (-) TimerEvent: {}
[8.927535] (-) TimerEvent: {}
[9.027996] (-) TimerEvent: {}
[9.128428] (-) TimerEvent: {}
[9.130907] (roarm_msgs) StdoutLine: {'line': b'[ 82%] \x1b[32m\x1b[1mLinking C shared library libroarm_msgs__rosidl_generator_py.so\x1b[0m\n'}
[9.207483] (roarm_msgs) StdoutLine: {'line': b'[ 82%] Built target roarm_msgs__rosidl_generator_py\n'}
[9.228638] (roarm_msgs) StdoutLine: {'line': b'[ 88%] \x1b[32mBuilding C object CMakeFiles/roarm_msgs_s__rosidl_typesupport_c.dir/rosidl_generator_py/roarm_msgs/_roarm_msgs_s.ep.rosidl_typesupport_c.c.o\x1b[0m\n'}
[9.228878] (-) TimerEvent: {}
[9.228993] (roarm_msgs) StdoutLine: {'line': b'[ 88%] \x1b[32mBuilding C object CMakeFiles/roarm_msgs_s__rosidl_typesupport_fastrtps_c.dir/rosidl_generator_py/roarm_msgs/_roarm_msgs_s.ep.rosidl_typesupport_fastrtps_c.c.o\x1b[0m\n'}
[9.229712] (roarm_msgs) StdoutLine: {'line': b'[ 91%] \x1b[32mBuilding C object CMakeFiles/roarm_msgs_s__rosidl_typesupport_introspection_c.dir/rosidl_generator_py/roarm_msgs/_roarm_msgs_s.ep.rosidl_typesupport_introspection_c.c.o\x1b[0m\n'}
[9.328987] (-) TimerEvent: {}
[9.340441] (roarm_msgs) StdoutLine: {'line': b'[ 94%] \x1b[32m\x1b[1mLinking C shared module rosidl_generator_py/roarm_msgs/roarm_msgs_s__rosidl_typesupport_c.so\x1b[0m\n'}
[9.341989] (roarm_msgs) StdoutLine: {'line': b'[ 97%] \x1b[32m\x1b[1mLinking C shared module rosidl_generator_py/roarm_msgs/roarm_msgs_s__rosidl_typesupport_introspection_c.so\x1b[0m\n'}
[9.343990] (roarm_msgs) StdoutLine: {'line': b'[100%] \x1b[32m\x1b[1mLinking C shared module rosidl_generator_py/roarm_msgs/roarm_msgs_s__rosidl_typesupport_fastrtps_c.so\x1b[0m\n'}
[9.375781] (roarm_msgs) StdoutLine: {'line': b'[100%] Built target roarm_msgs_s__rosidl_typesupport_introspection_c\n'}
[9.377292] (roarm_msgs) StdoutLine: {'line': b'[100%] Built target roarm_msgs_s__rosidl_typesupport_c\n'}
[9.381094] (roarm_msgs) StdoutLine: {'line': b'[100%] Built target roarm_msgs_s__rosidl_typesupport_fastrtps_c\n'}
[9.392794] (roarm_msgs) CommandEnded: {'returncode': 0}
[9.393482] (roarm_msgs) JobProgress: {'identifier': 'roarm_msgs', 'progress': 'install'}
[9.394415] (roarm_msgs) Command: {'cmd': ['/usr/bin/cmake', '--install', '/home/v1/Desktop/Beizo/arm_ws/build/roarm_msgs'], 'cwd': '/home/v1/Desktop/Beizo/arm_ws/build/roarm_msgs', 'env': OrderedDict({'LESSOPEN': '| /usr/bin/lesspipe %s', 'CONDA_PROMPT_MODIFIER': '', 'USER': 'v1', 'GZ_CONFIG_PATH': '/opt/ros/jazzy/opt/gz_sim_vendor/share/gz:/opt/ros/jazzy/opt/sdformat_vendor/share/gz:/opt/ros/jazzy/opt/gz_gui_vendor/share/gz:/opt/ros/jazzy/opt/gz_transport_vendor/share/gz:/opt/ros/jazzy/opt/gz_rendering_vendor/share/gz:/opt/ros/jazzy/opt/gz_plugin_vendor/share/gz:/opt/ros/jazzy/opt/gz_fuel_tools_vendor/share/gz:/opt/ros/jazzy/opt/gz_msgs_vendor/share/gz:/opt/ros/jazzy/opt/gz_common_vendor/share/gz', 'XDG_SESSION_TYPE': 'x11', 'SHLVL': '1', 'LD_LIBRARY_PATH': '/home/v1/Desktop/Beizo/arm_ws/install/roarm_msgs/lib:/opt/ros/jazzy/opt/gz_sim_vendor/lib:/opt/ros/jazzy/opt/gz_sensors_vendor/lib:/opt/ros/jazzy/opt/gz_physics_vendor/lib:/opt/ros/jazzy/opt/sdformat_vendor/lib:/opt/ros/jazzy/opt/rviz_ogre_vendor/lib:/opt/ros/jazzy/lib/x86_64-linux-gnu:/opt/ros/jazzy/opt/gz_gui_vendor/lib:/opt/ros/jazzy/opt/gz_transport_vendor/lib:/opt/ros/jazzy/opt/gz_rendering_vendor/lib:/opt/ros/jazzy/opt/gz_plugin_vendor/lib:/opt/ros/jazzy/opt/gz_fuel_tools_vendor/lib:/opt/ros/jazzy/opt/gz_msgs_vendor/lib:/opt/ros/jazzy/opt/gz_common_vendor/lib:/opt/ros/jazzy/opt/gz_math_vendor/lib:/opt/ros/jazzy/opt/gz_utils_vendor/lib:/opt/ros/jazzy/opt/gz_tools_vendor/lib:/opt/ros/jazzy/opt/gz_ogre_next_vendor/lib:/opt/ros/jazzy/opt/gz_dartsim_vendor/lib:/opt/ros/jazzy/opt/gz_cmake_vendor/lib:/opt/ros/jazzy/lib', 'HOME': '/home/v1', 'CONDA_SHLVL': '0', 'OLDPWD': '/home/v1/Desktop/Beizo/arm_ws', 'DESKTOP_SESSION': 'ubuntu', 'ROS_PYTHON_VERSION': '3', 'GNOME_SHELL_SESSION_MODE': 'ubuntu', 'GTK_MODULES': 'gail:atk-bridge', 'DBUS_STARTER_BUS_TYPE': 'session', 'SYSTEMD_EXEC_PID': '2804', 'GSM_SKIP_SSH_AGENT_WORKAROUND': 'true', 'DBUS_SESSION_BUS_ADDRESS': 'unix:path=/run/user/1000/bus,guid=3ba906d04fd751587edc35ef69c00925', 'COLORTERM': 'truecolor', '_CE_M': '', '_CONDA_ROOT': '/home/v1/miniconda3', 'DEBUGINFOD_URLS': 'https://debuginfod.ubuntu.com', 'COLCON_PREFIX_PATH': '/home/v1/Desktop/Beizo/arm_ws/install', 'ROS_DISTRO': 'jazzy', 'LOGNAME': 'v1', '_': '/usr/bin/colcon', 'ROS_VERSION': '2', 'MEMORY_PRESSURE_WATCH': '/sys/fs/cgroup/user.slice/user-1000.slice/user@1000.service/app.slice/app-gnome\\x2dsession\\x2dmanager.slice/gnome-session-manager@ubuntu.service/memory.pressure', 'XDG_SESSION_CLASS': 'user', 'USERNAME': 'v1', 'TERM': 'xterm-256color', 'GNOME_DESKTOP_SESSION_ID': 'this-is-deprecated', '_CE_CONDA': '', 'WINDOWPATH': '2', 'PATH': '/home/v1/.local/bin:/opt/ros/jazzy/opt/gz_msgs_vendor/bin:/opt/ros/jazzy/opt/gz_tools_vendor/bin:/opt/ros/jazzy/opt/gz_ogre_next_vendor/bin:/opt/ros/jazzy/bin:/home/v1/miniconda3/condabin:/home/v1/.local/bin:/usr/local/sbin:/usr/local/bin:/usr/sbin:/usr/bin:/sbin:/bin:/usr/games:/usr/local/games:/snap/bin:/snap/bin', 'SESSION_MANAGER': 'local/v1-HP:@/tmp/.ICE-unix/2804,unix/v1-HP:/tmp/.ICE-unix/2804', 'XDG_MENU_PREFIX': 'gnome-', 'GNOME_TERMINAL_SCREEN': '/org/gnome/Terminal/screen/e1b9f660_fc67_4777_a564_ed89d225cadb', 'XDG_RUNTIME_DIR': '/run/user/1000', 'DISPLAY': ':1', 'LANG': 'en_US.UTF-8', 'XDG_CURRENT_DESKTOP': 'ubuntu:GNOME', 'RMW_IMPLEMENTATION': 'rmw_cyclonedds_cpp', 'XMODIFIERS': '@im=ibus', 'XDG_SESSION_DESKTOP': 'ubuntu', 'XAUTHORITY': '/run/user/1000/gdm/Xauthority', 'LS_COLORS': 'rs=0:di=01;34:ln=01;36:mh=00:pi=40;33:so=01;35:do=01;35:bd=40;33;01:cd=40;33;01:or=40;31;01:mi=00:su=37;41:sg=30;43:ca=00:tw=30;42:ow=34;42:st=37;44:ex=01;32:*.tar=01;31:*.tgz=01;31:*.arc=01;31:*.arj=01;31:*.taz=01;31:*.lha=01;31:*.lz4=01;31:*.lzh=01;31:*.lzma=01;31:*.tlz=01;31:*.txz=01;31:*.tzo=01;31:*.t7z=01;31:*.zip=01;31:*.z=01;31:*.dz=01;31:*.gz=01;31:*.lrz=01;31:*.lz=01;31:*.lzo=01;31:*.xz=01;31:*.zst=01;31:*.tzst=01;31:*.bz2=01;31:*.bz=01;31:*.tbz=01;31:*.tbz2=01;31:*.tz=01;31:*.deb=01;31:*.rpm=01;31:*.jar=01;31:*.war=01;31:*.ear=01;31:*.sar=01;31:*.rar=01;31:*.alz=01;31:*.ace=01;31:*.zoo=01;31:*.cpio=01;31:*.7z=01;31:*.rz=01;31:*.cab=01;31:*.wim=01;31:*.swm=01;31:*.dwm=01;31:*.esd=01;31:*.avif=01;35:*.jpg=01;35:*.jpeg=01;35:*.mjpg=01;35:*.mjpeg=01;35:*.gif=01;35:*.bmp=01;35:*.pbm=01;35:*.pgm=01;35:*.ppm=01;35:*.tga=01;35:*.xbm=01;35:*.xpm=01;35:*.tif=01;35:*.tiff=01;35:*.png=01;35:*.svg=01;35:*.svgz=01;35:*.mng=01;35:*.pcx=01;35:*.mov=01;35:*.mpg=01;35:*.mpeg=01;35:*.m2v=01;35:*.mkv=01;35:*.webm=01;35:*.webp=01;35:*.ogm=01;35:*.mp4=01;35:*.m4v=01;35:*.mp4v=01;35:*.vob=01;35:*.qt=01;35:*.nuv=01;35:*.wmv=01;35:*.asf=01;35:*.rm=01;35:*.rmvb=01;35:*.flc=01;35:*.avi=01;35:*.fli=01;35:*.flv=01;35:*.gl=01;35:*.dl=01;35:*.xcf=01;35:*.xwd=01;35:*.yuv=01;35:*.cgm=01;35:*.emf=01;35:*.ogv=01;35:*.ogx=01;35:*.aac=00;36:*.au=00;36:*.flac=00;36:*.m4a=00;36:*.mid=00;36:*.midi=00;36:*.mka=00;36:*.mp3=00;36:*.mpc=00;36:*.ogg=00;36:*.ra=00;36:*.wav=00;36:*.oga=00;36:*.opus=00;36:*.spx=00;36:*.xspf=00;36:*~=00;90:*#=00;90:*.bak=00;90:*.crdownload=00;90:*.dpkg-dist=00;90:*.dpkg-new=00;90:*.dpkg-old=00;90:*.dpkg-tmp=00;90:*.old=00;90:*.orig=00;90:*.part=00;90:*.rej=00;90:*.rpmnew=00;90:*.rpmorig=00;90:*.rpmsave=00;90:*.swp=00;90:*.tmp=00;90:*.ucf-dist=00;90:*.ucf-new=00;90:*.ucf-old=00;90:', 'GNOME_TERMINAL_SERVICE': ':1.616', 'SSH_AUTH_SOCK': '/run/user/1000/keyring/ssh', 'AMENT_PREFIX_PATH': '/home/v1/Desktop/Beizo/arm_ws/install/roarm_msgs:/home/v1/Desktop/Beizo/arm_ws/install/roarm_moveit_config:/home/v1/Desktop/Beizo/arm_ws/install/roarm_moveit_cmd:/home/v1/Desktop/Beizo/arm_ws/install/roarm_driver:/home/v1/Desktop/Beizo/arm_ws/install/roarm_description:/opt/ros/jazzy', 'CONDA_PYTHON_EXE': '/home/v1/miniconda3/bin/python', 'SHELL': '/bin/bash', 'QT_ACCESSIBILITY': '1', 'GDMSESSION': 'ubuntu', 'LESSCLOSE': '/usr/bin/lesspipe %s %s', 'CONDA_DEFAULT_ENV': '', 'GPG_AGENT_INFO': '/run/user/1000/gnupg/S.gpg-agent:0:1', '_CONDA_EXE': '/home/v1/miniconda3/bin/conda', 'ROS_AUTOMATIC_DISCOVERY_RANGE': 'SUBNET', 'QT_IM_MODULE': 'ibus', 'PWD': '/home/v1/Desktop/Beizo/arm_ws/build/roarm_msgs', 'LC_ALL': 'en_US.UTF-8', 'XDG_CONFIG_DIRS': '/etc/xdg/xdg-ubuntu:/etc/xdg', 'CONDA_EXE': '/home/v1/miniconda3/bin/conda', 'DBUS_STARTER_ADDRESS': 'unix:path=/run/user/1000/bus,guid=3ba906d04fd751587edc35ef69c00925', 'XDG_DATA_DIRS': '/usr/share/ubuntu:/usr/share/gnome:/usr/local/share/:/usr/share/:/var/lib/snapd/desktop', 'PYTHONPATH': '/home/v1/Desktop/Beizo/arm_ws/install/roarm_msgs/lib/python3.12/site-packages:/home/v1/Desktop/Beizo/arm_ws/install/roarm_moveit_cmd/lib/python3.12/site-packages:/home/v1/Desktop/Beizo/arm_ws/install/roarm_driver/lib/python3.12/site-packages:/home/v1/Desktop/Beizo/arm_ws/install/roarm_description/lib/python3.12/site-packages:/opt/ros/jazzy/lib/python3.12/site-packages', 'CONDA_PREFIX': '', 'COLCON': '1', 'MEMORY_PRESSURE_WRITE': 'c29tZSAyMDAwMDAgMjAwMDAwMAA=', 'VTE_VERSION': '7600', 'CMAKE_PREFIX_PATH': '/home/v1/Desktop/Beizo/arm_ws/install/roarm_msgs:/home/v1/Desktop/Beizo/arm_ws/install/roarm_moveit_config:/opt/ros/jazzy/opt/gz_sim_vendor:/opt/ros/jazzy/opt/gz_sensors_vendor:/opt/ros/jazzy/opt/gz_physics_vendor:/opt/ros/jazzy/opt/sdformat_vendor:/opt/ros/jazzy/opt/gz_gui_vendor:/opt/ros/jazzy/opt/gz_transport_vendor:/opt/ros/jazzy/opt/gz_rendering_vendor:/opt/ros/jazzy/opt/gz_plugin_vendor:/opt/ros/jazzy/opt/gz_fuel_tools_vendor:/opt/ros/jazzy/opt/gz_msgs_vendor:/opt/ros/jazzy/opt/gz_common_vendor:/opt/ros/jazzy/opt/gz_math_vendor:/opt/ros/jazzy/opt/gz_utils_vendor:/opt/ros/jazzy/opt/gz_tools_vendor:/opt/ros/jazzy/opt/gz_ogre_next_vendor:/opt/ros/jazzy/opt/gz_dartsim_vendor:/opt/ros/jazzy/opt/gz_cmake_vendor:/home/v1/Desktop/Beizo/arm_ws/install/roarm_moveit_cmd:/home/v1/Desktop/Beizo/arm_ws/install/roarm_driver:/home/v1/Desktop/Beizo/arm_ws/install/roarm_description:/opt/ros/jazzy'}), 'shell': False}
[9.403109] (roarm_msgs) StdoutLine: {'line': b'-- Install configuration: ""\n'}
[9.403380] (roarm_msgs) StdoutLine: {'line': b'-- Execute custom install script\n'}
[9.403613] (roarm_msgs) StdoutLine: {'line': b'-- Symlinking: /home/v1/Desktop/Beizo/arm_ws/install/roarm_msgs/share/ament_index/resource_index/rosidl_interfaces/roarm_msgs\n'}
[9.412339] (roarm_msgs) StdoutLine: {'line': b'-- Symlinking: /home/v1/Desktop/Beizo/arm_ws/install/roarm_msgs/share/roarm_msgs/srv/MoveToXYZ.json\n'}
[9.421249] (roarm_msgs) StdoutLine: {'line': b'-- Symlinking: /home/v1/Desktop/Beizo/arm_ws/install/roarm_msgs/include/roarm_msgs/roarm_msgs/msg/rosidl_generator_c__visibility_control.h\n'}
[9.429103] (-) TimerEvent: {}
[9.431806] (roarm_msgs) StdoutLine: {'line': b'-- Symlinking: /home/v1/Desktop/Beizo/arm_ws/install/roarm_msgs/include/roarm_msgs/roarm_msgs/srv/detail/move_to_xyz__functions.h\n'}
[9.443363] (roarm_msgs) StdoutLine: {'line': b'-- Symlinking: /home/v1/Desktop/Beizo/arm_ws/install/roarm_msgs/include/roarm_msgs/roarm_msgs/srv/detail/move_to_xyz__struct.h\n'}
[9.452493] (roarm_msgs) StdoutLine: {'line': b'-- Symlinking: /home/v1/Desktop/Beizo/arm_ws/install/roarm_msgs/include/roarm_msgs/roarm_msgs/srv/detail/move_to_xyz__type_support.h\n'}
[9.461691] (roarm_msgs) StdoutLine: {'line': b'-- Symlinking: /home/v1/Desktop/Beizo/arm_ws/install/roarm_msgs/include/roarm_msgs/roarm_msgs/srv/move_to_xyz.h\n'}
[9.470531] (roarm_msgs) StdoutLine: {'line': b'-- Symlinking: /home/v1/Desktop/Beizo/arm_ws/install/roarm_msgs/share/roarm_msgs/environment/library_path.sh\n'}
[9.479164] (roarm_msgs) StdoutLine: {'line': b'-- Symlinking: /home/v1/Desktop/Beizo/arm_ws/install/roarm_msgs/share/roarm_msgs/environment/library_path.dsv\n'}
[9.489176] (roarm_msgs) StdoutLine: {'line': b'-- Symlinking: /home/v1/Desktop/Beizo/arm_ws/install/roarm_msgs/include/roarm_msgs/roarm_msgs/msg/rosidl_typesupport_fastrtps_c__visibility_control.h\n'}
[9.497492] (roarm_msgs) StdoutLine: {'line': b'-- Symlinking: /home/v1/Desktop/Beizo/arm_ws/install/roarm_msgs/include/roarm_msgs/roarm_msgs/srv/detail/move_to_xyz__rosidl_typesupport_fastrtps_c.h\n'}
[9.506497] (roarm_msgs) StdoutLine: {'line': b'-- Symlinking: /home/v1/Desktop/Beizo/arm_ws/install/roarm_msgs/include/roarm_msgs/roarm_msgs/msg/rosidl_typesupport_introspection_c__visibility_control.h\n'}
[9.515507] (roarm_msgs) StdoutLine: {'line': b'-- Symlinking: /home/v1/Desktop/Beizo/arm_ws/install/roarm_msgs/include/roarm_msgs/roarm_msgs/srv/detail/move_to_xyz__rosidl_typesupport_introspection_c.h\n'}
[9.525584] (roarm_msgs) StdoutLine: {'line': b'-- Symlinking: /home/v1/Desktop/Beizo/arm_ws/install/roarm_msgs/include/roarm_msgs/roarm_msgs/msg/rosidl_generator_cpp__visibility_control.hpp\n'}
[9.529234] (-) TimerEvent: {}
[9.537589] (roarm_msgs) StdoutLine: {'line': b'-- Symlinking: /home/v1/Desktop/Beizo/arm_ws/install/roarm_msgs/include/roarm_msgs/roarm_msgs/srv/detail/move_to_xyz__builder.hpp\n'}
[9.546227] (roarm_msgs) StdoutLine: {'line': b'-- Symlinking: /home/v1/Desktop/Beizo/arm_ws/install/roarm_msgs/include/roarm_msgs/roarm_msgs/srv/detail/move_to_xyz__struct.hpp\n'}
[9.555396] (roarm_msgs) StdoutLine: {'line': b'-- Symlinking: /home/v1/Desktop/Beizo/arm_ws/install/roarm_msgs/include/roarm_msgs/roarm_msgs/srv/detail/move_to_xyz__traits.hpp\n'}
[9.564608] (roarm_msgs) StdoutLine: {'line': b'-- Symlinking: /home/v1/Desktop/Beizo/arm_ws/install/roarm_msgs/include/roarm_msgs/roarm_msgs/srv/detail/move_to_xyz__type_support.hpp\n'}
[9.574078] (roarm_msgs) StdoutLine: {'line': b'-- Symlinking: /home/v1/Desktop/Beizo/arm_ws/install/roarm_msgs/include/roarm_msgs/roarm_msgs/srv/move_to_xyz.hpp\n'}
[9.582600] (roarm_msgs) StdoutLine: {'line': b'-- Symlinking: /home/v1/Desktop/Beizo/arm_ws/install/roarm_msgs/include/roarm_msgs/roarm_msgs/msg/rosidl_typesupport_fastrtps_cpp__visibility_control.h\n'}
[9.591070] (roarm_msgs) StdoutLine: {'line': b'-- Symlinking: /home/v1/Desktop/Beizo/arm_ws/install/roarm_msgs/include/roarm_msgs/roarm_msgs/srv/detail/move_to_xyz__rosidl_typesupport_fastrtps_cpp.hpp\n'}
[9.600305] (roarm_msgs) StdoutLine: {'line': b'-- Symlinking: /home/v1/Desktop/Beizo/arm_ws/install/roarm_msgs/include/roarm_msgs/roarm_msgs/srv/detail/move_to_xyz__rosidl_typesupport_introspection_cpp.hpp\n'}
[9.608754] (roarm_msgs) StdoutLine: {'line': b'-- Symlinking: /home/v1/Desktop/Beizo/arm_ws/install/roarm_msgs/share/roarm_msgs/environment/pythonpath.sh\n'}
[9.618059] (roarm_msgs) StdoutLine: {'line': b'-- Symlinking: /home/v1/Desktop/Beizo/arm_ws/install/roarm_msgs/share/roarm_msgs/environment/pythonpath.dsv\n'}
[9.628169] (roarm_msgs) StdoutLine: {'line': b'-- Symlinking: /home/v1/Desktop/Beizo/arm_ws/install/roarm_msgs/lib/python3.12/site-packages/roarm_msgs-0.0.1-py3.12.egg-info/PKG-INFO\n'}
[9.629303] (-) TimerEvent: {}
[9.639510] (roarm_msgs) StdoutLine: {'line': b'-- Symlinking: /home/v1/Desktop/Beizo/arm_ws/install/roarm_msgs/lib/python3.12/site-packages/roarm_msgs-0.0.1-py3.12.egg-info/SOURCES.txt\n'}
[9.649331] (roarm_msgs) StdoutLine: {'line': b'-- Symlinking: /home/v1/Desktop/Beizo/arm_ws/install/roarm_msgs/lib/python3.12/site-packages/roarm_msgs-0.0.1-py3.12.egg-info/dependency_links.txt\n'}
[9.658626] (roarm_msgs) StdoutLine: {'line': b'-- Symlinking: /home/v1/Desktop/Beizo/arm_ws/install/roarm_msgs/lib/python3.12/site-packages/roarm_msgs-0.0.1-py3.12.egg-info/top_level.txt\n'}
[9.668504] (roarm_msgs) StdoutLine: {'line': b'-- Symlinking: /home/v1/Desktop/Beizo/arm_ws/install/roarm_msgs/lib/python3.12/site-packages/roarm_msgs/__init__.py\n'}
[9.677620] (roarm_msgs) StdoutLine: {'line': b'-- Symlinking: /home/v1/Desktop/Beizo/arm_ws/install/roarm_msgs/lib/python3.12/site-packages/roarm_msgs/_roarm_msgs_s.ep.rosidl_typesupport_c.c\n'}
[9.686670] (roarm_msgs) StdoutLine: {'line': b'-- Symlinking: /home/v1/Desktop/Beizo/arm_ws/install/roarm_msgs/lib/python3.12/site-packages/roarm_msgs/_roarm_msgs_s.ep.rosidl_typesupport_fastrtps_c.c\n'}
[9.695954] (roarm_msgs) StdoutLine: {'line': b'-- Symlinking: /home/v1/Desktop/Beizo/arm_ws/install/roarm_msgs/lib/python3.12/site-packages/roarm_msgs/_roarm_msgs_s.ep.rosidl_typesupport_introspection_c.c\n'}
[9.705474] (roarm_msgs) StdoutLine: {'line': b'-- Symlinking: /home/v1/Desktop/Beizo/arm_ws/install/roarm_msgs/lib/python3.12/site-packages/roarm_msgs/roarm_msgs_s__rosidl_typesupport_c.so\n'}
[9.715128] (roarm_msgs) StdoutLine: {'line': b'-- Symlinking: /home/v1/Desktop/Beizo/arm_ws/install/roarm_msgs/lib/python3.12/site-packages/roarm_msgs/roarm_msgs_s__rosidl_typesupport_fastrtps_c.so\n'}
[9.724552] (roarm_msgs) StdoutLine: {'line': b'-- Symlinking: /home/v1/Desktop/Beizo/arm_ws/install/roarm_msgs/lib/python3.12/site-packages/roarm_msgs/roarm_msgs_s__rosidl_typesupport_introspection_c.so\n'}
[9.729398] (-) TimerEvent: {}
[9.734683] (roarm_msgs) StdoutLine: {'line': b'-- Symlinking: /home/v1/Desktop/Beizo/arm_ws/install/roarm_msgs/lib/python3.12/site-packages/roarm_msgs/srv/__init__.py\n'}
[9.745446] (roarm_msgs) StdoutLine: {'line': b'-- Symlinking: /home/v1/Desktop/Beizo/arm_ws/install/roarm_msgs/lib/python3.12/site-packages/roarm_msgs/srv/_move_to_xyz.py\n'}
[9.755318] (roarm_msgs) StdoutLine: {'line': b'-- Symlinking: /home/v1/Desktop/Beizo/arm_ws/install/roarm_msgs/lib/python3.12/site-packages/roarm_msgs/srv/_move_to_xyz_s.c\n'}
[9.764391] (roarm_msgs) StdoutLine: {'line': b'-- Up-to-date symlink: /home/v1/Desktop/Beizo/arm_ws/install/roarm_msgs/lib/python3.12/site-packages/roarm_msgs/roarm_msgs_s__rosidl_typesupport_fastrtps_c.so\n'}
[9.764677] (roarm_msgs) StdoutLine: {'line': b'-- Up-to-date symlink: /home/v1/Desktop/Beizo/arm_ws/install/roarm_msgs/lib/python3.12/site-packages/roarm_msgs/roarm_msgs_s__rosidl_typesupport_introspection_c.so\n'}
[9.764938] (roarm_msgs) StdoutLine: {'line': b'-- Up-to-date symlink: /home/v1/Desktop/Beizo/arm_ws/install/roarm_msgs/lib/python3.12/site-packages/roarm_msgs/roarm_msgs_s__rosidl_typesupport_c.so\n'}
[9.765148] (roarm_msgs) StdoutLine: {'line': b'-- Symlinking: /home/v1/Desktop/Beizo/arm_ws/install/roarm_msgs/share/roarm_msgs/srv/MoveToXYZ.idl\n'}
[9.774212] (roarm_msgs) StdoutLine: {'line': b'-- Symlinking: /home/v1/Desktop/Beizo/arm_ws/install/roarm_msgs/share/roarm_msgs/srv/MoveToXYZ.srv\n'}
[9.783466] (roarm_msgs) StdoutLine: {'line': b'-- Symlinking: /home/v1/Desktop/Beizo/arm_ws/install/roarm_msgs/share/ament_index/resource_index/package_run_dependencies/roarm_msgs\n'}
[9.792549] (roarm_msgs) StdoutLine: {'line': b'-- Symlinking: /home/v1/Desktop/Beizo/arm_ws/install/roarm_msgs/share/ament_index/resource_index/parent_prefix_path/roarm_msgs\n'}
[9.801239] (roarm_msgs) StdoutLine: {'line': b'-- Symlinking: /home/v1/Desktop/Beizo/arm_ws/install/roarm_msgs/share/roarm_msgs/environment/ament_prefix_path.sh\n'}
[9.810963] (roarm_msgs) StdoutLine: {'line': b'-- Symlinking: /home/v1/Desktop/Beizo/arm_ws/install/roarm_msgs/share/roarm_msgs/environment/ament_prefix_path.dsv\n'}
[9.819854] (roarm_msgs) StdoutLine: {'line': b'-- Symlinking: /home/v1/Desktop/Beizo/arm_ws/install/roarm_msgs/share/roarm_msgs/environment/path.sh\n'}
[9.829523] (roarm_msgs) StdoutLine: {'line': b'-- Symlinking: /home/v1/Desktop/Beizo/arm_ws/install/roarm_msgs/share/roarm_msgs/environment/path.dsv\n'}
[9.829746] (-) TimerEvent: {}
[9.842262] (roarm_msgs) StdoutLine: {'line': b'-- Symlinking: /home/v1/Desktop/Beizo/arm_ws/install/roarm_msgs/share/roarm_msgs/local_setup.bash\n'}
[9.851289] (roarm_msgs) StdoutLine: {'line': b'-- Symlinking: /home/v1/Desktop/Beizo/arm_ws/install/roarm_msgs/share/roarm_msgs/local_setup.sh\n'}
[9.861492] (roarm_msgs) StdoutLine: {'line': b'-- Symlinking: /home/v1/Desktop/Beizo/arm_ws/install/roarm_msgs/share/roarm_msgs/local_setup.zsh\n'}
[9.871374] (roarm_msgs) StdoutLine: {'line': b'-- Symlinking: /home/v1/Desktop/Beizo/arm_ws/install/roarm_msgs/share/roarm_msgs/local_setup.dsv\n'}
[9.881625] (roarm_msgs) StdoutLine: {'line': b'-- Symlinking: /home/v1/Desktop/Beizo/arm_ws/install/roarm_msgs/share/roarm_msgs/package.dsv\n'}
[9.890814] (roarm_msgs) StdoutLine: {'line': b'-- Symlinking: /home/v1/Desktop/Beizo/arm_ws/install/roarm_msgs/share/ament_index/resource_index/packages/roarm_msgs\n'}
[9.900978] (roarm_msgs) StdoutLine: {'line': b'-- Symlinking: /home/v1/Desktop/Beizo/arm_ws/install/roarm_msgs/share/roarm_msgs/cmake/rosidl_cmake-extras.cmake\n'}
[9.910919] (roarm_msgs) StdoutLine: {'line': b'-- Symlinking: /home/v1/Desktop/Beizo/arm_ws/install/roarm_msgs/share/roarm_msgs/cmake/ament_cmake_export_dependencies-extras.cmake\n'}
[9.920084] (roarm_msgs) StdoutLine: {'line': b'-- Symlinking: /home/v1/Desktop/Beizo/arm_ws/install/roarm_msgs/share/roarm_msgs/cmake/ament_cmake_export_include_directories-extras.cmake\n'}
[9.929309] (roarm_msgs) StdoutLine: {'line': b'-- Symlinking: /home/v1/Desktop/Beizo/arm_ws/install/roarm_msgs/share/roarm_msgs/cmake/ament_cmake_export_libraries-extras.cmake\n'}
[9.929898] (-) TimerEvent: {}
[9.940880] (roarm_msgs) StdoutLine: {'line': b'-- Symlinking: /home/v1/Desktop/Beizo/arm_ws/install/roarm_msgs/share/roarm_msgs/cmake/ament_cmake_export_targets-extras.cmake\n'}
[9.948989] (roarm_msgs) StdoutLine: {'line': b'-- Symlinking: /home/v1/Desktop/Beizo/arm_ws/install/roarm_msgs/share/roarm_msgs/cmake/rosidl_cmake_export_typesupport_targets-extras.cmake\n'}
[9.959230] (roarm_msgs) StdoutLine: {'line': b'-- Symlinking: /home/v1/Desktop/Beizo/arm_ws/install/roarm_msgs/share/roarm_msgs/cmake/rosidl_cmake_export_typesupport_libraries-extras.cmake\n'}
[9.969372] (roarm_msgs) StdoutLine: {'line': b'-- Symlinking: /home/v1/Desktop/Beizo/arm_ws/install/roarm_msgs/share/roarm_msgs/cmake/roarm_msgsConfig.cmake\n'}
[9.979008] (roarm_msgs) StdoutLine: {'line': b'-- Symlinking: /home/v1/Desktop/Beizo/arm_ws/install/roarm_msgs/share/roarm_msgs/cmake/roarm_msgsConfig-version.cmake\n'}
[9.987300] (roarm_msgs) StdoutLine: {'line': b'-- Symlinking: /home/v1/Desktop/Beizo/arm_ws/install/roarm_msgs/share/roarm_msgs/package.xml\n'}
[9.996613] (roarm_msgs) StdoutLine: {'line': b'-- Installing: /home/v1/Desktop/Beizo/arm_ws/install/roarm_msgs/lib/libroarm_msgs__rosidl_generator_c.so\n'}
[9.997036] (roarm_msgs) StdoutLine: {'line': b'-- Set non-toolchain portion of runtime path of "/home/v1/Desktop/Beizo/arm_ws/install/roarm_msgs/lib/libroarm_msgs__rosidl_generator_c.so" to ""\n'}
[9.997166] (roarm_msgs) StdoutLine: {'line': b'-- Installing: /home/v1/Desktop/Beizo/arm_ws/install/roarm_msgs/lib/libroarm_msgs__rosidl_typesupport_fastrtps_c.so\n'}
[9.997369] (roarm_msgs) StdoutLine: {'line': b'-- Set non-toolchain portion of runtime path of "/home/v1/Desktop/Beizo/arm_ws/install/roarm_msgs/lib/libroarm_msgs__rosidl_typesupport_fastrtps_c.so" to ""\n'}
[9.997498] (roarm_msgs) StdoutLine: {'line': b'-- Installing: /home/v1/Desktop/Beizo/arm_ws/install/roarm_msgs/lib/libroarm_msgs__rosidl_typesupport_introspection_c.so\n'}
[9.997857] (roarm_msgs) StdoutLine: {'line': b'-- Set non-toolchain portion of runtime path of "/home/v1/Desktop/Beizo/arm_ws/install/roarm_msgs/lib/libroarm_msgs__rosidl_typesupport_introspection_c.so" to ""\n'}
[9.997983] (roarm_msgs) StdoutLine: {'line': b'-- Installing: /home/v1/Desktop/Beizo/arm_ws/install/roarm_msgs/lib/libroarm_msgs__rosidl_typesupport_c.so\n'}
[9.998149] (roarm_msgs) StdoutLine: {'line': b'-- Set non-toolchain portion of runtime path of "/home/v1/Desktop/Beizo/arm_ws/install/roarm_msgs/lib/libroarm_msgs__rosidl_typesupport_c.so" to ""\n'}
[9.998311] (roarm_msgs) StdoutLine: {'line': b'-- Installing: /home/v1/Desktop/Beizo/arm_ws/install/roarm_msgs/lib/libroarm_msgs__rosidl_typesupport_fastrtps_cpp.so\n'}
[9.998611] (roarm_msgs) StdoutLine: {'line': b'-- Set non-toolchain portion of runtime path of "/home/v1/Desktop/Beizo/arm_ws/install/roarm_msgs/lib/libroarm_msgs__rosidl_typesupport_fastrtps_cpp.so" to ""\n'}
[9.999168] (roarm_msgs) StdoutLine: {'line': b'-- Installing: /home/v1/Desktop/Beizo/arm_ws/install/roarm_msgs/lib/libroarm_msgs__rosidl_typesupport_introspection_cpp.so\n'}
[9.999334] (roarm_msgs) StdoutLine: {'line': b'-- Set non-toolchain portion of runtime path of "/home/v1/Desktop/Beizo/arm_ws/install/roarm_msgs/lib/libroarm_msgs__rosidl_typesupport_introspection_cpp.so" to ""\n'}
[9.999507] (roarm_msgs) StdoutLine: {'line': b'-- Installing: /home/v1/Desktop/Beizo/arm_ws/install/roarm_msgs/lib/libroarm_msgs__rosidl_typesupport_cpp.so\n'}
[9.999705] (roarm_msgs) StdoutLine: {'line': b'-- Set non-toolchain portion of runtime path of "/home/v1/Desktop/Beizo/arm_ws/install/roarm_msgs/lib/libroarm_msgs__rosidl_typesupport_cpp.so" to ""\n'}
[10.030019] (-) TimerEvent: {}
[10.044533] (roarm_msgs) StdoutLine: {'line': b"Listing '/home/v1/Desktop/Beizo/arm_ws/install/roarm_msgs/lib/python3.12/site-packages/roarm_msgs'...\n"}
[10.044713] (roarm_msgs) StdoutLine: {'line': b"Compiling '/home/v1/Desktop/Beizo/arm_ws/install/roarm_msgs/lib/python3.12/site-packages/roarm_msgs/__init__.py'...\n"}
[10.044973] (roarm_msgs) StdoutLine: {'line': b"Listing '/home/v1/Desktop/Beizo/arm_ws/install/roarm_msgs/lib/python3.12/site-packages/roarm_msgs/srv'...\n"}
[10.045069] (roarm_msgs) StdoutLine: {'line': b"Compiling '/home/v1/Desktop/Beizo/arm_ws/install/roarm_msgs/lib/python3.12/site-packages/roarm_msgs/srv/__init__.py'...\n"}
[10.045152] (roarm_msgs) StdoutLine: {'line': b"Compiling '/home/v1/Desktop/Beizo/arm_ws/install/roarm_msgs/lib/python3.12/site-packages/roarm_msgs/srv/_move_to_xyz.py'...\n"}
[10.050902] (roarm_msgs) StdoutLine: {'line': b'-- Installing: /home/v1/Desktop/Beizo/arm_ws/install/roarm_msgs/lib/libroarm_msgs__rosidl_generator_py.so\n'}
[10.051317] (roarm_msgs) StdoutLine: {'line': b'-- Set non-toolchain portion of runtime path of "/home/v1/Desktop/Beizo/arm_ws/install/roarm_msgs/lib/libroarm_msgs__rosidl_generator_py.so" to ""\n'}
[10.051541] (roarm_msgs) StdoutLine: {'line': b'-- Installing: /home/v1/Desktop/Beizo/arm_ws/install/roarm_msgs/share/roarm_msgs/cmake/export_roarm_msgs__rosidl_generator_cExport.cmake\n'}
[10.051712] (roarm_msgs) StdoutLine: {'line': b'-- Installing: /home/v1/Desktop/Beizo/arm_ws/install/roarm_msgs/share/roarm_msgs/cmake/export_roarm_msgs__rosidl_generator_cExport-noconfig.cmake\n'}
[10.051935] (roarm_msgs) StdoutLine: {'line': b'-- Installing: /home/v1/Desktop/Beizo/arm_ws/install/roarm_msgs/share/roarm_msgs/cmake/export_roarm_msgs__rosidl_typesupport_fastrtps_cExport.cmake\n'}
[10.052159] (roarm_msgs) StdoutLine: {'line': b'-- Installing: /home/v1/Desktop/Beizo/arm_ws/install/roarm_msgs/share/roarm_msgs/cmake/export_roarm_msgs__rosidl_typesupport_fastrtps_cExport-noconfig.cmake\n'}
[10.052329] (roarm_msgs) StdoutLine: {'line': b'-- Installing: /home/v1/Desktop/Beizo/arm_ws/install/roarm_msgs/share/roarm_msgs/cmake/roarm_msgs__rosidl_typesupport_introspection_cExport.cmake\n'}
[10.052490] (roarm_msgs) StdoutLine: {'line': b'-- Installing: /home/v1/Desktop/Beizo/arm_ws/install/roarm_msgs/share/roarm_msgs/cmake/roarm_msgs__rosidl_typesupport_introspection_cExport-noconfig.cmake\n'}
[10.052679] (roarm_msgs) StdoutLine: {'line': b'-- Installing: /home/v1/Desktop/Beizo/arm_ws/install/roarm_msgs/share/roarm_msgs/cmake/roarm_msgs__rosidl_typesupport_cExport.cmake\n'}
[10.052837] (roarm_msgs) StdoutLine: {'line': b'-- Installing: /home/v1/Desktop/Beizo/arm_ws/install/roarm_msgs/share/roarm_msgs/cmake/roarm_msgs__rosidl_typesupport_cExport-noconfig.cmake\n'}
[10.053008] (roarm_msgs) StdoutLine: {'line': b'-- Installing: /home/v1/Desktop/Beizo/arm_ws/install/roarm_msgs/share/roarm_msgs/cmake/export_roarm_msgs__rosidl_generator_cppExport.cmake\n'}
[10.053174] (roarm_msgs) StdoutLine: {'line': b'-- Installing: /home/v1/Desktop/Beizo/arm_ws/install/roarm_msgs/share/roarm_msgs/cmake/export_roarm_msgs__rosidl_typesupport_fastrtps_cppExport.cmake\n'}
[10.053353] (roarm_msgs) StdoutLine: {'line': b'-- Installing: /home/v1/Desktop/Beizo/arm_ws/install/roarm_msgs/share/roarm_msgs/cmake/export_roarm_msgs__rosidl_typesupport_fastrtps_cppExport-noconfig.cmake\n'}
[10.053511] (roarm_msgs) StdoutLine: {'line': b'-- Installing: /home/v1/Desktop/Beizo/arm_ws/install/roarm_msgs/share/roarm_msgs/cmake/roarm_msgs__rosidl_typesupport_introspection_cppExport.cmake\n'}
[10.053674] (roarm_msgs) StdoutLine: {'line': b'-- Installing: /home/v1/Desktop/Beizo/arm_ws/install/roarm_msgs/share/roarm_msgs/cmake/roarm_msgs__rosidl_typesupport_introspection_cppExport-noconfig.cmake\n'}
[10.053828] (roarm_msgs) StdoutLine: {'line': b'-- Installing: /home/v1/Desktop/Beizo/arm_ws/install/roarm_msgs/share/roarm_msgs/cmake/roarm_msgs__rosidl_typesupport_cppExport.cmake\n'}
[10.053987] (roarm_msgs) StdoutLine: {'line': b'-- Installing: /home/v1/Desktop/Beizo/arm_ws/install/roarm_msgs/share/roarm_msgs/cmake/roarm_msgs__rosidl_typesupport_cppExport-noconfig.cmake\n'}
[10.054135] (roarm_msgs) StdoutLine: {'line': b'-- Installing: /home/v1/Desktop/Beizo/arm_ws/install/roarm_msgs/share/roarm_msgs/cmake/export_roarm_msgs__rosidl_generator_pyExport.cmake\n'}
[10.054303] (roarm_msgs) StdoutLine: {'line': b'-- Installing: /home/v1/Desktop/Beizo/arm_ws/install/roarm_msgs/share/roarm_msgs/cmake/export_roarm_msgs__rosidl_generator_pyExport-noconfig.cmake\n'}
[10.055283] (roarm_msgs) CommandEnded: {'returncode': 0}
[10.078283] (roarm_msgs) JobEnded: {'identifier': 'roarm_msgs', 'rc': 0}
[10.079831] (roarm_moveit_cmd) JobStarted: {'identifier': 'roarm_moveit_cmd'}
[10.130140] (-) TimerEvent: {}
[10.230374] (-) TimerEvent: {}
[10.330632] (-) TimerEvent: {}
[10.430887] (-) TimerEvent: {}
[10.531193] (-) TimerEvent: {}
[10.631492] (-) TimerEvent: {}
[10.731800] (-) TimerEvent: {}
[10.832234] (-) TimerEvent: {}
[10.932668] (-) TimerEvent: {}
[11.033091] (-) TimerEvent: {}
[11.133513] (-) TimerEvent: {}
[11.233956] (-) TimerEvent: {}
[11.334387] (-) TimerEvent: {}
[11.434838] (-) TimerEvent: {}
[11.535268] (-) TimerEvent: {}
[11.635654] (-) TimerEvent: {}
[11.736083] (-) TimerEvent: {}
[11.836512] (-) TimerEvent: {}
[11.862418] (roarm_moveit_cmd) Command: {'cmd': ['/usr/bin/python3', '-W', 'ignore:setup.py install is deprecated', '-W', 'ignore:easy_install command is deprecated', 'setup.py', 'develop', '--editable', '--build-directory', '/home/v1/Desktop/Beizo/arm_ws/build/roarm_moveit_cmd/build', '--no-deps', 'symlink_data'], 'cwd': '/home/v1/Desktop/Beizo/arm_ws/build/roarm_moveit_cmd', 'env': {'LESSOPEN': '| /usr/bin/lesspipe %s', 'CONDA_PROMPT_MODIFIER': '', 'USER': 'v1', 'GZ_CONFIG_PATH': '/opt/ros/jazzy/opt/gz_sim_vendor/share/gz:/opt/ros/jazzy/opt/sdformat_vendor/share/gz:/opt/ros/jazzy/opt/gz_gui_vendor/share/gz:/opt/ros/jazzy/opt/gz_transport_vendor/share/gz:/opt/ros/jazzy/opt/gz_rendering_vendor/share/gz:/opt/ros/jazzy/opt/gz_plugin_vendor/share/gz:/opt/ros/jazzy/opt/gz_fuel_tools_vendor/share/gz:/opt/ros/jazzy/opt/gz_msgs_vendor/share/gz:/opt/ros/jazzy/opt/gz_common_vendor/share/gz', 'XDG_SESSION_TYPE': 'x11', 'SHLVL': '1', 'LD_LIBRARY_PATH': '/home/v1/Desktop/Beizo/arm_ws/install/roarm_msgs/lib:/opt/ros/jazzy/opt/gz_sim_vendor/lib:/opt/ros/jazzy/opt/gz_sensors_vendor/lib:/opt/ros/jazzy/opt/gz_physics_vendor/lib:/opt/ros/jazzy/opt/sdformat_vendor/lib:/opt/ros/jazzy/opt/rviz_ogre_vendor/lib:/opt/ros/jazzy/lib/x86_64-linux-gnu:/opt/ros/jazzy/opt/gz_gui_vendor/lib:/opt/ros/jazzy/opt/gz_transport_vendor/lib:/opt/ros/jazzy/opt/gz_rendering_vendor/lib:/opt/ros/jazzy/opt/gz_plugin_vendor/lib:/opt/ros/jazzy/opt/gz_fuel_tools_vendor/lib:/opt/ros/jazzy/opt/gz_msgs_vendor/lib:/opt/ros/jazzy/opt/gz_common_vendor/lib:/opt/ros/jazzy/opt/gz_math_vendor/lib:/opt/ros/jazzy/opt/gz_utils_vendor/lib:/opt/ros/jazzy/opt/gz_tools_vendor/lib:/opt/ros/jazzy/opt/gz_ogre_next_vendor/lib:/opt/ros/jazzy/opt/gz_dartsim_vendor/lib:/opt/ros/jazzy/opt/gz_cmake_vendor/lib:/opt/ros/jazzy/lib', 'HOME': '/home/v1', 'CONDA_SHLVL': '0', 'OLDPWD': '/home/v1/Desktop/Beizo/arm_ws', 'DESKTOP_SESSION': 'ubuntu', 'ROS_PYTHON_VERSION': '3', 'GNOME_SHELL_SESSION_MODE': 'ubuntu', 'GTK_MODULES': 'gail:atk-bridge', 'DBUS_STARTER_BUS_TYPE': 'session', 'SYSTEMD_EXEC_PID': '2804', 'GSM_SKIP_SSH_AGENT_WORKAROUND': 'true', 'DBUS_SESSION_BUS_ADDRESS': 'unix:path=/run/user/1000/bus,guid=3ba906d04fd751587edc35ef69c00925', 'COLORTERM': 'truecolor', '_CE_M': '', '_CONDA_ROOT': '/home/v1/miniconda3', 'DEBUGINFOD_URLS': 'https://debuginfod.ubuntu.com', 'COLCON_PREFIX_PATH': '/home/v1/Desktop/Beizo/arm_ws/install', 'ROS_DISTRO': 'jazzy', 'LOGNAME': 'v1', '_': '/usr/bin/colcon', 'ROS_VERSION': '2', 'MEMORY_PRESSURE_WATCH': '/sys/fs/cgroup/user.slice/user-1000.slice/user@1000.service/app.slice/app-gnome\\x2dsession\\x2dmanager.slice/gnome-session-manager@ubuntu.service/memory.pressure', 'XDG_SESSION_CLASS': 'user', 'USERNAME': 'v1', 'TERM': 'xterm-256color', 'GNOME_DESKTOP_SESSION_ID': 'this-is-deprecated', '_CE_CONDA': '', 'WINDOWPATH': '2', 'PATH': '/home/v1/.local/bin:/opt/ros/jazzy/opt/gz_msgs_vendor/bin:/opt/ros/jazzy/opt/gz_tools_vendor/bin:/opt/ros/jazzy/opt/gz_ogre_next_vendor/bin:/opt/ros/jazzy/bin:/home/v1/miniconda3/condabin:/home/v1/.local/bin:/usr/local/sbin:/usr/local/bin:/usr/sbin:/usr/bin:/sbin:/bin:/usr/games:/usr/local/games:/snap/bin:/snap/bin', 'SESSION_MANAGER': 'local/v1-HP:@/tmp/.ICE-unix/2804,unix/v1-HP:/tmp/.ICE-unix/2804', 'XDG_MENU_PREFIX': 'gnome-', 'GNOME_TERMINAL_SCREEN': '/org/gnome/Terminal/screen/e1b9f660_fc67_4777_a564_ed89d225cadb', 'XDG_RUNTIME_DIR': '/run/user/1000', 'DISPLAY': ':1', 'LANG': 'en_US.UTF-8', 'XDG_CURRENT_DESKTOP': 'ubuntu:GNOME', 'RMW_IMPLEMENTATION': 'rmw_cyclonedds_cpp', 'XMODIFIERS': '@im=ibus', 'XDG_SESSION_DESKTOP': 'ubuntu', 'XAUTHORITY': '/run/user/1000/gdm/Xauthority', 'LS_COLORS': 'rs=0:di=01;34:ln=01;36:mh=00:pi=40;33:so=01;35:do=01;35:bd=40;33;01:cd=40;33;01:or=40;31;01:mi=00:su=37;41:sg=30;43:ca=00:tw=30;42:ow=34;42:st=37;44:ex=01;32:*.tar=01;31:*.tgz=01;31:*.arc=01;31:*.arj=01;31:*.taz=01;31:*.lha=01;31:*.lz4=01;31:*.lzh=01;31:*.lzma=01;31:*.tlz=01;31:*.txz=01;31:*.tzo=01;31:*.t7z=01;31:*.zip=01;31:*.z=01;31:*.dz=01;31:*.gz=01;31:*.lrz=01;31:*.lz=01;31:*.lzo=01;31:*.xz=01;31:*.zst=01;31:*.tzst=01;31:*.bz2=01;31:*.bz=01;31:*.tbz=01;31:*.tbz2=01;31:*.tz=01;31:*.deb=01;31:*.rpm=01;31:*.jar=01;31:*.war=01;31:*.ear=01;31:*.sar=01;31:*.rar=01;31:*.alz=01;31:*.ace=01;31:*.zoo=01;31:*.cpio=01;31:*.7z=01;31:*.rz=01;31:*.cab=01;31:*.wim=01;31:*.swm=01;31:*.dwm=01;31:*.esd=01;31:*.avif=01;35:*.jpg=01;35:*.jpeg=01;35:*.mjpg=01;35:*.mjpeg=01;35:*.gif=01;35:*.bmp=01;35:*.pbm=01;35:*.pgm=01;35:*.ppm=01;35:*.tga=01;35:*.xbm=01;35:*.xpm=01;35:*.tif=01;35:*.tiff=01;35:*.png=01;35:*.svg=01;35:*.svgz=01;35:*.mng=01;35:*.pcx=01;35:*.mov=01;35:*.mpg=01;35:*.mpeg=01;35:*.m2v=01;35:*.mkv=01;35:*.webm=01;35:*.webp=01;35:*.ogm=01;35:*.mp4=01;35:*.m4v=01;35:*.mp4v=01;35:*.vob=01;35:*.qt=01;35:*.nuv=01;35:*.wmv=01;35:*.asf=01;35:*.rm=01;35:*.rmvb=01;35:*.flc=01;35:*.avi=01;35:*.fli=01;35:*.flv=01;35:*.gl=01;35:*.dl=01;35:*.xcf=01;35:*.xwd=01;35:*.yuv=01;35:*.cgm=01;35:*.emf=01;35:*.ogv=01;35:*.ogx=01;35:*.aac=00;36:*.au=00;36:*.flac=00;36:*.m4a=00;36:*.mid=00;36:*.midi=00;36:*.mka=00;36:*.mp3=00;36:*.mpc=00;36:*.ogg=00;36:*.ra=00;36:*.wav=00;36:*.oga=00;36:*.opus=00;36:*.spx=00;36:*.xspf=00;36:*~=00;90:*#=00;90:*.bak=00;90:*.crdownload=00;90:*.dpkg-dist=00;90:*.dpkg-new=00;90:*.dpkg-old=00;90:*.dpkg-tmp=00;90:*.old=00;90:*.orig=00;90:*.part=00;90:*.rej=00;90:*.rpmnew=00;90:*.rpmorig=00;90:*.rpmsave=00;90:*.swp=00;90:*.tmp=00;90:*.ucf-dist=00;90:*.ucf-new=00;90:*.ucf-old=00;90:', 'GNOME_TERMINAL_SERVICE': ':1.616', 'SSH_AUTH_SOCK': '/run/user/1000/keyring/ssh', 'AMENT_PREFIX_PATH': '/home/v1/Desktop/Beizo/arm_ws/install/roarm_msgs:/home/v1/Desktop/Beizo/arm_ws/install/roarm_moveit_config:/home/v1/Desktop/Beizo/arm_ws/install/roarm_moveit_cmd:/home/v1/Desktop/Beizo/arm_ws/install/roarm_driver:/home/v1/Desktop/Beizo/arm_ws/install/roarm_description:/opt/ros/jazzy', 'CONDA_PYTHON_EXE': '/home/v1/miniconda3/bin/python', 'SHELL': '/bin/bash', 'QT_ACCESSIBILITY': '1', 'GDMSESSION': 'ubuntu', 'LESSCLOSE': '/usr/bin/lesspipe %s %s', 'CONDA_DEFAULT_ENV': '', 'GPG_AGENT_INFO': '/run/user/1000/gnupg/S.gpg-agent:0:1', '_CONDA_EXE': '/home/v1/miniconda3/bin/conda', 'ROS_AUTOMATIC_DISCOVERY_RANGE': 'SUBNET', 'QT_IM_MODULE': 'ibus', 'PWD': '/home/v1/Desktop/Beizo/arm_ws/build/roarm_moveit_cmd', 'LC_ALL': 'en_US.UTF-8', 'XDG_CONFIG_DIRS': '/etc/xdg/xdg-ubuntu:/etc/xdg', 'CONDA_EXE': '/home/v1/miniconda3/bin/conda', 'DBUS_STARTER_ADDRESS': 'unix:path=/run/user/1000/bus,guid=3ba906d04fd751587edc35ef69c00925', 'XDG_DATA_DIRS': '/usr/share/ubuntu:/usr/share/gnome:/usr/local/share/:/usr/share/:/var/lib/snapd/desktop', 'PYTHONPATH': '/home/v1/Desktop/Beizo/arm_ws/build/roarm_moveit_cmd/prefix_override:/usr/lib/python3/dist-packages/colcon_core/task/python/colcon_distutils_commands:/home/v1/Desktop/Beizo/arm_ws/install/roarm_moveit_cmd/lib/python3.12/site-packages:/home/v1/Desktop/Beizo/arm_ws/install/roarm_msgs/lib/python3.12/site-packages:/home/v1/Desktop/Beizo/arm_ws/install/roarm_moveit_cmd/lib/python3.12/site-packages:/home/v1/Desktop/Beizo/arm_ws/install/roarm_driver/lib/python3.12/site-packages:/home/v1/Desktop/Beizo/arm_ws/install/roarm_description/lib/python3.12/site-packages:/opt/ros/jazzy/lib/python3.12/site-packages', 'CONDA_PREFIX': '', 'COLCON': '1', 'MEMORY_PRESSURE_WRITE': 'c29tZSAyMDAwMDAgMjAwMDAwMAA=', 'VTE_VERSION': '7600', 'CMAKE_PREFIX_PATH': '/home/v1/Desktop/Beizo/arm_ws/install/roarm_msgs:/home/v1/Desktop/Beizo/arm_ws/install/roarm_moveit_config:/opt/ros/jazzy/opt/gz_sim_vendor:/opt/ros/jazzy/opt/gz_sensors_vendor:/opt/ros/jazzy/opt/gz_physics_vendor:/opt/ros/jazzy/opt/sdformat_vendor:/opt/ros/jazzy/opt/gz_gui_vendor:/opt/ros/jazzy/opt/gz_transport_vendor:/opt/ros/jazzy/opt/gz_rendering_vendor:/opt/ros/jazzy/opt/gz_plugin_vendor:/opt/ros/jazzy/opt/gz_fuel_tools_vendor:/opt/ros/jazzy/opt/gz_msgs_vendor:/opt/ros/jazzy/opt/gz_common_vendor:/opt/ros/jazzy/opt/gz_math_vendor:/opt/ros/jazzy/opt/gz_utils_vendor:/opt/ros/jazzy/opt/gz_tools_vendor:/opt/ros/jazzy/opt/gz_ogre_next_vendor:/opt/ros/jazzy/opt/gz_dartsim_vendor:/opt/ros/jazzy/opt/gz_cmake_vendor'}, 'shell': False}
[11.936667] (-) TimerEvent: {}
[12.037124] (-) TimerEvent: {}
[12.137450] (-) TimerEvent: {}
[12.237657] (-) TimerEvent: {}
[12.337935] (-) TimerEvent: {}
[12.438185] (-) TimerEvent: {}
[12.446940] (roarm_moveit_cmd) StdoutLine: {'line': b'running develop\n'}
[12.538310] (-) TimerEvent: {}
[12.638554] (-) TimerEvent: {}
[12.738764] (-) TimerEvent: {}
[12.771084] (roarm_moveit_cmd) StdoutLine: {'line': b'running egg_info\n'}
[12.771301] (roarm_moveit_cmd) StdoutLine: {'line': b'creating roarm_moveit_cmd.egg-info\n'}
[12.802966] (roarm_moveit_cmd) StdoutLine: {'line': b'writing roarm_moveit_cmd.egg-info/PKG-INFO\n'}
[12.803254] (roarm_moveit_cmd) StdoutLine: {'line': b'writing dependency_links to roarm_moveit_cmd.egg-info/dependency_links.txt\n'}
[12.803511] (roarm_moveit_cmd) StdoutLine: {'line': b'writing entry points to roarm_moveit_cmd.egg-info/entry_points.txt\n'}
[12.803752] (roarm_moveit_cmd) StdoutLine: {'line': b'writing requirements to roarm_moveit_cmd.egg-info/requires.txt\n'}
[12.803946] (roarm_moveit_cmd) StdoutLine: {'line': b'writing top-level names to roarm_moveit_cmd.egg-info/top_level.txt\n'}
[12.804087] (roarm_moveit_cmd) StdoutLine: {'line': b"writing manifest file 'roarm_moveit_cmd.egg-info/SOURCES.txt'\n"}
[12.838873] (-) TimerEvent: {}
[12.873751] (roarm_moveit_cmd) StdoutLine: {'line': b"reading manifest file 'roarm_moveit_cmd.egg-info/SOURCES.txt'\n"}
[12.874338] (roarm_moveit_cmd) StdoutLine: {'line': b"writing manifest file 'roarm_moveit_cmd.egg-info/SOURCES.txt'\n"}
[12.908791] (roarm_moveit_cmd) StdoutLine: {'line': b'running build_ext\n'}
[12.908963] (roarm_moveit_cmd) StdoutLine: {'line': b'Creating /home/v1/Desktop/Beizo/arm_ws/install/roarm_moveit_cmd/lib/python3.12/site-packages/roarm-moveit-cmd.egg-link (link to .)\n'}
[12.909622] (roarm_moveit_cmd) StdoutLine: {'line': b'Installing xyz_control script to /home/v1/Desktop/Beizo/arm_ws/install/roarm_moveit_cmd/lib/roarm_moveit_cmd\n'}
[12.910083] (roarm_moveit_cmd) StdoutLine: {'line': b'\n'}
[12.910309] (roarm_moveit_cmd) StdoutLine: {'line': b'Installed /home/v1/Desktop/Beizo/arm_ws/build/roarm_moveit_cmd\n'}
[12.910537] (roarm_moveit_cmd) StdoutLine: {'line': b'running symlink_data\n'}
[12.910749] (roarm_moveit_cmd) StdoutLine: {'line': b'creating /home/v1/Desktop/Beizo/arm_ws/install/roarm_moveit_cmd/share/ament_index\n'}
[12.911033] (roarm_moveit_cmd) StdoutLine: {'line': b'creating /home/v1/Desktop/Beizo/arm_ws/install/roarm_moveit_cmd/share/ament_index/resource_index\n'}
[12.911177] (roarm_moveit_cmd) StdoutLine: {'line': b'creating /home/v1/Desktop/Beizo/arm_ws/install/roarm_moveit_cmd/share/ament_index/resource_index/packages\n'}
[12.911315] (roarm_moveit_cmd) StdoutLine: {'line': b'symbolically linking /home/v1/Desktop/Beizo/arm_ws/build/roarm_moveit_cmd/resource/roarm_moveit_cmd -> /home/v1/Desktop/Beizo/arm_ws/install/roarm_moveit_cmd/share/ament_index/resource_index/packages\n'}
[12.911451] (roarm_moveit_cmd) StdoutLine: {'line': b'symbolically linking /home/v1/Desktop/Beizo/arm_ws/build/roarm_moveit_cmd/package.xml -> /home/v1/Desktop/Beizo/arm_ws/install/roarm_moveit_cmd/share/roarm_moveit_cmd\n'}
[12.938975] (-) TimerEvent: {}
[12.951522] (roarm_moveit_cmd) CommandEnded: {'returncode': 0}
[12.962795] (roarm_moveit_cmd) JobEnded: {'identifier': 'roarm_moveit_cmd', 'rc': 0}
[12.963719] (-) EventReactorShutdown: {}
