[0.000000] (-) TimerEvent: {}
[0.000175] (roarm_description) JobQueued: {'identifier': 'roarm_description', 'dependencies': OrderedDict()}
[0.000213] (roarm_driver) JobQueued: {'identifier': 'roarm_driver', 'dependencies': OrderedDict()}
[0.000235] (roarm_msgs) JobQueued: {'identifier': 'roarm_msgs', 'dependencies': OrderedDict()}
[0.000252] (roarm_moveit_cmd) JobQueued: {'identifier': 'roarm_moveit_cmd', 'dependencies': OrderedDict({'roarm_msgs': '/home/v1/Desktop/Beizo/arm_ws/install/roarm_msgs'})}
[0.000272] (roarm_moveit_config) JobQueued: {'identifier': 'roarm_moveit_config', 'dependencies': OrderedDict({'roarm_description': '/home/v1/Desktop/Beizo/arm_ws/install/roarm_description'})}
[0.000701] (roarm_description) JobStarted: {'identifier': 'roarm_description'}
[0.012558] (roarm_msgs) JobStarted: {'identifier': 'roarm_msgs'}
[0.019123] (roarm_driver) JobStarted: {'identifier': 'roarm_driver'}
[0.099781] (-) TimerEvent: {}
[0.200070] (-) TimerEvent: {}
[0.300340] (-) TimerEvent: {}
[0.342438] (roarm_msgs) JobProgress: {'identifier': 'roarm_msgs', 'progress': 'cmake'}
[0.343322] (roarm_msgs) Command: {'cmd': ['/usr/bin/cmake', '/home/v1/Desktop/Beizo/arm_ws/src/roarm_msgs', '-DCMAKE_INSTALL_PREFIX=/home/v1/Desktop/Beizo/arm_ws/install/roarm_msgs'], 'cwd': '/home/v1/Desktop/Beizo/arm_ws/build/roarm_msgs', 'env': OrderedDict({'LESSOPEN': '| /usr/bin/lesspipe %s', 'CONDA_PROMPT_MODIFIER': '', 'USER': 'v1', 'GZ_CONFIG_PATH': '/opt/ros/jazzy/opt/gz_sim_vendor/share/gz:/opt/ros/jazzy/opt/sdformat_vendor/share/gz:/opt/ros/jazzy/opt/gz_gui_vendor/share/gz:/opt/ros/jazzy/opt/gz_transport_vendor/share/gz:/opt/ros/jazzy/opt/gz_rendering_vendor/share/gz:/opt/ros/jazzy/opt/gz_plugin_vendor/share/gz:/opt/ros/jazzy/opt/gz_fuel_tools_vendor/share/gz:/opt/ros/jazzy/opt/gz_msgs_vendor/share/gz:/opt/ros/jazzy/opt/gz_common_vendor/share/gz', 'XDG_SESSION_TYPE': 'x11', 'SHLVL': '1', 'LD_LIBRARY_PATH': '/home/v1/Desktop/Beizo/arm_ws/install/roarm_msgs/lib:/opt/ros/jazzy/opt/gz_sim_vendor/lib:/opt/ros/jazzy/opt/gz_sensors_vendor/lib:/opt/ros/jazzy/opt/gz_physics_vendor/lib:/opt/ros/jazzy/opt/sdformat_vendor/lib:/opt/ros/jazzy/opt/rviz_ogre_vendor/lib:/opt/ros/jazzy/lib/x86_64-linux-gnu:/opt/ros/jazzy/opt/gz_gui_vendor/lib:/opt/ros/jazzy/opt/gz_transport_vendor/lib:/opt/ros/jazzy/opt/gz_rendering_vendor/lib:/opt/ros/jazzy/opt/gz_plugin_vendor/lib:/opt/ros/jazzy/opt/gz_fuel_tools_vendor/lib:/opt/ros/jazzy/opt/gz_msgs_vendor/lib:/opt/ros/jazzy/opt/gz_common_vendor/lib:/opt/ros/jazzy/opt/gz_math_vendor/lib:/opt/ros/jazzy/opt/gz_utils_vendor/lib:/opt/ros/jazzy/opt/gz_tools_vendor/lib:/opt/ros/jazzy/opt/gz_ogre_next_vendor/lib:/opt/ros/jazzy/opt/gz_dartsim_vendor/lib:/opt/ros/jazzy/opt/gz_cmake_vendor/lib:/opt/ros/jazzy/lib', 'HOME': '/home/v1', 'CONDA_SHLVL': '0', 'OLDPWD': '/home/v1/Desktop/Beizo/arm_ws', 'DESKTOP_SESSION': 'ubuntu', 'ROS_PYTHON_VERSION': '3', 'GNOME_SHELL_SESSION_MODE': 'ubuntu', 'GTK_MODULES': 'gail:atk-bridge', 'SYSTEMD_EXEC_PID': '2955', 'GSM_SKIP_SSH_AGENT_WORKAROUND': 'true', 'DBUS_SESSION_BUS_ADDRESS': 'unix:path=/run/user/1000/bus', 'COLORTERM': 'truecolor', '_CE_M': '', '_CONDA_ROOT': '/home/v1/miniconda3', 'GNOME_KEYRING_CONTROL': '/run/user/1000/keyring', 'DEBUGINFOD_URLS': 'https://debuginfod.ubuntu.com', 'COLCON_PREFIX_PATH': '/home/v1/Desktop/Beizo/arm_ws/install', 'ROS_DISTRO': 'jazzy', 'LOGNAME': 'v1', '_': '/usr/bin/colcon', 'ROS_VERSION': '2', 'MEMORY_PRESSURE_WATCH': '/sys/fs/cgroup/user.slice/user-1000.slice/user@1000.service/session.slice/org.gnome.SettingsDaemon.MediaKeys.service/memory.pressure', 'XDG_SESSION_CLASS': 'user', 'USERNAME': 'v1', 'TERM': 'xterm-256color', 'GNOME_DESKTOP_SESSION_ID': 'this-is-deprecated', '_CE_CONDA': '', 'WINDOWPATH': '2', 'PATH': '/home/v1/.local/bin:/opt/ros/jazzy/opt/gz_msgs_vendor/bin:/opt/ros/jazzy/opt/gz_tools_vendor/bin:/opt/ros/jazzy/opt/gz_ogre_next_vendor/bin:/opt/ros/jazzy/bin:/home/v1/miniconda3/condabin:/home/v1/.local/bin:/usr/local/sbin:/usr/local/bin:/usr/sbin:/usr/bin:/sbin:/bin:/usr/games:/usr/local/games:/snap/bin:/snap/bin', 'SESSION_MANAGER': 'local/v1-HP:@/tmp/.ICE-unix/2804,unix/v1-HP:/tmp/.ICE-unix/2804', 'XDG_MENU_PREFIX': 'gnome-', 'GNOME_TERMINAL_SCREEN': '/org/gnome/Terminal/screen/3af61192_0f13_44b3_bb04_ef5b217560ca', 'XDG_RUNTIME_DIR': '/run/user/1000', 'DISPLAY': ':1', 'LANG': 'en_US.UTF-8', 'XDG_CURRENT_DESKTOP': 'ubuntu:GNOME', 'RMW_IMPLEMENTATION': 'rmw_cyclonedds_cpp', 'XMODIFIERS': '@im=ibus', 'XDG_SESSION_DESKTOP': 'ubuntu', 'XAUTHORITY': '/run/user/1000/gdm/Xauthority', 'LS_COLORS': 'rs=0:di=01;34:ln=01;36:mh=00:pi=40;33:so=01;35:do=01;35:bd=40;33;01:cd=40;33;01:or=40;31;01:mi=00:su=37;41:sg=30;43:ca=00:tw=30;42:ow=34;42:st=37;44:ex=01;32:*.tar=01;31:*.tgz=01;31:*.arc=01;31:*.arj=01;31:*.taz=01;31:*.lha=01;31:*.lz4=01;31:*.lzh=01;31:*.lzma=01;31:*.tlz=01;31:*.txz=01;31:*.tzo=01;31:*.t7z=01;31:*.zip=01;31:*.z=01;31:*.dz=01;31:*.gz=01;31:*.lrz=01;31:*.lz=01;31:*.lzo=01;31:*.xz=01;31:*.zst=01;31:*.tzst=01;31:*.bz2=01;31:*.bz=01;31:*.tbz=01;31:*.tbz2=01;31:*.tz=01;31:*.deb=01;31:*.rpm=01;31:*.jar=01;31:*.war=01;31:*.ear=01;31:*.sar=01;31:*.rar=01;31:*.alz=01;31:*.ace=01;31:*.zoo=01;31:*.cpio=01;31:*.7z=01;31:*.rz=01;31:*.cab=01;31:*.wim=01;31:*.swm=01;31:*.dwm=01;31:*.esd=01;31:*.avif=01;35:*.jpg=01;35:*.jpeg=01;35:*.mjpg=01;35:*.mjpeg=01;35:*.gif=01;35:*.bmp=01;35:*.pbm=01;35:*.pgm=01;35:*.ppm=01;35:*.tga=01;35:*.xbm=01;35:*.xpm=01;35:*.tif=01;35:*.tiff=01;35:*.png=01;35:*.svg=01;35:*.svgz=01;35:*.mng=01;35:*.pcx=01;35:*.mov=01;35:*.mpg=01;35:*.mpeg=01;35:*.m2v=01;35:*.mkv=01;35:*.webm=01;35:*.webp=01;35:*.ogm=01;35:*.mp4=01;35:*.m4v=01;35:*.mp4v=01;35:*.vob=01;35:*.qt=01;35:*.nuv=01;35:*.wmv=01;35:*.asf=01;35:*.rm=01;35:*.rmvb=01;35:*.flc=01;35:*.avi=01;35:*.fli=01;35:*.flv=01;35:*.gl=01;35:*.dl=01;35:*.xcf=01;35:*.xwd=01;35:*.yuv=01;35:*.cgm=01;35:*.emf=01;35:*.ogv=01;35:*.ogx=01;35:*.aac=00;36:*.au=00;36:*.flac=00;36:*.m4a=00;36:*.mid=00;36:*.midi=00;36:*.mka=00;36:*.mp3=00;36:*.mpc=00;36:*.ogg=00;36:*.ra=00;36:*.wav=00;36:*.oga=00;36:*.opus=00;36:*.spx=00;36:*.xspf=00;36:*~=00;90:*#=00;90:*.bak=00;90:*.crdownload=00;90:*.dpkg-dist=00;90:*.dpkg-new=00;90:*.dpkg-old=00;90:*.dpkg-tmp=00;90:*.old=00;90:*.orig=00;90:*.part=00;90:*.rej=00;90:*.rpmnew=00;90:*.rpmorig=00;90:*.rpmsave=00;90:*.swp=00;90:*.tmp=00;90:*.ucf-dist=00;90:*.ucf-new=00;90:*.ucf-old=00;90:', 'GNOME_TERMINAL_SERVICE': ':1.616', 'SSH_AUTH_SOCK': '/run/user/1000/keyring/ssh', 'AMENT_PREFIX_PATH': '/home/v1/Desktop/Beizo/arm_ws/install/roarm_moveit_cmd:/home/v1/Desktop/Beizo/arm_ws/install/roarm_msgs:/home/v1/Desktop/Beizo/arm_ws/install/roarm_moveit_config:/home/v1/Desktop/Beizo/arm_ws/install/roarm_driver:/home/v1/Desktop/Beizo/arm_ws/install/roarm_description:/opt/ros/jazzy', 'CONDA_PYTHON_EXE': '/home/v1/miniconda3/bin/python', 'SHELL': '/bin/bash', 'QT_ACCESSIBILITY': '1', 'GDMSESSION': 'ubuntu', 'LESSCLOSE': '/usr/bin/lesspipe %s %s', 'CONDA_DEFAULT_ENV': '', 'GPG_AGENT_INFO': '/run/user/1000/gnupg/S.gpg-agent:0:1', '_CONDA_EXE': '/home/v1/miniconda3/bin/conda', 'ROS_AUTOMATIC_DISCOVERY_RANGE': 'SUBNET', 'QT_IM_MODULE': 'ibus', 'PWD': '/home/v1/Desktop/Beizo/arm_ws/build/roarm_msgs', 'LC_ALL': 'en_US.UTF-8', 'XDG_CONFIG_DIRS': '/etc/xdg/xdg-ubuntu:/etc/xdg', 'CONDA_EXE': '/home/v1/miniconda3/bin/conda', 'XDG_DATA_DIRS': '/usr/share/ubuntu:/usr/share/gnome:/usr/local/share/:/usr/share/:/var/lib/snapd/desktop', 'PYTHONPATH': '/home/v1/Desktop/Beizo/arm_ws/install/roarm_moveit_cmd/lib/python3.12/site-packages:/home/v1/Desktop/Beizo/arm_ws/install/roarm_msgs/lib/python3.12/site-packages:/home/v1/Desktop/Beizo/arm_ws/install/roarm_driver/lib/python3.12/site-packages:/home/v1/Desktop/Beizo/arm_ws/install/roarm_description/lib/python3.12/site-packages:/opt/ros/jazzy/lib/python3.12/site-packages', 'CONDA_PREFIX': '', 'COLCON': '1', 'MEMORY_PRESSURE_WRITE': 'c29tZSAyMDAwMDAgMjAwMDAwMAA=', 'VTE_VERSION': '7600', 'CMAKE_PREFIX_PATH': '/home/v1/Desktop/Beizo/arm_ws/install/roarm_msgs:/home/v1/Desktop/Beizo/arm_ws/install/roarm_moveit_config:/opt/ros/jazzy/opt/gz_sim_vendor:/opt/ros/jazzy/opt/gz_sensors_vendor:/opt/ros/jazzy/opt/gz_physics_vendor:/opt/ros/jazzy/opt/sdformat_vendor:/opt/ros/jazzy/opt/gz_gui_vendor:/opt/ros/jazzy/opt/gz_transport_vendor:/opt/ros/jazzy/opt/gz_rendering_vendor:/opt/ros/jazzy/opt/gz_plugin_vendor:/opt/ros/jazzy/opt/gz_fuel_tools_vendor:/opt/ros/jazzy/opt/gz_msgs_vendor:/opt/ros/jazzy/opt/gz_common_vendor:/opt/ros/jazzy/opt/gz_math_vendor:/opt/ros/jazzy/opt/gz_utils_vendor:/opt/ros/jazzy/opt/gz_tools_vendor:/opt/ros/jazzy/opt/gz_ogre_next_vendor:/opt/ros/jazzy/opt/gz_dartsim_vendor:/opt/ros/jazzy/opt/gz_cmake_vendor:/home/v1/Desktop/Beizo/arm_ws/install/roarm_moveit_cmd:/home/v1/Desktop/Beizo/arm_ws/install/roarm_driver:/home/v1/Desktop/Beizo/arm_ws/install/roarm_description:/opt/ros/jazzy'}), 'shell': False}
[0.400458] (-) TimerEvent: {}
[0.410362] (roarm_msgs) StdoutLine: {'line': b'-- The C compiler identification is GNU 13.3.0\n'}
[0.473470] (roarm_msgs) StdoutLine: {'line': b'-- The CXX compiler identification is GNU 13.3.0\n'}
[0.491118] (roarm_msgs) StdoutLine: {'line': b'-- Detecting C compiler ABI info\n'}
[0.500543] (-) TimerEvent: {}
[0.597684] (roarm_msgs) StdoutLine: {'line': b'-- Detecting C compiler ABI info - done\n'}
[0.600631] (-) TimerEvent: {}
[0.610684] (roarm_msgs) StdoutLine: {'line': b'-- Check for working C compiler: /usr/bin/cc - skipped\n'}
[0.610934] (roarm_msgs) StdoutLine: {'line': b'-- Detecting C compile features\n'}
[0.611126] (roarm_msgs) StdoutLine: {'line': b'-- Detecting C compile features - done\n'}
[0.622937] (roarm_msgs) StdoutLine: {'line': b'-- Detecting CXX compiler ABI info\n'}
[0.705924] (-) TimerEvent: {}
[0.806559] (-) TimerEvent: {}
[0.820868] (roarm_msgs) StdoutLine: {'line': b'-- Detecting CXX compiler ABI info - done\n'}
[0.858616] (roarm_msgs) StdoutLine: {'line': b'-- Check for working CXX compiler: /usr/bin/c++ - skipped\n'}
[0.858933] (roarm_msgs) StdoutLine: {'line': b'-- Detecting CXX compile features\n'}
[0.859548] (roarm_msgs) StdoutLine: {'line': b'-- Detecting CXX compile features - done\n'}
[0.866298] (roarm_msgs) StdoutLine: {'line': b'-- Found ament_cmake: 2.5.5 (/opt/ros/jazzy/share/ament_cmake/cmake)\n'}
[0.906649] (-) TimerEvent: {}
[1.006942] (-) TimerEvent: {}
[1.068399] (roarm_msgs) StdoutLine: {'line': b'-- Found Python3: /usr/bin/python3 (found version "3.12.3") found components: Interpreter \n'}
[1.107036] (-) TimerEvent: {}
[1.207329] (-) TimerEvent: {}
[1.229795] (roarm_msgs) StdoutLine: {'line': b'-- Found rosidl_default_generators: 1.6.0 (/opt/ros/jazzy/share/rosidl_default_generators/cmake)\n'}
[1.241437] (roarm_msgs) StdoutLine: {'line': b'-- Using all available rosidl_typesupport_c: rosidl_typesupport_fastrtps_c;rosidl_typesupport_introspection_c\n'}
[1.307450] (-) TimerEvent: {}
[1.401808] (roarm_msgs) StdoutLine: {'line': b'-- Using all available rosidl_typesupport_cpp: rosidl_typesupport_fastrtps_cpp;rosidl_typesupport_introspection_cpp\n'}
[1.407568] (-) TimerEvent: {}
[1.507961] (-) TimerEvent: {}
[1.555421] (roarm_msgs) StdoutLine: {'line': b'-- Found rosidl_adapter: 4.6.7 (/opt/ros/jazzy/share/rosidl_adapter/cmake)\n'}
[1.568854] (roarm_msgs) StdoutLine: {'line': b'-- Found ament_lint_auto: 0.17.4 (/opt/ros/jazzy/share/ament_lint_auto/cmake)\n'}
[1.608127] (-) TimerEvent: {}
[1.708630] (-) TimerEvent: {}
[1.809108] (-) TimerEvent: {}
[1.909546] (-) TimerEvent: {}
[2.010009] (-) TimerEvent: {}
[2.111263] (-) TimerEvent: {}
[2.211694] (-) TimerEvent: {}
[2.312144] (-) TimerEvent: {}
[2.319920] (roarm_description) Command: {'cmd': ['/usr/bin/python3', '-W', 'ignore:setup.py install is deprecated', '-W', 'ignore:easy_install command is deprecated', 'setup.py', 'egg_info', '--egg-base', '../../build/roarm_description', 'build', '--build-base', '/home/v1/Desktop/Beizo/arm_ws/build/roarm_description/build', 'install', '--record', '/home/v1/Desktop/Beizo/arm_ws/build/roarm_description/install.log', '--single-version-externally-managed', 'install_data'], 'cwd': '/home/v1/Desktop/Beizo/arm_ws/src/roarm_description', 'env': {'LESSOPEN': '| /usr/bin/lesspipe %s', 'CONDA_PROMPT_MODIFIER': '', 'USER': 'v1', 'GZ_CONFIG_PATH': '/opt/ros/jazzy/opt/gz_sim_vendor/share/gz:/opt/ros/jazzy/opt/sdformat_vendor/share/gz:/opt/ros/jazzy/opt/gz_gui_vendor/share/gz:/opt/ros/jazzy/opt/gz_transport_vendor/share/gz:/opt/ros/jazzy/opt/gz_rendering_vendor/share/gz:/opt/ros/jazzy/opt/gz_plugin_vendor/share/gz:/opt/ros/jazzy/opt/gz_fuel_tools_vendor/share/gz:/opt/ros/jazzy/opt/gz_msgs_vendor/share/gz:/opt/ros/jazzy/opt/gz_common_vendor/share/gz', 'XDG_SESSION_TYPE': 'x11', 'SHLVL': '1', 'LD_LIBRARY_PATH': '/home/v1/Desktop/Beizo/arm_ws/install/roarm_msgs/lib:/opt/ros/jazzy/opt/gz_sim_vendor/lib:/opt/ros/jazzy/opt/gz_sensors_vendor/lib:/opt/ros/jazzy/opt/gz_physics_vendor/lib:/opt/ros/jazzy/opt/sdformat_vendor/lib:/opt/ros/jazzy/opt/rviz_ogre_vendor/lib:/opt/ros/jazzy/lib/x86_64-linux-gnu:/opt/ros/jazzy/opt/gz_gui_vendor/lib:/opt/ros/jazzy/opt/gz_transport_vendor/lib:/opt/ros/jazzy/opt/gz_rendering_vendor/lib:/opt/ros/jazzy/opt/gz_plugin_vendor/lib:/opt/ros/jazzy/opt/gz_fuel_tools_vendor/lib:/opt/ros/jazzy/opt/gz_msgs_vendor/lib:/opt/ros/jazzy/opt/gz_common_vendor/lib:/opt/ros/jazzy/opt/gz_math_vendor/lib:/opt/ros/jazzy/opt/gz_utils_vendor/lib:/opt/ros/jazzy/opt/gz_tools_vendor/lib:/opt/ros/jazzy/opt/gz_ogre_next_vendor/lib:/opt/ros/jazzy/opt/gz_dartsim_vendor/lib:/opt/ros/jazzy/opt/gz_cmake_vendor/lib:/opt/ros/jazzy/lib', 'HOME': '/home/v1', 'CONDA_SHLVL': '0', 'OLDPWD': '/home/v1/Desktop/Beizo/arm_ws', 'DESKTOP_SESSION': 'ubuntu', 'ROS_PYTHON_VERSION': '3', 'GNOME_SHELL_SESSION_MODE': 'ubuntu', 'GTK_MODULES': 'gail:atk-bridge', 'SYSTEMD_EXEC_PID': '2955', 'GSM_SKIP_SSH_AGENT_WORKAROUND': 'true', 'DBUS_SESSION_BUS_ADDRESS': 'unix:path=/run/user/1000/bus', 'COLORTERM': 'truecolor', '_CE_M': '', '_CONDA_ROOT': '/home/v1/miniconda3', 'GNOME_KEYRING_CONTROL': '/run/user/1000/keyring', 'DEBUGINFOD_URLS': 'https://debuginfod.ubuntu.com', 'COLCON_PREFIX_PATH': '/home/v1/Desktop/Beizo/arm_ws/install', 'ROS_DISTRO': 'jazzy', 'LOGNAME': 'v1', '_': '/usr/bin/colcon', 'ROS_VERSION': '2', 'MEMORY_PRESSURE_WATCH': '/sys/fs/cgroup/user.slice/user-1000.slice/user@1000.service/session.slice/org.gnome.SettingsDaemon.MediaKeys.service/memory.pressure', 'XDG_SESSION_CLASS': 'user', 'USERNAME': 'v1', 'TERM': 'xterm-256color', 'GNOME_DESKTOP_SESSION_ID': 'this-is-deprecated', '_CE_CONDA': '', 'WINDOWPATH': '2', 'PATH': '/home/v1/.local/bin:/opt/ros/jazzy/opt/gz_msgs_vendor/bin:/opt/ros/jazzy/opt/gz_tools_vendor/bin:/opt/ros/jazzy/opt/gz_ogre_next_vendor/bin:/opt/ros/jazzy/bin:/home/v1/miniconda3/condabin:/home/v1/.local/bin:/usr/local/sbin:/usr/local/bin:/usr/sbin:/usr/bin:/sbin:/bin:/usr/games:/usr/local/games:/snap/bin:/snap/bin', 'SESSION_MANAGER': 'local/v1-HP:@/tmp/.ICE-unix/2804,unix/v1-HP:/tmp/.ICE-unix/2804', 'XDG_MENU_PREFIX': 'gnome-', 'GNOME_TERMINAL_SCREEN': '/org/gnome/Terminal/screen/3af61192_0f13_44b3_bb04_ef5b217560ca', 'XDG_RUNTIME_DIR': '/run/user/1000', 'DISPLAY': ':1', 'LANG': 'en_US.UTF-8', 'XDG_CURRENT_DESKTOP': 'ubuntu:GNOME', 'RMW_IMPLEMENTATION': 'rmw_cyclonedds_cpp', 'XMODIFIERS': '@im=ibus', 'XDG_SESSION_DESKTOP': 'ubuntu', 'XAUTHORITY': '/run/user/1000/gdm/Xauthority', 'LS_COLORS': 'rs=0:di=01;34:ln=01;36:mh=00:pi=40;33:so=01;35:do=01;35:bd=40;33;01:cd=40;33;01:or=40;31;01:mi=00:su=37;41:sg=30;43:ca=00:tw=30;42:ow=34;42:st=37;44:ex=01;32:*.tar=01;31:*.tgz=01;31:*.arc=01;31:*.arj=01;31:*.taz=01;31:*.lha=01;31:*.lz4=01;31:*.lzh=01;31:*.lzma=01;31:*.tlz=01;31:*.txz=01;31:*.tzo=01;31:*.t7z=01;31:*.zip=01;31:*.z=01;31:*.dz=01;31:*.gz=01;31:*.lrz=01;31:*.lz=01;31:*.lzo=01;31:*.xz=01;31:*.zst=01;31:*.tzst=01;31:*.bz2=01;31:*.bz=01;31:*.tbz=01;31:*.tbz2=01;31:*.tz=01;31:*.deb=01;31:*.rpm=01;31:*.jar=01;31:*.war=01;31:*.ear=01;31:*.sar=01;31:*.rar=01;31:*.alz=01;31:*.ace=01;31:*.zoo=01;31:*.cpio=01;31:*.7z=01;31:*.rz=01;31:*.cab=01;31:*.wim=01;31:*.swm=01;31:*.dwm=01;31:*.esd=01;31:*.avif=01;35:*.jpg=01;35:*.jpeg=01;35:*.mjpg=01;35:*.mjpeg=01;35:*.gif=01;35:*.bmp=01;35:*.pbm=01;35:*.pgm=01;35:*.ppm=01;35:*.tga=01;35:*.xbm=01;35:*.xpm=01;35:*.tif=01;35:*.tiff=01;35:*.png=01;35:*.svg=01;35:*.svgz=01;35:*.mng=01;35:*.pcx=01;35:*.mov=01;35:*.mpg=01;35:*.mpeg=01;35:*.m2v=01;35:*.mkv=01;35:*.webm=01;35:*.webp=01;35:*.ogm=01;35:*.mp4=01;35:*.m4v=01;35:*.mp4v=01;35:*.vob=01;35:*.qt=01;35:*.nuv=01;35:*.wmv=01;35:*.asf=01;35:*.rm=01;35:*.rmvb=01;35:*.flc=01;35:*.avi=01;35:*.fli=01;35:*.flv=01;35:*.gl=01;35:*.dl=01;35:*.xcf=01;35:*.xwd=01;35:*.yuv=01;35:*.cgm=01;35:*.emf=01;35:*.ogv=01;35:*.ogx=01;35:*.aac=00;36:*.au=00;36:*.flac=00;36:*.m4a=00;36:*.mid=00;36:*.midi=00;36:*.mka=00;36:*.mp3=00;36:*.mpc=00;36:*.ogg=00;36:*.ra=00;36:*.wav=00;36:*.oga=00;36:*.opus=00;36:*.spx=00;36:*.xspf=00;36:*~=00;90:*#=00;90:*.bak=00;90:*.crdownload=00;90:*.dpkg-dist=00;90:*.dpkg-new=00;90:*.dpkg-old=00;90:*.dpkg-tmp=00;90:*.old=00;90:*.orig=00;90:*.part=00;90:*.rej=00;90:*.rpmnew=00;90:*.rpmorig=00;90:*.rpmsave=00;90:*.swp=00;90:*.tmp=00;90:*.ucf-dist=00;90:*.ucf-new=00;90:*.ucf-old=00;90:', 'GNOME_TERMINAL_SERVICE': ':1.616', 'SSH_AUTH_SOCK': '/run/user/1000/keyring/ssh', 'AMENT_PREFIX_PATH': '/home/v1/Desktop/Beizo/arm_ws/install/roarm_moveit_cmd:/home/v1/Desktop/Beizo/arm_ws/install/roarm_msgs:/home/v1/Desktop/Beizo/arm_ws/install/roarm_moveit_config:/home/v1/Desktop/Beizo/arm_ws/install/roarm_driver:/home/v1/Desktop/Beizo/arm_ws/install/roarm_description:/opt/ros/jazzy', 'CONDA_PYTHON_EXE': '/home/v1/miniconda3/bin/python', 'SHELL': '/bin/bash', 'QT_ACCESSIBILITY': '1', 'GDMSESSION': 'ubuntu', 'LESSCLOSE': '/usr/bin/lesspipe %s %s', 'CONDA_DEFAULT_ENV': '', 'GPG_AGENT_INFO': '/run/user/1000/gnupg/S.gpg-agent:0:1', '_CONDA_EXE': '/home/v1/miniconda3/bin/conda', 'ROS_AUTOMATIC_DISCOVERY_RANGE': 'SUBNET', 'QT_IM_MODULE': 'ibus', 'PWD': '/home/v1/Desktop/Beizo/arm_ws/build/roarm_description', 'LC_ALL': 'en_US.UTF-8', 'XDG_CONFIG_DIRS': '/etc/xdg/xdg-ubuntu:/etc/xdg', 'CONDA_EXE': '/home/v1/miniconda3/bin/conda', 'XDG_DATA_DIRS': '/usr/share/ubuntu:/usr/share/gnome:/usr/local/share/:/usr/share/:/var/lib/snapd/desktop', 'PYTHONPATH': '/home/v1/Desktop/Beizo/arm_ws/build/roarm_description/prefix_override:/usr/lib/python3/dist-packages/colcon_core/task/python/colcon_distutils_commands:/home/v1/Desktop/Beizo/arm_ws/install/roarm_description/lib/python3.12/site-packages:/home/v1/Desktop/Beizo/arm_ws/install/roarm_moveit_cmd/lib/python3.12/site-packages:/home/v1/Desktop/Beizo/arm_ws/install/roarm_msgs/lib/python3.12/site-packages:/home/v1/Desktop/Beizo/arm_ws/install/roarm_driver/lib/python3.12/site-packages:/home/v1/Desktop/Beizo/arm_ws/install/roarm_description/lib/python3.12/site-packages:/opt/ros/jazzy/lib/python3.12/site-packages', 'CONDA_PREFIX': '', 'COLCON': '1', 'MEMORY_PRESSURE_WRITE': 'c29tZSAyMDAwMDAgMjAwMDAwMAA=', 'VTE_VERSION': '7600', 'CMAKE_PREFIX_PATH': '/home/v1/Desktop/Beizo/arm_ws/install/roarm_msgs:/home/v1/Desktop/Beizo/arm_ws/install/roarm_moveit_config:/opt/ros/jazzy/opt/gz_sim_vendor:/opt/ros/jazzy/opt/gz_sensors_vendor:/opt/ros/jazzy/opt/gz_physics_vendor:/opt/ros/jazzy/opt/sdformat_vendor:/opt/ros/jazzy/opt/gz_gui_vendor:/opt/ros/jazzy/opt/gz_transport_vendor:/opt/ros/jazzy/opt/gz_rendering_vendor:/opt/ros/jazzy/opt/gz_plugin_vendor:/opt/ros/jazzy/opt/gz_fuel_tools_vendor:/opt/ros/jazzy/opt/gz_msgs_vendor:/opt/ros/jazzy/opt/gz_common_vendor:/opt/ros/jazzy/opt/gz_math_vendor:/opt/ros/jazzy/opt/gz_utils_vendor:/opt/ros/jazzy/opt/gz_tools_vendor:/opt/ros/jazzy/opt/gz_ogre_next_vendor:/opt/ros/jazzy/opt/gz_dartsim_vendor:/opt/ros/jazzy/opt/gz_cmake_vendor'}, 'shell': False}
[2.350560] (roarm_driver) Command: {'cmd': ['/usr/bin/python3', '-W', 'ignore:setup.py install is deprecated', '-W', 'ignore:easy_install command is deprecated', 'setup.py', 'egg_info', '--egg-base', '../../build/roarm_driver', 'build', '--build-base', '/home/v1/Desktop/Beizo/arm_ws/build/roarm_driver/build', 'install', '--record', '/home/v1/Desktop/Beizo/arm_ws/build/roarm_driver/install.log', '--single-version-externally-managed', 'install_data'], 'cwd': '/home/v1/Desktop/Beizo/arm_ws/src/roarm_driver', 'env': {'LESSOPEN': '| /usr/bin/lesspipe %s', 'CONDA_PROMPT_MODIFIER': '', 'USER': 'v1', 'GZ_CONFIG_PATH': '/opt/ros/jazzy/opt/gz_sim_vendor/share/gz:/opt/ros/jazzy/opt/sdformat_vendor/share/gz:/opt/ros/jazzy/opt/gz_gui_vendor/share/gz:/opt/ros/jazzy/opt/gz_transport_vendor/share/gz:/opt/ros/jazzy/opt/gz_rendering_vendor/share/gz:/opt/ros/jazzy/opt/gz_plugin_vendor/share/gz:/opt/ros/jazzy/opt/gz_fuel_tools_vendor/share/gz:/opt/ros/jazzy/opt/gz_msgs_vendor/share/gz:/opt/ros/jazzy/opt/gz_common_vendor/share/gz', 'XDG_SESSION_TYPE': 'x11', 'SHLVL': '1', 'LD_LIBRARY_PATH': '/home/v1/Desktop/Beizo/arm_ws/install/roarm_msgs/lib:/opt/ros/jazzy/opt/gz_sim_vendor/lib:/opt/ros/jazzy/opt/gz_sensors_vendor/lib:/opt/ros/jazzy/opt/gz_physics_vendor/lib:/opt/ros/jazzy/opt/sdformat_vendor/lib:/opt/ros/jazzy/opt/rviz_ogre_vendor/lib:/opt/ros/jazzy/lib/x86_64-linux-gnu:/opt/ros/jazzy/opt/gz_gui_vendor/lib:/opt/ros/jazzy/opt/gz_transport_vendor/lib:/opt/ros/jazzy/opt/gz_rendering_vendor/lib:/opt/ros/jazzy/opt/gz_plugin_vendor/lib:/opt/ros/jazzy/opt/gz_fuel_tools_vendor/lib:/opt/ros/jazzy/opt/gz_msgs_vendor/lib:/opt/ros/jazzy/opt/gz_common_vendor/lib:/opt/ros/jazzy/opt/gz_math_vendor/lib:/opt/ros/jazzy/opt/gz_utils_vendor/lib:/opt/ros/jazzy/opt/gz_tools_vendor/lib:/opt/ros/jazzy/opt/gz_ogre_next_vendor/lib:/opt/ros/jazzy/opt/gz_dartsim_vendor/lib:/opt/ros/jazzy/opt/gz_cmake_vendor/lib:/opt/ros/jazzy/lib', 'HOME': '/home/v1', 'CONDA_SHLVL': '0', 'OLDPWD': '/home/v1/Desktop/Beizo/arm_ws', 'DESKTOP_SESSION': 'ubuntu', 'ROS_PYTHON_VERSION': '3', 'GNOME_SHELL_SESSION_MODE': 'ubuntu', 'GTK_MODULES': 'gail:atk-bridge', 'SYSTEMD_EXEC_PID': '2955', 'GSM_SKIP_SSH_AGENT_WORKAROUND': 'true', 'DBUS_SESSION_BUS_ADDRESS': 'unix:path=/run/user/1000/bus', 'COLORTERM': 'truecolor', '_CE_M': '', '_CONDA_ROOT': '/home/v1/miniconda3', 'GNOME_KEYRING_CONTROL': '/run/user/1000/keyring', 'DEBUGINFOD_URLS': 'https://debuginfod.ubuntu.com', 'COLCON_PREFIX_PATH': '/home/v1/Desktop/Beizo/arm_ws/install', 'ROS_DISTRO': 'jazzy', 'LOGNAME': 'v1', '_': '/usr/bin/colcon', 'ROS_VERSION': '2', 'MEMORY_PRESSURE_WATCH': '/sys/fs/cgroup/user.slice/user-1000.slice/user@1000.service/session.slice/org.gnome.SettingsDaemon.MediaKeys.service/memory.pressure', 'XDG_SESSION_CLASS': 'user', 'USERNAME': 'v1', 'TERM': 'xterm-256color', 'GNOME_DESKTOP_SESSION_ID': 'this-is-deprecated', '_CE_CONDA': '', 'WINDOWPATH': '2', 'PATH': '/home/v1/.local/bin:/opt/ros/jazzy/opt/gz_msgs_vendor/bin:/opt/ros/jazzy/opt/gz_tools_vendor/bin:/opt/ros/jazzy/opt/gz_ogre_next_vendor/bin:/opt/ros/jazzy/bin:/home/v1/miniconda3/condabin:/home/v1/.local/bin:/usr/local/sbin:/usr/local/bin:/usr/sbin:/usr/bin:/sbin:/bin:/usr/games:/usr/local/games:/snap/bin:/snap/bin', 'SESSION_MANAGER': 'local/v1-HP:@/tmp/.ICE-unix/2804,unix/v1-HP:/tmp/.ICE-unix/2804', 'XDG_MENU_PREFIX': 'gnome-', 'GNOME_TERMINAL_SCREEN': '/org/gnome/Terminal/screen/3af61192_0f13_44b3_bb04_ef5b217560ca', 'XDG_RUNTIME_DIR': '/run/user/1000', 'DISPLAY': ':1', 'LANG': 'en_US.UTF-8', 'XDG_CURRENT_DESKTOP': 'ubuntu:GNOME', 'RMW_IMPLEMENTATION': 'rmw_cyclonedds_cpp', 'XMODIFIERS': '@im=ibus', 'XDG_SESSION_DESKTOP': 'ubuntu', 'XAUTHORITY': '/run/user/1000/gdm/Xauthority', 'LS_COLORS': 'rs=0:di=01;34:ln=01;36:mh=00:pi=40;33:so=01;35:do=01;35:bd=40;33;01:cd=40;33;01:or=40;31;01:mi=00:su=37;41:sg=30;43:ca=00:tw=30;42:ow=34;42:st=37;44:ex=01;32:*.tar=01;31:*.tgz=01;31:*.arc=01;31:*.arj=01;31:*.taz=01;31:*.lha=01;31:*.lz4=01;31:*.lzh=01;31:*.lzma=01;31:*.tlz=01;31:*.txz=01;31:*.tzo=01;31:*.t7z=01;31:*.zip=01;31:*.z=01;31:*.dz=01;31:*.gz=01;31:*.lrz=01;31:*.lz=01;31:*.lzo=01;31:*.xz=01;31:*.zst=01;31:*.tzst=01;31:*.bz2=01;31:*.bz=01;31:*.tbz=01;31:*.tbz2=01;31:*.tz=01;31:*.deb=01;31:*.rpm=01;31:*.jar=01;31:*.war=01;31:*.ear=01;31:*.sar=01;31:*.rar=01;31:*.alz=01;31:*.ace=01;31:*.zoo=01;31:*.cpio=01;31:*.7z=01;31:*.rz=01;31:*.cab=01;31:*.wim=01;31:*.swm=01;31:*.dwm=01;31:*.esd=01;31:*.avif=01;35:*.jpg=01;35:*.jpeg=01;35:*.mjpg=01;35:*.mjpeg=01;35:*.gif=01;35:*.bmp=01;35:*.pbm=01;35:*.pgm=01;35:*.ppm=01;35:*.tga=01;35:*.xbm=01;35:*.xpm=01;35:*.tif=01;35:*.tiff=01;35:*.png=01;35:*.svg=01;35:*.svgz=01;35:*.mng=01;35:*.pcx=01;35:*.mov=01;35:*.mpg=01;35:*.mpeg=01;35:*.m2v=01;35:*.mkv=01;35:*.webm=01;35:*.webp=01;35:*.ogm=01;35:*.mp4=01;35:*.m4v=01;35:*.mp4v=01;35:*.vob=01;35:*.qt=01;35:*.nuv=01;35:*.wmv=01;35:*.asf=01;35:*.rm=01;35:*.rmvb=01;35:*.flc=01;35:*.avi=01;35:*.fli=01;35:*.flv=01;35:*.gl=01;35:*.dl=01;35:*.xcf=01;35:*.xwd=01;35:*.yuv=01;35:*.cgm=01;35:*.emf=01;35:*.ogv=01;35:*.ogx=01;35:*.aac=00;36:*.au=00;36:*.flac=00;36:*.m4a=00;36:*.mid=00;36:*.midi=00;36:*.mka=00;36:*.mp3=00;36:*.mpc=00;36:*.ogg=00;36:*.ra=00;36:*.wav=00;36:*.oga=00;36:*.opus=00;36:*.spx=00;36:*.xspf=00;36:*~=00;90:*#=00;90:*.bak=00;90:*.crdownload=00;90:*.dpkg-dist=00;90:*.dpkg-new=00;90:*.dpkg-old=00;90:*.dpkg-tmp=00;90:*.old=00;90:*.orig=00;90:*.part=00;90:*.rej=00;90:*.rpmnew=00;90:*.rpmorig=00;90:*.rpmsave=00;90:*.swp=00;90:*.tmp=00;90:*.ucf-dist=00;90:*.ucf-new=00;90:*.ucf-old=00;90:', 'GNOME_TERMINAL_SERVICE': ':1.616', 'SSH_AUTH_SOCK': '/run/user/1000/keyring/ssh', 'AMENT_PREFIX_PATH': '/home/v1/Desktop/Beizo/arm_ws/install/roarm_moveit_cmd:/home/v1/Desktop/Beizo/arm_ws/install/roarm_msgs:/home/v1/Desktop/Beizo/arm_ws/install/roarm_moveit_config:/home/v1/Desktop/Beizo/arm_ws/install/roarm_driver:/home/v1/Desktop/Beizo/arm_ws/install/roarm_description:/opt/ros/jazzy', 'CONDA_PYTHON_EXE': '/home/v1/miniconda3/bin/python', 'SHELL': '/bin/bash', 'QT_ACCESSIBILITY': '1', 'GDMSESSION': 'ubuntu', 'LESSCLOSE': '/usr/bin/lesspipe %s %s', 'CONDA_DEFAULT_ENV': '', 'GPG_AGENT_INFO': '/run/user/1000/gnupg/S.gpg-agent:0:1', '_CONDA_EXE': '/home/v1/miniconda3/bin/conda', 'ROS_AUTOMATIC_DISCOVERY_RANGE': 'SUBNET', 'QT_IM_MODULE': 'ibus', 'PWD': '/home/v1/Desktop/Beizo/arm_ws/build/roarm_driver', 'LC_ALL': 'en_US.UTF-8', 'XDG_CONFIG_DIRS': '/etc/xdg/xdg-ubuntu:/etc/xdg', 'CONDA_EXE': '/home/v1/miniconda3/bin/conda', 'XDG_DATA_DIRS': '/usr/share/ubuntu:/usr/share/gnome:/usr/local/share/:/usr/share/:/var/lib/snapd/desktop', 'PYTHONPATH': '/home/v1/Desktop/Beizo/arm_ws/build/roarm_driver/prefix_override:/usr/lib/python3/dist-packages/colcon_core/task/python/colcon_distutils_commands:/home/v1/Desktop/Beizo/arm_ws/install/roarm_driver/lib/python3.12/site-packages:/home/v1/Desktop/Beizo/arm_ws/install/roarm_moveit_cmd/lib/python3.12/site-packages:/home/v1/Desktop/Beizo/arm_ws/install/roarm_msgs/lib/python3.12/site-packages:/home/v1/Desktop/Beizo/arm_ws/install/roarm_driver/lib/python3.12/site-packages:/home/v1/Desktop/Beizo/arm_ws/install/roarm_description/lib/python3.12/site-packages:/opt/ros/jazzy/lib/python3.12/site-packages', 'CONDA_PREFIX': '', 'COLCON': '1', 'MEMORY_PRESSURE_WRITE': 'c29tZSAyMDAwMDAgMjAwMDAwMAA=', 'VTE_VERSION': '7600', 'CMAKE_PREFIX_PATH': '/home/v1/Desktop/Beizo/arm_ws/install/roarm_msgs:/home/v1/Desktop/Beizo/arm_ws/install/roarm_moveit_config:/opt/ros/jazzy/opt/gz_sim_vendor:/opt/ros/jazzy/opt/gz_sensors_vendor:/opt/ros/jazzy/opt/gz_physics_vendor:/opt/ros/jazzy/opt/sdformat_vendor:/opt/ros/jazzy/opt/gz_gui_vendor:/opt/ros/jazzy/opt/gz_transport_vendor:/opt/ros/jazzy/opt/gz_rendering_vendor:/opt/ros/jazzy/opt/gz_plugin_vendor:/opt/ros/jazzy/opt/gz_fuel_tools_vendor:/opt/ros/jazzy/opt/gz_msgs_vendor:/opt/ros/jazzy/opt/gz_common_vendor:/opt/ros/jazzy/opt/gz_math_vendor:/opt/ros/jazzy/opt/gz_utils_vendor:/opt/ros/jazzy/opt/gz_tools_vendor:/opt/ros/jazzy/opt/gz_ogre_next_vendor:/opt/ros/jazzy/opt/gz_dartsim_vendor:/opt/ros/jazzy/opt/gz_cmake_vendor'}, 'shell': False}
[2.412266] (-) TimerEvent: {}
[2.512706] (-) TimerEvent: {}
[2.613111] (-) TimerEvent: {}
[2.713598] (-) TimerEvent: {}
[2.813953] (-) TimerEvent: {}
[2.914196] (-) TimerEvent: {}
[2.922079] (roarm_msgs) StdoutLine: {'line': b'-- Found ament_cmake_ros: 0.12.0 (/opt/ros/jazzy/share/ament_cmake_ros/cmake)\n'}
[2.992061] (roarm_description) StdoutLine: {'line': b'running egg_info\n'}
[2.992512] (roarm_description) StdoutLine: {'line': b'creating ../../build/roarm_description/roarm_description.egg-info\n'}
[2.999018] (roarm_driver) StdoutLine: {'line': b'running egg_info\n'}
[2.999415] (roarm_driver) StdoutLine: {'line': b'creating ../../build/roarm_driver/roarm_driver.egg-info\n'}
[3.014289] (-) TimerEvent: {}
[3.032585] (roarm_description) StdoutLine: {'line': b'writing ../../build/roarm_description/roarm_description.egg-info/PKG-INFO\n'}
[3.032948] (roarm_description) StdoutLine: {'line': b'writing dependency_links to ../../build/roarm_description/roarm_description.egg-info/dependency_links.txt\n'}
[3.033242] (roarm_description) StdoutLine: {'line': b'writing requirements to ../../build/roarm_description/roarm_description.egg-info/requires.txt\n'}
[3.033446] (roarm_description) StdoutLine: {'line': b'writing top-level names to ../../build/roarm_description/roarm_description.egg-info/top_level.txt\n'}
[3.033601] (roarm_description) StdoutLine: {'line': b"writing manifest file '../../build/roarm_description/roarm_description.egg-info/SOURCES.txt'\n"}
[3.042394] (roarm_driver) StdoutLine: {'line': b'writing ../../build/roarm_driver/roarm_driver.egg-info/PKG-INFO\n'}
[3.042679] (roarm_driver) StdoutLine: {'line': b'writing dependency_links to ../../build/roarm_driver/roarm_driver.egg-info/dependency_links.txt\n'}
[3.042929] (roarm_driver) StdoutLine: {'line': b'writing entry points to ../../build/roarm_driver/roarm_driver.egg-info/entry_points.txt\n'}
[3.043484] (roarm_driver) StdoutLine: {'line': b'writing requirements to ../../build/roarm_driver/roarm_driver.egg-info/requires.txt\n'}
[3.043692] (roarm_driver) StdoutLine: {'line': b'writing top-level names to ../../build/roarm_driver/roarm_driver.egg-info/top_level.txt\n'}
[3.043858] (roarm_driver) StdoutLine: {'line': b"writing manifest file '../../build/roarm_driver/roarm_driver.egg-info/SOURCES.txt'\n"}
[3.114384] (-) TimerEvent: {}
[3.120140] (roarm_description) StdoutLine: {'line': b"reading manifest file '../../build/roarm_description/roarm_description.egg-info/SOURCES.txt'\n"}
[3.121079] (roarm_description) StdoutLine: {'line': b"writing manifest file '../../build/roarm_description/roarm_description.egg-info/SOURCES.txt'\n"}
[3.121343] (roarm_description) StdoutLine: {'line': b'running build\n'}
[3.121516] (roarm_description) StdoutLine: {'line': b'running build_py\n'}
[3.121806] (roarm_description) StdoutLine: {'line': b'creating /home/v1/Desktop/Beizo/arm_ws/build/roarm_description/build\n'}
[3.121996] (roarm_description) StdoutLine: {'line': b'creating /home/v1/Desktop/Beizo/arm_ws/build/roarm_description/build/lib\n'}
[3.122150] (roarm_description) StdoutLine: {'line': b'creating /home/v1/Desktop/Beizo/arm_ws/build/roarm_description/build/lib/roarm_description\n'}
[3.122298] (roarm_description) StdoutLine: {'line': b'copying roarm_description/__init__.py -> /home/v1/Desktop/Beizo/arm_ws/build/roarm_description/build/lib/roarm_description\n'}
[3.123147] (roarm_description) StdoutLine: {'line': b'running install\n'}
[3.131405] (roarm_driver) StdoutLine: {'line': b"reading manifest file '../../build/roarm_driver/roarm_driver.egg-info/SOURCES.txt'\n"}
[3.131702] (roarm_driver) StdoutLine: {'line': b"writing manifest file '../../build/roarm_driver/roarm_driver.egg-info/SOURCES.txt'\n"}
[3.131819] (roarm_driver) StdoutLine: {'line': b'running build\n'}
[3.132398] (roarm_driver) StdoutLine: {'line': b'running build_py\n'}
[3.132734] (roarm_driver) StdoutLine: {'line': b'creating /home/v1/Desktop/Beizo/arm_ws/build/roarm_driver/build\n'}
[3.132917] (roarm_driver) StdoutLine: {'line': b'creating /home/v1/Desktop/Beizo/arm_ws/build/roarm_driver/build/lib\n'}
[3.133110] (roarm_driver) StdoutLine: {'line': b'creating /home/v1/Desktop/Beizo/arm_ws/build/roarm_driver/build/lib/roarm_driver\n'}
[3.133291] (roarm_driver) StdoutLine: {'line': b'copying roarm_driver/roarm_driver.py -> /home/v1/Desktop/Beizo/arm_ws/build/roarm_driver/build/lib/roarm_driver\n'}
[3.133459] (roarm_driver) StdoutLine: {'line': b'copying roarm_driver/__init__.py -> /home/v1/Desktop/Beizo/arm_ws/build/roarm_driver/build/lib/roarm_driver\n'}
[3.133627] (roarm_description) StdoutLine: {'line': b'running install_lib\n'}
[3.134777] (roarm_driver) StdoutLine: {'line': b'running install\n'}
[3.143833] (roarm_driver) StdoutLine: {'line': b'running install_lib\n'}
[3.178279] (roarm_description) StdoutLine: {'line': b'creating /home/v1/Desktop/Beizo/arm_ws/install/roarm_description/lib/python3.12/site-packages/roarm_description\n'}
[3.178572] (roarm_description) StdoutLine: {'line': b'copying /home/v1/Desktop/Beizo/arm_ws/build/roarm_description/build/lib/roarm_description/__init__.py -> /home/v1/Desktop/Beizo/arm_ws/install/roarm_description/lib/python3.12/site-packages/roarm_description\n'}
[3.179205] (roarm_description) StdoutLine: {'line': b'byte-compiling /home/v1/Desktop/Beizo/arm_ws/install/roarm_description/lib/python3.12/site-packages/roarm_description/__init__.py to __init__.cpython-312.pyc\n'}
[3.179529] (roarm_description) StdoutLine: {'line': b'running install_data\n'}
[3.179744] (roarm_description) StdoutLine: {'line': b'creating /home/v1/Desktop/Beizo/arm_ws/install/roarm_description/share/ament_index\n'}
[3.179958] (roarm_description) StdoutLine: {'line': b'creating /home/v1/Desktop/Beizo/arm_ws/install/roarm_description/share/ament_index/resource_index\n'}
[3.180173] (roarm_description) StdoutLine: {'line': b'creating /home/v1/Desktop/Beizo/arm_ws/install/roarm_description/share/ament_index/resource_index/packages\n'}
[3.180380] (roarm_description) StdoutLine: {'line': b'copying resource/roarm_description -> /home/v1/Desktop/Beizo/arm_ws/install/roarm_description/share/ament_index/resource_index/packages\n'}
[3.180607] (roarm_description) StdoutLine: {'line': b'copying package.xml -> /home/v1/Desktop/Beizo/arm_ws/install/roarm_description/share/roarm_description\n'}
[3.180806] (roarm_description) StdoutLine: {'line': b'creating /home/v1/Desktop/Beizo/arm_ws/install/roarm_description/share/roarm_description/launch\n'}
[3.181007] (roarm_description) StdoutLine: {'line': b'copying launch/display.launch.py -> /home/v1/Desktop/Beizo/arm_ws/install/roarm_description/share/roarm_description/launch\n'}
[3.181222] (roarm_description) StdoutLine: {'line': b'creating /home/v1/Desktop/Beizo/arm_ws/install/roarm_description/share/roarm_description/urdf\n'}
[3.181442] (roarm_description) StdoutLine: {'line': b'copying urdf/roarm_m3_moveit.xacro -> /home/v1/Desktop/Beizo/arm_ws/install/roarm_description/share/roarm_description/urdf\n'}
[3.181634] (roarm_description) StdoutLine: {'line': b'copying urdf/roarm_m3_description.xacro -> /home/v1/Desktop/Beizo/arm_ws/install/roarm_description/share/roarm_description/urdf\n'}
[3.181833] (roarm_description) StdoutLine: {'line': b'creating /home/v1/Desktop/Beizo/arm_ws/install/roarm_description/share/roarm_description/urdf/roarm_m3\n'}
[3.182028] (roarm_description) StdoutLine: {'line': b'copying urdf/roarm_m3/roarm_m3.xacro -> /home/v1/Desktop/Beizo/arm_ws/install/roarm_description/share/roarm_description/urdf/roarm_m3\n'}
[3.182245] (roarm_description) StdoutLine: {'line': b'copying urdf/roarm_m3/roarm_m3.gazebo -> /home/v1/Desktop/Beizo/arm_ws/install/roarm_description/share/roarm_description/urdf/roarm_m3\n'}
[3.183427] (roarm_description) StdoutLine: {'line': b'copying urdf/roarm_m3/roarm_m3.trans -> /home/v1/Desktop/Beizo/arm_ws/install/roarm_description/share/roarm_description/urdf/roarm_m3\n'}
[3.183684] (roarm_description) StdoutLine: {'line': b'copying urdf/roarm_m3/materials.xacro -> /home/v1/Desktop/Beizo/arm_ws/install/roarm_description/share/roarm_description/urdf/roarm_m3\n'}
[3.183858] (roarm_description) StdoutLine: {'line': b'creating /home/v1/Desktop/Beizo/arm_ws/install/roarm_description/share/roarm_description/meshes\n'}
[3.184013] (roarm_description) StdoutLine: {'line': b'creating /home/v1/Desktop/Beizo/arm_ws/install/roarm_description/share/roarm_description/meshes/roarm_m3\n'}
[3.184181] (roarm_description) StdoutLine: {'line': b'copying meshes/roarm_m3/link1.stl -> /home/v1/Desktop/Beizo/arm_ws/install/roarm_description/share/roarm_description/meshes/roarm_m3\n'}
[3.184331] (roarm_description) StdoutLine: {'line': b'copying meshes/roarm_m3/link2.stl -> /home/v1/Desktop/Beizo/arm_ws/install/roarm_description/share/roarm_description/meshes/roarm_m3\n'}
[3.184475] (roarm_description) StdoutLine: {'line': b'copying meshes/roarm_m3/link3.stl -> /home/v1/Desktop/Beizo/arm_ws/install/roarm_description/share/roarm_description/meshes/roarm_m3\n'}
[3.184668] (roarm_description) StdoutLine: {'line': b'copying meshes/roarm_m3/base_link.stl -> /home/v1/Desktop/Beizo/arm_ws/install/roarm_description/share/roarm_description/meshes/roarm_m3\n'}
[3.184892] (roarm_description) StdoutLine: {'line': b'copying meshes/roarm_m3/gripper_left_link.stl -> /home/v1/Desktop/Beizo/arm_ws/install/roarm_description/share/roarm_description/meshes/roarm_m3\n'}
[3.185068] (roarm_description) StdoutLine: {'line': b'copying meshes/roarm_m3/link4.stl -> /home/v1/Desktop/Beizo/arm_ws/install/roarm_description/share/roarm_description/meshes/roarm_m3\n'}
[3.185224] (roarm_description) StdoutLine: {'line': b'copying meshes/roarm_m3/gripper_link.stl -> /home/v1/Desktop/Beizo/arm_ws/install/roarm_description/share/roarm_description/meshes/roarm_m3\n'}
[3.185543] (roarm_description) StdoutLine: {'line': b'copying meshes/roarm_m3/link5.stl -> /home/v1/Desktop/Beizo/arm_ws/install/roarm_description/share/roarm_description/meshes/roarm_m3\n'}
[3.186208] (roarm_description) StdoutLine: {'line': b'creating /home/v1/Desktop/Beizo/arm_ws/install/roarm_description/share/roarm_description/rviz\n'}
[3.186461] (roarm_description) StdoutLine: {'line': b'copying rviz/view_description.rviz -> /home/v1/Desktop/Beizo/arm_ws/install/roarm_description/share/roarm_description/rviz\n'}
[3.186655] (roarm_description) StdoutLine: {'line': b'running install_egg_info\n'}
[3.187391] (roarm_driver) StdoutLine: {'line': b'creating /home/v1/Desktop/Beizo/arm_ws/install/roarm_driver/lib/python3.12/site-packages/roarm_driver\n'}
[3.187780] (roarm_driver) StdoutLine: {'line': b'copying /home/v1/Desktop/Beizo/arm_ws/build/roarm_driver/build/lib/roarm_driver/roarm_driver.py -> /home/v1/Desktop/Beizo/arm_ws/install/roarm_driver/lib/python3.12/site-packages/roarm_driver\n'}
[3.187970] (roarm_driver) StdoutLine: {'line': b'copying /home/v1/Desktop/Beizo/arm_ws/build/roarm_driver/build/lib/roarm_driver/__init__.py -> /home/v1/Desktop/Beizo/arm_ws/install/roarm_driver/lib/python3.12/site-packages/roarm_driver\n'}
[3.188712] (roarm_driver) StdoutLine: {'line': b'byte-compiling /home/v1/Desktop/Beizo/arm_ws/install/roarm_driver/lib/python3.12/site-packages/roarm_driver/roarm_driver.py to roarm_driver.cpython-312.pyc\n'}
[3.189908] (roarm_driver) StdoutLine: {'line': b'byte-compiling /home/v1/Desktop/Beizo/arm_ws/install/roarm_driver/lib/python3.12/site-packages/roarm_driver/__init__.py to __init__.cpython-312.pyc\n'}
[3.190188] (roarm_driver) StdoutLine: {'line': b'running install_data\n'}
[3.190409] (roarm_driver) StdoutLine: {'line': b'creating /home/v1/Desktop/Beizo/arm_ws/install/roarm_driver/share/ament_index\n'}
[3.190583] (roarm_driver) StdoutLine: {'line': b'creating /home/v1/Desktop/Beizo/arm_ws/install/roarm_driver/share/ament_index/resource_index\n'}
[3.190696] (roarm_driver) StdoutLine: {'line': b'creating /home/v1/Desktop/Beizo/arm_ws/install/roarm_driver/share/ament_index/resource_index/packages\n'}
[3.190843] (roarm_driver) StdoutLine: {'line': b'copying resource/roarm_driver -> /home/v1/Desktop/Beizo/arm_ws/install/roarm_driver/share/ament_index/resource_index/packages\n'}
[3.190931] (roarm_driver) StdoutLine: {'line': b'copying package.xml -> /home/v1/Desktop/Beizo/arm_ws/install/roarm_driver/share/roarm_driver\n'}
[3.191012] (roarm_driver) StdoutLine: {'line': b'running install_egg_info\n'}
[3.214608] (-) TimerEvent: {}
[3.230784] (roarm_description) StdoutLine: {'line': b'Copying ../../build/roarm_description/roarm_description.egg-info to /home/v1/Desktop/Beizo/arm_ws/install/roarm_description/lib/python3.12/site-packages/roarm_description-0.0.1-py3.12.egg-info\n'}
[3.232237] (roarm_description) StdoutLine: {'line': b'running install_scripts\n'}
[3.237078] (roarm_driver) StdoutLine: {'line': b'Copying ../../build/roarm_driver/roarm_driver.egg-info to /home/v1/Desktop/Beizo/arm_ws/install/roarm_driver/lib/python3.12/site-packages/roarm_driver-0.0.0-py3.12.egg-info\n'}
[3.239416] (roarm_driver) StdoutLine: {'line': b'running install_scripts\n'}
[3.314728] (-) TimerEvent: {}
[3.415012] (-) TimerEvent: {}
[3.500319] (roarm_msgs) StdoutLine: {'line': b'-- Using all available rosidl_typesupport_c: rosidl_typesupport_fastrtps_c;rosidl_typesupport_introspection_c\n'}
[3.500742] (roarm_description) StdoutLine: {'line': b"writing list of installed files to '/home/v1/Desktop/Beizo/arm_ws/build/roarm_description/install.log'\n"}
[3.508646] (roarm_driver) StdoutLine: {'line': b'Installing roarm_driver script to /home/v1/Desktop/Beizo/arm_ws/install/roarm_driver/lib/roarm_driver\n'}
[3.508902] (roarm_driver) StdoutLine: {'line': b"writing list of installed files to '/home/v1/Desktop/Beizo/arm_ws/build/roarm_driver/install.log'\n"}
[3.515112] (-) TimerEvent: {}
[3.551339] (roarm_description) CommandEnded: {'returncode': 0}
[3.568220] (roarm_description) JobEnded: {'identifier': 'roarm_description', 'rc': 0}
[3.569465] (roarm_moveit_config) JobStarted: {'identifier': 'roarm_moveit_config'}
[3.576482] (roarm_driver) CommandEnded: {'returncode': 0}
[3.584460] (roarm_driver) JobEnded: {'identifier': 'roarm_driver', 'rc': 0}
[3.585907] (roarm_moveit_config) JobProgress: {'identifier': 'roarm_moveit_config', 'progress': 'cmake'}
[3.586065] (roarm_moveit_config) Command: {'cmd': ['/usr/bin/cmake', '/home/v1/Desktop/Beizo/arm_ws/src/roarm_moveit_config', '-DCMAKE_INSTALL_PREFIX=/home/v1/Desktop/Beizo/arm_ws/install/roarm_moveit_config'], 'cwd': '/home/v1/Desktop/Beizo/arm_ws/build/roarm_moveit_config', 'env': OrderedDict({'LESSOPEN': '| /usr/bin/lesspipe %s', 'CONDA_PROMPT_MODIFIER': '', 'USER': 'v1', 'GZ_CONFIG_PATH': '/opt/ros/jazzy/opt/gz_sim_vendor/share/gz:/opt/ros/jazzy/opt/sdformat_vendor/share/gz:/opt/ros/jazzy/opt/gz_gui_vendor/share/gz:/opt/ros/jazzy/opt/gz_transport_vendor/share/gz:/opt/ros/jazzy/opt/gz_rendering_vendor/share/gz:/opt/ros/jazzy/opt/gz_plugin_vendor/share/gz:/opt/ros/jazzy/opt/gz_fuel_tools_vendor/share/gz:/opt/ros/jazzy/opt/gz_msgs_vendor/share/gz:/opt/ros/jazzy/opt/gz_common_vendor/share/gz', 'XDG_SESSION_TYPE': 'x11', 'SHLVL': '1', 'LD_LIBRARY_PATH': '/home/v1/Desktop/Beizo/arm_ws/install/roarm_msgs/lib:/opt/ros/jazzy/opt/gz_sim_vendor/lib:/opt/ros/jazzy/opt/gz_sensors_vendor/lib:/opt/ros/jazzy/opt/gz_physics_vendor/lib:/opt/ros/jazzy/opt/sdformat_vendor/lib:/opt/ros/jazzy/opt/rviz_ogre_vendor/lib:/opt/ros/jazzy/lib/x86_64-linux-gnu:/opt/ros/jazzy/opt/gz_gui_vendor/lib:/opt/ros/jazzy/opt/gz_transport_vendor/lib:/opt/ros/jazzy/opt/gz_rendering_vendor/lib:/opt/ros/jazzy/opt/gz_plugin_vendor/lib:/opt/ros/jazzy/opt/gz_fuel_tools_vendor/lib:/opt/ros/jazzy/opt/gz_msgs_vendor/lib:/opt/ros/jazzy/opt/gz_common_vendor/lib:/opt/ros/jazzy/opt/gz_math_vendor/lib:/opt/ros/jazzy/opt/gz_utils_vendor/lib:/opt/ros/jazzy/opt/gz_tools_vendor/lib:/opt/ros/jazzy/opt/gz_ogre_next_vendor/lib:/opt/ros/jazzy/opt/gz_dartsim_vendor/lib:/opt/ros/jazzy/opt/gz_cmake_vendor/lib:/opt/ros/jazzy/lib', 'HOME': '/home/v1', 'CONDA_SHLVL': '0', 'OLDPWD': '/home/v1/Desktop/Beizo/arm_ws', 'DESKTOP_SESSION': 'ubuntu', 'ROS_PYTHON_VERSION': '3', 'GNOME_SHELL_SESSION_MODE': 'ubuntu', 'GTK_MODULES': 'gail:atk-bridge', 'SYSTEMD_EXEC_PID': '2955', 'GSM_SKIP_SSH_AGENT_WORKAROUND': 'true', 'DBUS_SESSION_BUS_ADDRESS': 'unix:path=/run/user/1000/bus', 'COLORTERM': 'truecolor', '_CE_M': '', '_CONDA_ROOT': '/home/v1/miniconda3', 'GNOME_KEYRING_CONTROL': '/run/user/1000/keyring', 'DEBUGINFOD_URLS': 'https://debuginfod.ubuntu.com', 'COLCON_PREFIX_PATH': '/home/v1/Desktop/Beizo/arm_ws/install', 'ROS_DISTRO': 'jazzy', 'LOGNAME': 'v1', '_': '/usr/bin/colcon', 'ROS_VERSION': '2', 'MEMORY_PRESSURE_WATCH': '/sys/fs/cgroup/user.slice/user-1000.slice/user@1000.service/session.slice/org.gnome.SettingsDaemon.MediaKeys.service/memory.pressure', 'XDG_SESSION_CLASS': 'user', 'USERNAME': 'v1', 'TERM': 'xterm-256color', 'GNOME_DESKTOP_SESSION_ID': 'this-is-deprecated', '_CE_CONDA': '', 'WINDOWPATH': '2', 'PATH': '/home/v1/.local/bin:/opt/ros/jazzy/opt/gz_msgs_vendor/bin:/opt/ros/jazzy/opt/gz_tools_vendor/bin:/opt/ros/jazzy/opt/gz_ogre_next_vendor/bin:/opt/ros/jazzy/bin:/home/v1/miniconda3/condabin:/home/v1/.local/bin:/usr/local/sbin:/usr/local/bin:/usr/sbin:/usr/bin:/sbin:/bin:/usr/games:/usr/local/games:/snap/bin:/snap/bin', 'SESSION_MANAGER': 'local/v1-HP:@/tmp/.ICE-unix/2804,unix/v1-HP:/tmp/.ICE-unix/2804', 'XDG_MENU_PREFIX': 'gnome-', 'GNOME_TERMINAL_SCREEN': '/org/gnome/Terminal/screen/3af61192_0f13_44b3_bb04_ef5b217560ca', 'XDG_RUNTIME_DIR': '/run/user/1000', 'DISPLAY': ':1', 'LANG': 'en_US.UTF-8', 'XDG_CURRENT_DESKTOP': 'ubuntu:GNOME', 'RMW_IMPLEMENTATION': 'rmw_cyclonedds_cpp', 'XMODIFIERS': '@im=ibus', 'XDG_SESSION_DESKTOP': 'ubuntu', 'XAUTHORITY': '/run/user/1000/gdm/Xauthority', 'LS_COLORS': 'rs=0:di=01;34:ln=01;36:mh=00:pi=40;33:so=01;35:do=01;35:bd=40;33;01:cd=40;33;01:or=40;31;01:mi=00:su=37;41:sg=30;43:ca=00:tw=30;42:ow=34;42:st=37;44:ex=01;32:*.tar=01;31:*.tgz=01;31:*.arc=01;31:*.arj=01;31:*.taz=01;31:*.lha=01;31:*.lz4=01;31:*.lzh=01;31:*.lzma=01;31:*.tlz=01;31:*.txz=01;31:*.tzo=01;31:*.t7z=01;31:*.zip=01;31:*.z=01;31:*.dz=01;31:*.gz=01;31:*.lrz=01;31:*.lz=01;31:*.lzo=01;31:*.xz=01;31:*.zst=01;31:*.tzst=01;31:*.bz2=01;31:*.bz=01;31:*.tbz=01;31:*.tbz2=01;31:*.tz=01;31:*.deb=01;31:*.rpm=01;31:*.jar=01;31:*.war=01;31:*.ear=01;31:*.sar=01;31:*.rar=01;31:*.alz=01;31:*.ace=01;31:*.zoo=01;31:*.cpio=01;31:*.7z=01;31:*.rz=01;31:*.cab=01;31:*.wim=01;31:*.swm=01;31:*.dwm=01;31:*.esd=01;31:*.avif=01;35:*.jpg=01;35:*.jpeg=01;35:*.mjpg=01;35:*.mjpeg=01;35:*.gif=01;35:*.bmp=01;35:*.pbm=01;35:*.pgm=01;35:*.ppm=01;35:*.tga=01;35:*.xbm=01;35:*.xpm=01;35:*.tif=01;35:*.tiff=01;35:*.png=01;35:*.svg=01;35:*.svgz=01;35:*.mng=01;35:*.pcx=01;35:*.mov=01;35:*.mpg=01;35:*.mpeg=01;35:*.m2v=01;35:*.mkv=01;35:*.webm=01;35:*.webp=01;35:*.ogm=01;35:*.mp4=01;35:*.m4v=01;35:*.mp4v=01;35:*.vob=01;35:*.qt=01;35:*.nuv=01;35:*.wmv=01;35:*.asf=01;35:*.rm=01;35:*.rmvb=01;35:*.flc=01;35:*.avi=01;35:*.fli=01;35:*.flv=01;35:*.gl=01;35:*.dl=01;35:*.xcf=01;35:*.xwd=01;35:*.yuv=01;35:*.cgm=01;35:*.emf=01;35:*.ogv=01;35:*.ogx=01;35:*.aac=00;36:*.au=00;36:*.flac=00;36:*.m4a=00;36:*.mid=00;36:*.midi=00;36:*.mka=00;36:*.mp3=00;36:*.mpc=00;36:*.ogg=00;36:*.ra=00;36:*.wav=00;36:*.oga=00;36:*.opus=00;36:*.spx=00;36:*.xspf=00;36:*~=00;90:*#=00;90:*.bak=00;90:*.crdownload=00;90:*.dpkg-dist=00;90:*.dpkg-new=00;90:*.dpkg-old=00;90:*.dpkg-tmp=00;90:*.old=00;90:*.orig=00;90:*.part=00;90:*.rej=00;90:*.rpmnew=00;90:*.rpmorig=00;90:*.rpmsave=00;90:*.swp=00;90:*.tmp=00;90:*.ucf-dist=00;90:*.ucf-new=00;90:*.ucf-old=00;90:', 'GNOME_TERMINAL_SERVICE': ':1.616', 'SSH_AUTH_SOCK': '/run/user/1000/keyring/ssh', 'AMENT_PREFIX_PATH': '/home/v1/Desktop/Beizo/arm_ws/install/roarm_description:/home/v1/Desktop/Beizo/arm_ws/install/roarm_moveit_cmd:/home/v1/Desktop/Beizo/arm_ws/install/roarm_msgs:/home/v1/Desktop/Beizo/arm_ws/install/roarm_moveit_config:/home/v1/Desktop/Beizo/arm_ws/install/roarm_driver:/opt/ros/jazzy', 'CONDA_PYTHON_EXE': '/home/v1/miniconda3/bin/python', 'SHELL': '/bin/bash', 'QT_ACCESSIBILITY': '1', 'GDMSESSION': 'ubuntu', 'LESSCLOSE': '/usr/bin/lesspipe %s %s', 'CONDA_DEFAULT_ENV': '', 'GPG_AGENT_INFO': '/run/user/1000/gnupg/S.gpg-agent:0:1', '_CONDA_EXE': '/home/v1/miniconda3/bin/conda', 'ROS_AUTOMATIC_DISCOVERY_RANGE': 'SUBNET', 'QT_IM_MODULE': 'ibus', 'PWD': '/home/v1/Desktop/Beizo/arm_ws/build/roarm_moveit_config', 'LC_ALL': 'en_US.UTF-8', 'XDG_CONFIG_DIRS': '/etc/xdg/xdg-ubuntu:/etc/xdg', 'CONDA_EXE': '/home/v1/miniconda3/bin/conda', 'XDG_DATA_DIRS': '/usr/share/ubuntu:/usr/share/gnome:/usr/local/share/:/usr/share/:/var/lib/snapd/desktop', 'PYTHONPATH': '/home/v1/Desktop/Beizo/arm_ws/install/roarm_description/lib/python3.12/site-packages:/home/v1/Desktop/Beizo/arm_ws/install/roarm_moveit_cmd/lib/python3.12/site-packages:/home/v1/Desktop/Beizo/arm_ws/install/roarm_msgs/lib/python3.12/site-packages:/home/v1/Desktop/Beizo/arm_ws/install/roarm_driver/lib/python3.12/site-packages:/opt/ros/jazzy/lib/python3.12/site-packages', 'CONDA_PREFIX': '', 'COLCON': '1', 'MEMORY_PRESSURE_WRITE': 'c29tZSAyMDAwMDAgMjAwMDAwMAA=', 'VTE_VERSION': '7600', 'CMAKE_PREFIX_PATH': '/home/v1/Desktop/Beizo/arm_ws/install/roarm_msgs:/home/v1/Desktop/Beizo/arm_ws/install/roarm_moveit_config:/opt/ros/jazzy/opt/gz_sim_vendor:/opt/ros/jazzy/opt/gz_sensors_vendor:/opt/ros/jazzy/opt/gz_physics_vendor:/opt/ros/jazzy/opt/sdformat_vendor:/opt/ros/jazzy/opt/gz_gui_vendor:/opt/ros/jazzy/opt/gz_transport_vendor:/opt/ros/jazzy/opt/gz_rendering_vendor:/opt/ros/jazzy/opt/gz_plugin_vendor:/opt/ros/jazzy/opt/gz_fuel_tools_vendor:/opt/ros/jazzy/opt/gz_msgs_vendor:/opt/ros/jazzy/opt/gz_common_vendor:/opt/ros/jazzy/opt/gz_math_vendor:/opt/ros/jazzy/opt/gz_utils_vendor:/opt/ros/jazzy/opt/gz_tools_vendor:/opt/ros/jazzy/opt/gz_ogre_next_vendor:/opt/ros/jazzy/opt/gz_dartsim_vendor:/opt/ros/jazzy/opt/gz_cmake_vendor:/home/v1/Desktop/Beizo/arm_ws/install/roarm_moveit_cmd:/home/v1/Desktop/Beizo/arm_ws/install/roarm_driver:/home/v1/Desktop/Beizo/arm_ws/install/roarm_description:/opt/ros/jazzy'}), 'shell': False}
[3.615219] (-) TimerEvent: {}
[3.651737] (roarm_moveit_config) StdoutLine: {'line': b'-- The C compiler identification is GNU 13.3.0\n'}
[3.714540] (roarm_moveit_config) StdoutLine: {'line': b'-- The CXX compiler identification is GNU 13.3.0\n'}
[3.715283] (-) TimerEvent: {}
[3.734084] (roarm_moveit_config) StdoutLine: {'line': b'-- Detecting C compiler ABI info\n'}
[3.815386] (-) TimerEvent: {}
[3.830674] (roarm_moveit_config) StdoutLine: {'line': b'-- Detecting C compiler ABI info - done\n'}
[3.842143] (roarm_moveit_config) StdoutLine: {'line': b'-- Check for working C compiler: /usr/bin/cc - skipped\n'}
[3.842541] (roarm_moveit_config) StdoutLine: {'line': b'-- Detecting C compile features\n'}
[3.842941] (roarm_moveit_config) StdoutLine: {'line': b'-- Detecting C compile features - done\n'}
[3.853518] (roarm_moveit_config) StdoutLine: {'line': b'-- Detecting CXX compiler ABI info\n'}
[3.915464] (-) TimerEvent: {}
[3.966134] (roarm_moveit_config) StdoutLine: {'line': b'-- Detecting CXX compiler ABI info - done\n'}
[3.990763] (roarm_moveit_config) StdoutLine: {'line': b'-- Check for working CXX compiler: /usr/bin/c++ - skipped\n'}
[3.991294] (roarm_moveit_config) StdoutLine: {'line': b'-- Detecting CXX compile features\n'}
[3.992394] (roarm_moveit_config) StdoutLine: {'line': b'-- Detecting CXX compile features - done\n'}
[4.000211] (roarm_moveit_config) StdoutLine: {'line': b'-- Found ament_cmake: 2.5.5 (/opt/ros/jazzy/share/ament_cmake/cmake)\n'}
[4.015554] (-) TimerEvent: {}
[4.115821] (-) TimerEvent: {}
[4.185799] (roarm_moveit_config) StdoutLine: {'line': b'-- Found Python3: /usr/bin/python3 (found version "3.12.3") found components: Interpreter \n'}
[4.215919] (-) TimerEvent: {}
[4.226250] (roarm_msgs) StdoutLine: {'line': b'-- Using all available rosidl_typesupport_cpp: rosidl_typesupport_fastrtps_cpp;rosidl_typesupport_introspection_cpp\n'}
[4.231025] (roarm_msgs) StdoutLine: {'line': b'-- Found python_cmake_module: 0.11.1 (/opt/ros/jazzy/share/python_cmake_module/cmake)\n'}
[4.316044] (-) TimerEvent: {}
[4.416593] (-) TimerEvent: {}
[4.514736] (roarm_msgs) StdoutLine: {'line': b'-- Found PythonExtra: /usr/bin/python3  \n'}
[4.516687] (-) TimerEvent: {}
[4.611002] (roarm_moveit_config) StdoutLine: {'line': b'-- Configuring done (1.0s)\n'}
[4.616810] (-) TimerEvent: {}
[4.619490] (roarm_moveit_config) StdoutLine: {'line': b'-- Generating done (0.0s)\n'}
[4.625141] (roarm_moveit_config) StdoutLine: {'line': b'-- Build files have been written to: /home/v1/Desktop/Beizo/arm_ws/build/roarm_moveit_config\n'}
[4.635470] (roarm_moveit_config) CommandEnded: {'returncode': 0}
[4.637257] (roarm_moveit_config) JobProgress: {'identifier': 'roarm_moveit_config', 'progress': 'build'}
[4.640071] (roarm_moveit_config) Command: {'cmd': ['/usr/bin/cmake', '--build', '/home/v1/Desktop/Beizo/arm_ws/build/roarm_moveit_config', '--', '-j8', '-l8'], 'cwd': '/home/v1/Desktop/Beizo/arm_ws/build/roarm_moveit_config', 'env': OrderedDict({'LESSOPEN': '| /usr/bin/lesspipe %s', 'CONDA_PROMPT_MODIFIER': '', 'USER': 'v1', 'GZ_CONFIG_PATH': '/opt/ros/jazzy/opt/gz_sim_vendor/share/gz:/opt/ros/jazzy/opt/sdformat_vendor/share/gz:/opt/ros/jazzy/opt/gz_gui_vendor/share/gz:/opt/ros/jazzy/opt/gz_transport_vendor/share/gz:/opt/ros/jazzy/opt/gz_rendering_vendor/share/gz:/opt/ros/jazzy/opt/gz_plugin_vendor/share/gz:/opt/ros/jazzy/opt/gz_fuel_tools_vendor/share/gz:/opt/ros/jazzy/opt/gz_msgs_vendor/share/gz:/opt/ros/jazzy/opt/gz_common_vendor/share/gz', 'XDG_SESSION_TYPE': 'x11', 'SHLVL': '1', 'LD_LIBRARY_PATH': '/home/v1/Desktop/Beizo/arm_ws/install/roarm_msgs/lib:/opt/ros/jazzy/opt/gz_sim_vendor/lib:/opt/ros/jazzy/opt/gz_sensors_vendor/lib:/opt/ros/jazzy/opt/gz_physics_vendor/lib:/opt/ros/jazzy/opt/sdformat_vendor/lib:/opt/ros/jazzy/opt/rviz_ogre_vendor/lib:/opt/ros/jazzy/lib/x86_64-linux-gnu:/opt/ros/jazzy/opt/gz_gui_vendor/lib:/opt/ros/jazzy/opt/gz_transport_vendor/lib:/opt/ros/jazzy/opt/gz_rendering_vendor/lib:/opt/ros/jazzy/opt/gz_plugin_vendor/lib:/opt/ros/jazzy/opt/gz_fuel_tools_vendor/lib:/opt/ros/jazzy/opt/gz_msgs_vendor/lib:/opt/ros/jazzy/opt/gz_common_vendor/lib:/opt/ros/jazzy/opt/gz_math_vendor/lib:/opt/ros/jazzy/opt/gz_utils_vendor/lib:/opt/ros/jazzy/opt/gz_tools_vendor/lib:/opt/ros/jazzy/opt/gz_ogre_next_vendor/lib:/opt/ros/jazzy/opt/gz_dartsim_vendor/lib:/opt/ros/jazzy/opt/gz_cmake_vendor/lib:/opt/ros/jazzy/lib', 'HOME': '/home/v1', 'CONDA_SHLVL': '0', 'OLDPWD': '/home/v1/Desktop/Beizo/arm_ws', 'DESKTOP_SESSION': 'ubuntu', 'ROS_PYTHON_VERSION': '3', 'GNOME_SHELL_SESSION_MODE': 'ubuntu', 'GTK_MODULES': 'gail:atk-bridge', 'SYSTEMD_EXEC_PID': '2955', 'GSM_SKIP_SSH_AGENT_WORKAROUND': 'true', 'DBUS_SESSION_BUS_ADDRESS': 'unix:path=/run/user/1000/bus', 'COLORTERM': 'truecolor', '_CE_M': '', '_CONDA_ROOT': '/home/v1/miniconda3', 'GNOME_KEYRING_CONTROL': '/run/user/1000/keyring', 'DEBUGINFOD_URLS': 'https://debuginfod.ubuntu.com', 'COLCON_PREFIX_PATH': '/home/v1/Desktop/Beizo/arm_ws/install', 'ROS_DISTRO': 'jazzy', 'LOGNAME': 'v1', '_': '/usr/bin/colcon', 'ROS_VERSION': '2', 'MEMORY_PRESSURE_WATCH': '/sys/fs/cgroup/user.slice/user-1000.slice/user@1000.service/session.slice/org.gnome.SettingsDaemon.MediaKeys.service/memory.pressure', 'XDG_SESSION_CLASS': 'user', 'USERNAME': 'v1', 'TERM': 'xterm-256color', 'GNOME_DESKTOP_SESSION_ID': 'this-is-deprecated', '_CE_CONDA': '', 'WINDOWPATH': '2', 'PATH': '/home/v1/.local/bin:/opt/ros/jazzy/opt/gz_msgs_vendor/bin:/opt/ros/jazzy/opt/gz_tools_vendor/bin:/opt/ros/jazzy/opt/gz_ogre_next_vendor/bin:/opt/ros/jazzy/bin:/home/v1/miniconda3/condabin:/home/v1/.local/bin:/usr/local/sbin:/usr/local/bin:/usr/sbin:/usr/bin:/sbin:/bin:/usr/games:/usr/local/games:/snap/bin:/snap/bin', 'SESSION_MANAGER': 'local/v1-HP:@/tmp/.ICE-unix/2804,unix/v1-HP:/tmp/.ICE-unix/2804', 'XDG_MENU_PREFIX': 'gnome-', 'GNOME_TERMINAL_SCREEN': '/org/gnome/Terminal/screen/3af61192_0f13_44b3_bb04_ef5b217560ca', 'XDG_RUNTIME_DIR': '/run/user/1000', 'DISPLAY': ':1', 'LANG': 'en_US.UTF-8', 'XDG_CURRENT_DESKTOP': 'ubuntu:GNOME', 'RMW_IMPLEMENTATION': 'rmw_cyclonedds_cpp', 'XMODIFIERS': '@im=ibus', 'XDG_SESSION_DESKTOP': 'ubuntu', 'XAUTHORITY': '/run/user/1000/gdm/Xauthority', 'LS_COLORS': 'rs=0:di=01;34:ln=01;36:mh=00:pi=40;33:so=01;35:do=01;35:bd=40;33;01:cd=40;33;01:or=40;31;01:mi=00:su=37;41:sg=30;43:ca=00:tw=30;42:ow=34;42:st=37;44:ex=01;32:*.tar=01;31:*.tgz=01;31:*.arc=01;31:*.arj=01;31:*.taz=01;31:*.lha=01;31:*.lz4=01;31:*.lzh=01;31:*.lzma=01;31:*.tlz=01;31:*.txz=01;31:*.tzo=01;31:*.t7z=01;31:*.zip=01;31:*.z=01;31:*.dz=01;31:*.gz=01;31:*.lrz=01;31:*.lz=01;31:*.lzo=01;31:*.xz=01;31:*.zst=01;31:*.tzst=01;31:*.bz2=01;31:*.bz=01;31:*.tbz=01;31:*.tbz2=01;31:*.tz=01;31:*.deb=01;31:*.rpm=01;31:*.jar=01;31:*.war=01;31:*.ear=01;31:*.sar=01;31:*.rar=01;31:*.alz=01;31:*.ace=01;31:*.zoo=01;31:*.cpio=01;31:*.7z=01;31:*.rz=01;31:*.cab=01;31:*.wim=01;31:*.swm=01;31:*.dwm=01;31:*.esd=01;31:*.avif=01;35:*.jpg=01;35:*.jpeg=01;35:*.mjpg=01;35:*.mjpeg=01;35:*.gif=01;35:*.bmp=01;35:*.pbm=01;35:*.pgm=01;35:*.ppm=01;35:*.tga=01;35:*.xbm=01;35:*.xpm=01;35:*.tif=01;35:*.tiff=01;35:*.png=01;35:*.svg=01;35:*.svgz=01;35:*.mng=01;35:*.pcx=01;35:*.mov=01;35:*.mpg=01;35:*.mpeg=01;35:*.m2v=01;35:*.mkv=01;35:*.webm=01;35:*.webp=01;35:*.ogm=01;35:*.mp4=01;35:*.m4v=01;35:*.mp4v=01;35:*.vob=01;35:*.qt=01;35:*.nuv=01;35:*.wmv=01;35:*.asf=01;35:*.rm=01;35:*.rmvb=01;35:*.flc=01;35:*.avi=01;35:*.fli=01;35:*.flv=01;35:*.gl=01;35:*.dl=01;35:*.xcf=01;35:*.xwd=01;35:*.yuv=01;35:*.cgm=01;35:*.emf=01;35:*.ogv=01;35:*.ogx=01;35:*.aac=00;36:*.au=00;36:*.flac=00;36:*.m4a=00;36:*.mid=00;36:*.midi=00;36:*.mka=00;36:*.mp3=00;36:*.mpc=00;36:*.ogg=00;36:*.ra=00;36:*.wav=00;36:*.oga=00;36:*.opus=00;36:*.spx=00;36:*.xspf=00;36:*~=00;90:*#=00;90:*.bak=00;90:*.crdownload=00;90:*.dpkg-dist=00;90:*.dpkg-new=00;90:*.dpkg-old=00;90:*.dpkg-tmp=00;90:*.old=00;90:*.orig=00;90:*.part=00;90:*.rej=00;90:*.rpmnew=00;90:*.rpmorig=00;90:*.rpmsave=00;90:*.swp=00;90:*.tmp=00;90:*.ucf-dist=00;90:*.ucf-new=00;90:*.ucf-old=00;90:', 'GNOME_TERMINAL_SERVICE': ':1.616', 'SSH_AUTH_SOCK': '/run/user/1000/keyring/ssh', 'AMENT_PREFIX_PATH': '/home/v1/Desktop/Beizo/arm_ws/install/roarm_description:/home/v1/Desktop/Beizo/arm_ws/install/roarm_moveit_cmd:/home/v1/Desktop/Beizo/arm_ws/install/roarm_msgs:/home/v1/Desktop/Beizo/arm_ws/install/roarm_moveit_config:/home/v1/Desktop/Beizo/arm_ws/install/roarm_driver:/opt/ros/jazzy', 'CONDA_PYTHON_EXE': '/home/v1/miniconda3/bin/python', 'SHELL': '/bin/bash', 'QT_ACCESSIBILITY': '1', 'GDMSESSION': 'ubuntu', 'LESSCLOSE': '/usr/bin/lesspipe %s %s', 'CONDA_DEFAULT_ENV': '', 'GPG_AGENT_INFO': '/run/user/1000/gnupg/S.gpg-agent:0:1', '_CONDA_EXE': '/home/v1/miniconda3/bin/conda', 'ROS_AUTOMATIC_DISCOVERY_RANGE': 'SUBNET', 'QT_IM_MODULE': 'ibus', 'PWD': '/home/v1/Desktop/Beizo/arm_ws/build/roarm_moveit_config', 'LC_ALL': 'en_US.UTF-8', 'XDG_CONFIG_DIRS': '/etc/xdg/xdg-ubuntu:/etc/xdg', 'CONDA_EXE': '/home/v1/miniconda3/bin/conda', 'XDG_DATA_DIRS': '/usr/share/ubuntu:/usr/share/gnome:/usr/local/share/:/usr/share/:/var/lib/snapd/desktop', 'PYTHONPATH': '/home/v1/Desktop/Beizo/arm_ws/install/roarm_description/lib/python3.12/site-packages:/home/v1/Desktop/Beizo/arm_ws/install/roarm_moveit_cmd/lib/python3.12/site-packages:/home/v1/Desktop/Beizo/arm_ws/install/roarm_msgs/lib/python3.12/site-packages:/home/v1/Desktop/Beizo/arm_ws/install/roarm_driver/lib/python3.12/site-packages:/opt/ros/jazzy/lib/python3.12/site-packages', 'CONDA_PREFIX': '', 'COLCON': '1', 'MEMORY_PRESSURE_WRITE': 'c29tZSAyMDAwMDAgMjAwMDAwMAA=', 'VTE_VERSION': '7600', 'CMAKE_PREFIX_PATH': '/home/v1/Desktop/Beizo/arm_ws/install/roarm_msgs:/home/v1/Desktop/Beizo/arm_ws/install/roarm_moveit_config:/opt/ros/jazzy/opt/gz_sim_vendor:/opt/ros/jazzy/opt/gz_sensors_vendor:/opt/ros/jazzy/opt/gz_physics_vendor:/opt/ros/jazzy/opt/sdformat_vendor:/opt/ros/jazzy/opt/gz_gui_vendor:/opt/ros/jazzy/opt/gz_transport_vendor:/opt/ros/jazzy/opt/gz_rendering_vendor:/opt/ros/jazzy/opt/gz_plugin_vendor:/opt/ros/jazzy/opt/gz_fuel_tools_vendor:/opt/ros/jazzy/opt/gz_msgs_vendor:/opt/ros/jazzy/opt/gz_common_vendor:/opt/ros/jazzy/opt/gz_math_vendor:/opt/ros/jazzy/opt/gz_utils_vendor:/opt/ros/jazzy/opt/gz_tools_vendor:/opt/ros/jazzy/opt/gz_ogre_next_vendor:/opt/ros/jazzy/opt/gz_dartsim_vendor:/opt/ros/jazzy/opt/gz_cmake_vendor:/home/v1/Desktop/Beizo/arm_ws/install/roarm_moveit_cmd:/home/v1/Desktop/Beizo/arm_ws/install/roarm_driver:/home/v1/Desktop/Beizo/arm_ws/install/roarm_description:/opt/ros/jazzy'}), 'shell': False}
[4.716932] (-) TimerEvent: {}
[4.728664] (roarm_moveit_config) CommandEnded: {'returncode': 0}
[4.729927] (roarm_moveit_config) JobProgress: {'identifier': 'roarm_moveit_config', 'progress': 'install'}
[4.750824] (roarm_moveit_config) Command: {'cmd': ['/usr/bin/cmake', '--install', '/home/v1/Desktop/Beizo/arm_ws/build/roarm_moveit_config'], 'cwd': '/home/v1/Desktop/Beizo/arm_ws/build/roarm_moveit_config', 'env': OrderedDict({'LESSOPEN': '| /usr/bin/lesspipe %s', 'CONDA_PROMPT_MODIFIER': '', 'USER': 'v1', 'GZ_CONFIG_PATH': '/opt/ros/jazzy/opt/gz_sim_vendor/share/gz:/opt/ros/jazzy/opt/sdformat_vendor/share/gz:/opt/ros/jazzy/opt/gz_gui_vendor/share/gz:/opt/ros/jazzy/opt/gz_transport_vendor/share/gz:/opt/ros/jazzy/opt/gz_rendering_vendor/share/gz:/opt/ros/jazzy/opt/gz_plugin_vendor/share/gz:/opt/ros/jazzy/opt/gz_fuel_tools_vendor/share/gz:/opt/ros/jazzy/opt/gz_msgs_vendor/share/gz:/opt/ros/jazzy/opt/gz_common_vendor/share/gz', 'XDG_SESSION_TYPE': 'x11', 'SHLVL': '1', 'LD_LIBRARY_PATH': '/home/v1/Desktop/Beizo/arm_ws/install/roarm_msgs/lib:/opt/ros/jazzy/opt/gz_sim_vendor/lib:/opt/ros/jazzy/opt/gz_sensors_vendor/lib:/opt/ros/jazzy/opt/gz_physics_vendor/lib:/opt/ros/jazzy/opt/sdformat_vendor/lib:/opt/ros/jazzy/opt/rviz_ogre_vendor/lib:/opt/ros/jazzy/lib/x86_64-linux-gnu:/opt/ros/jazzy/opt/gz_gui_vendor/lib:/opt/ros/jazzy/opt/gz_transport_vendor/lib:/opt/ros/jazzy/opt/gz_rendering_vendor/lib:/opt/ros/jazzy/opt/gz_plugin_vendor/lib:/opt/ros/jazzy/opt/gz_fuel_tools_vendor/lib:/opt/ros/jazzy/opt/gz_msgs_vendor/lib:/opt/ros/jazzy/opt/gz_common_vendor/lib:/opt/ros/jazzy/opt/gz_math_vendor/lib:/opt/ros/jazzy/opt/gz_utils_vendor/lib:/opt/ros/jazzy/opt/gz_tools_vendor/lib:/opt/ros/jazzy/opt/gz_ogre_next_vendor/lib:/opt/ros/jazzy/opt/gz_dartsim_vendor/lib:/opt/ros/jazzy/opt/gz_cmake_vendor/lib:/opt/ros/jazzy/lib', 'HOME': '/home/v1', 'CONDA_SHLVL': '0', 'OLDPWD': '/home/v1/Desktop/Beizo/arm_ws', 'DESKTOP_SESSION': 'ubuntu', 'ROS_PYTHON_VERSION': '3', 'GNOME_SHELL_SESSION_MODE': 'ubuntu', 'GTK_MODULES': 'gail:atk-bridge', 'SYSTEMD_EXEC_PID': '2955', 'GSM_SKIP_SSH_AGENT_WORKAROUND': 'true', 'DBUS_SESSION_BUS_ADDRESS': 'unix:path=/run/user/1000/bus', 'COLORTERM': 'truecolor', '_CE_M': '', '_CONDA_ROOT': '/home/v1/miniconda3', 'GNOME_KEYRING_CONTROL': '/run/user/1000/keyring', 'DEBUGINFOD_URLS': 'https://debuginfod.ubuntu.com', 'COLCON_PREFIX_PATH': '/home/v1/Desktop/Beizo/arm_ws/install', 'ROS_DISTRO': 'jazzy', 'LOGNAME': 'v1', '_': '/usr/bin/colcon', 'ROS_VERSION': '2', 'MEMORY_PRESSURE_WATCH': '/sys/fs/cgroup/user.slice/user-1000.slice/user@1000.service/session.slice/org.gnome.SettingsDaemon.MediaKeys.service/memory.pressure', 'XDG_SESSION_CLASS': 'user', 'USERNAME': 'v1', 'TERM': 'xterm-256color', 'GNOME_DESKTOP_SESSION_ID': 'this-is-deprecated', '_CE_CONDA': '', 'WINDOWPATH': '2', 'PATH': '/home/v1/.local/bin:/opt/ros/jazzy/opt/gz_msgs_vendor/bin:/opt/ros/jazzy/opt/gz_tools_vendor/bin:/opt/ros/jazzy/opt/gz_ogre_next_vendor/bin:/opt/ros/jazzy/bin:/home/v1/miniconda3/condabin:/home/v1/.local/bin:/usr/local/sbin:/usr/local/bin:/usr/sbin:/usr/bin:/sbin:/bin:/usr/games:/usr/local/games:/snap/bin:/snap/bin', 'SESSION_MANAGER': 'local/v1-HP:@/tmp/.ICE-unix/2804,unix/v1-HP:/tmp/.ICE-unix/2804', 'XDG_MENU_PREFIX': 'gnome-', 'GNOME_TERMINAL_SCREEN': '/org/gnome/Terminal/screen/3af61192_0f13_44b3_bb04_ef5b217560ca', 'XDG_RUNTIME_DIR': '/run/user/1000', 'DISPLAY': ':1', 'LANG': 'en_US.UTF-8', 'XDG_CURRENT_DESKTOP': 'ubuntu:GNOME', 'RMW_IMPLEMENTATION': 'rmw_cyclonedds_cpp', 'XMODIFIERS': '@im=ibus', 'XDG_SESSION_DESKTOP': 'ubuntu', 'XAUTHORITY': '/run/user/1000/gdm/Xauthority', 'LS_COLORS': 'rs=0:di=01;34:ln=01;36:mh=00:pi=40;33:so=01;35:do=01;35:bd=40;33;01:cd=40;33;01:or=40;31;01:mi=00:su=37;41:sg=30;43:ca=00:tw=30;42:ow=34;42:st=37;44:ex=01;32:*.tar=01;31:*.tgz=01;31:*.arc=01;31:*.arj=01;31:*.taz=01;31:*.lha=01;31:*.lz4=01;31:*.lzh=01;31:*.lzma=01;31:*.tlz=01;31:*.txz=01;31:*.tzo=01;31:*.t7z=01;31:*.zip=01;31:*.z=01;31:*.dz=01;31:*.gz=01;31:*.lrz=01;31:*.lz=01;31:*.lzo=01;31:*.xz=01;31:*.zst=01;31:*.tzst=01;31:*.bz2=01;31:*.bz=01;31:*.tbz=01;31:*.tbz2=01;31:*.tz=01;31:*.deb=01;31:*.rpm=01;31:*.jar=01;31:*.war=01;31:*.ear=01;31:*.sar=01;31:*.rar=01;31:*.alz=01;31:*.ace=01;31:*.zoo=01;31:*.cpio=01;31:*.7z=01;31:*.rz=01;31:*.cab=01;31:*.wim=01;31:*.swm=01;31:*.dwm=01;31:*.esd=01;31:*.avif=01;35:*.jpg=01;35:*.jpeg=01;35:*.mjpg=01;35:*.mjpeg=01;35:*.gif=01;35:*.bmp=01;35:*.pbm=01;35:*.pgm=01;35:*.ppm=01;35:*.tga=01;35:*.xbm=01;35:*.xpm=01;35:*.tif=01;35:*.tiff=01;35:*.png=01;35:*.svg=01;35:*.svgz=01;35:*.mng=01;35:*.pcx=01;35:*.mov=01;35:*.mpg=01;35:*.mpeg=01;35:*.m2v=01;35:*.mkv=01;35:*.webm=01;35:*.webp=01;35:*.ogm=01;35:*.mp4=01;35:*.m4v=01;35:*.mp4v=01;35:*.vob=01;35:*.qt=01;35:*.nuv=01;35:*.wmv=01;35:*.asf=01;35:*.rm=01;35:*.rmvb=01;35:*.flc=01;35:*.avi=01;35:*.fli=01;35:*.flv=01;35:*.gl=01;35:*.dl=01;35:*.xcf=01;35:*.xwd=01;35:*.yuv=01;35:*.cgm=01;35:*.emf=01;35:*.ogv=01;35:*.ogx=01;35:*.aac=00;36:*.au=00;36:*.flac=00;36:*.m4a=00;36:*.mid=00;36:*.midi=00;36:*.mka=00;36:*.mp3=00;36:*.mpc=00;36:*.ogg=00;36:*.ra=00;36:*.wav=00;36:*.oga=00;36:*.opus=00;36:*.spx=00;36:*.xspf=00;36:*~=00;90:*#=00;90:*.bak=00;90:*.crdownload=00;90:*.dpkg-dist=00;90:*.dpkg-new=00;90:*.dpkg-old=00;90:*.dpkg-tmp=00;90:*.old=00;90:*.orig=00;90:*.part=00;90:*.rej=00;90:*.rpmnew=00;90:*.rpmorig=00;90:*.rpmsave=00;90:*.swp=00;90:*.tmp=00;90:*.ucf-dist=00;90:*.ucf-new=00;90:*.ucf-old=00;90:', 'GNOME_TERMINAL_SERVICE': ':1.616', 'SSH_AUTH_SOCK': '/run/user/1000/keyring/ssh', 'AMENT_PREFIX_PATH': '/home/v1/Desktop/Beizo/arm_ws/install/roarm_description:/home/v1/Desktop/Beizo/arm_ws/install/roarm_moveit_cmd:/home/v1/Desktop/Beizo/arm_ws/install/roarm_msgs:/home/v1/Desktop/Beizo/arm_ws/install/roarm_moveit_config:/home/v1/Desktop/Beizo/arm_ws/install/roarm_driver:/opt/ros/jazzy', 'CONDA_PYTHON_EXE': '/home/v1/miniconda3/bin/python', 'SHELL': '/bin/bash', 'QT_ACCESSIBILITY': '1', 'GDMSESSION': 'ubuntu', 'LESSCLOSE': '/usr/bin/lesspipe %s %s', 'CONDA_DEFAULT_ENV': '', 'GPG_AGENT_INFO': '/run/user/1000/gnupg/S.gpg-agent:0:1', '_CONDA_EXE': '/home/v1/miniconda3/bin/conda', 'ROS_AUTOMATIC_DISCOVERY_RANGE': 'SUBNET', 'QT_IM_MODULE': 'ibus', 'PWD': '/home/v1/Desktop/Beizo/arm_ws/build/roarm_moveit_config', 'LC_ALL': 'en_US.UTF-8', 'XDG_CONFIG_DIRS': '/etc/xdg/xdg-ubuntu:/etc/xdg', 'CONDA_EXE': '/home/v1/miniconda3/bin/conda', 'XDG_DATA_DIRS': '/usr/share/ubuntu:/usr/share/gnome:/usr/local/share/:/usr/share/:/var/lib/snapd/desktop', 'PYTHONPATH': '/home/v1/Desktop/Beizo/arm_ws/install/roarm_description/lib/python3.12/site-packages:/home/v1/Desktop/Beizo/arm_ws/install/roarm_moveit_cmd/lib/python3.12/site-packages:/home/v1/Desktop/Beizo/arm_ws/install/roarm_msgs/lib/python3.12/site-packages:/home/v1/Desktop/Beizo/arm_ws/install/roarm_driver/lib/python3.12/site-packages:/opt/ros/jazzy/lib/python3.12/site-packages', 'CONDA_PREFIX': '', 'COLCON': '1', 'MEMORY_PRESSURE_WRITE': 'c29tZSAyMDAwMDAgMjAwMDAwMAA=', 'VTE_VERSION': '7600', 'CMAKE_PREFIX_PATH': '/home/v1/Desktop/Beizo/arm_ws/install/roarm_msgs:/home/v1/Desktop/Beizo/arm_ws/install/roarm_moveit_config:/opt/ros/jazzy/opt/gz_sim_vendor:/opt/ros/jazzy/opt/gz_sensors_vendor:/opt/ros/jazzy/opt/gz_physics_vendor:/opt/ros/jazzy/opt/sdformat_vendor:/opt/ros/jazzy/opt/gz_gui_vendor:/opt/ros/jazzy/opt/gz_transport_vendor:/opt/ros/jazzy/opt/gz_rendering_vendor:/opt/ros/jazzy/opt/gz_plugin_vendor:/opt/ros/jazzy/opt/gz_fuel_tools_vendor:/opt/ros/jazzy/opt/gz_msgs_vendor:/opt/ros/jazzy/opt/gz_common_vendor:/opt/ros/jazzy/opt/gz_math_vendor:/opt/ros/jazzy/opt/gz_utils_vendor:/opt/ros/jazzy/opt/gz_tools_vendor:/opt/ros/jazzy/opt/gz_ogre_next_vendor:/opt/ros/jazzy/opt/gz_dartsim_vendor:/opt/ros/jazzy/opt/gz_cmake_vendor:/home/v1/Desktop/Beizo/arm_ws/install/roarm_moveit_cmd:/home/v1/Desktop/Beizo/arm_ws/install/roarm_driver:/home/v1/Desktop/Beizo/arm_ws/install/roarm_description:/opt/ros/jazzy'}), 'shell': False}
[4.768626] (roarm_moveit_config) StdoutLine: {'line': b'-- Install configuration: ""\n'}
[4.769171] (roarm_moveit_config) StdoutLine: {'line': b'-- Installing: /home/v1/Desktop/Beizo/arm_ws/install/roarm_moveit_config/share/roarm_moveit_config/config\n'}
[4.769625] (roarm_moveit_config) StdoutLine: {'line': b'-- Installing: /home/v1/Desktop/Beizo/arm_ws/install/roarm_moveit_config/share/roarm_moveit_config/config/moveit_controllers.yaml\n'}
[4.770454] (roarm_moveit_config) StdoutLine: {'line': b'-- Installing: /home/v1/Desktop/Beizo/arm_ws/install/roarm_moveit_config/share/roarm_moveit_config/config/joint_limits.yaml\n'}
[4.770939] (roarm_moveit_config) StdoutLine: {'line': b'-- Installing: /home/v1/Desktop/Beizo/arm_ws/install/roarm_moveit_config/share/roarm_moveit_config/config/ros2_controllers.yaml\n'}
[4.771314] (roarm_moveit_config) StdoutLine: {'line': b'-- Installing: /home/v1/Desktop/Beizo/arm_ws/install/roarm_moveit_config/share/roarm_moveit_config/config/sensors_3d.yaml\n'}
[4.771761] (roarm_moveit_config) StdoutLine: {'line': b'-- Installing: /home/v1/Desktop/Beizo/arm_ws/install/roarm_moveit_config/share/roarm_moveit_config/config/kinematics.yaml\n'}
[4.772204] (roarm_moveit_config) StdoutLine: {'line': b'-- Installing: /home/v1/Desktop/Beizo/arm_ws/install/roarm_moveit_config/share/roarm_moveit_config/config/ompl_planning.yaml\n'}
[4.772682] (roarm_moveit_config) StdoutLine: {'line': b'-- Installing: /home/v1/Desktop/Beizo/arm_ws/install/roarm_moveit_config/share/roarm_moveit_config/config/roarm_m3.srdf\n'}
[4.773045] (roarm_moveit_config) StdoutLine: {'line': b'-- Installing: /home/v1/Desktop/Beizo/arm_ws/install/roarm_moveit_config/share/roarm_moveit_config/config/moveit.rviz\n'}
[4.773522] (roarm_moveit_config) StdoutLine: {'line': b'-- Installing: /home/v1/Desktop/Beizo/arm_ws/install/roarm_moveit_config/share/roarm_moveit_config/config/initial_positions.yaml\n'}
[4.773895] (roarm_moveit_config) StdoutLine: {'line': b'-- Installing: /home/v1/Desktop/Beizo/arm_ws/install/roarm_moveit_config/share/roarm_moveit_config/config/roarm_m3.ros2_control.xacro\n'}
[4.774345] (roarm_moveit_config) StdoutLine: {'line': b'-- Installing: /home/v1/Desktop/Beizo/arm_ws/install/roarm_moveit_config/share/roarm_moveit_config/config/roarm_m3.urdf.xacro\n'}
[4.774679] (roarm_moveit_config) StdoutLine: {'line': b'-- Installing: /home/v1/Desktop/Beizo/arm_ws/install/roarm_moveit_config/share/roarm_moveit_config/launch\n'}
[4.775101] (roarm_moveit_config) StdoutLine: {'line': b'-- Installing: /home/v1/Desktop/Beizo/arm_ws/install/roarm_moveit_config/share/roarm_moveit_config/launch/demo.launch.py\n'}
[4.775596] (roarm_moveit_config) StdoutLine: {'line': b'-- Installing: /home/v1/Desktop/Beizo/arm_ws/install/roarm_moveit_config/share/roarm_moveit_config/launch/xyz_control.launch.py\n'}
[4.775885] (roarm_moveit_config) StdoutLine: {'line': b'-- Installing: /home/v1/Desktop/Beizo/arm_ws/install/roarm_moveit_config/share/roarm_moveit_config/launch/roarm_moveit.launch.py\n'}
[4.776164] (roarm_moveit_config) StdoutLine: {'line': b'-- Installing: /home/v1/Desktop/Beizo/arm_ws/install/roarm_moveit_config/share/ament_index/resource_index/package_run_dependencies/roarm_moveit_config\n'}
[4.776345] (roarm_moveit_config) StdoutLine: {'line': b'-- Installing: /home/v1/Desktop/Beizo/arm_ws/install/roarm_moveit_config/share/ament_index/resource_index/parent_prefix_path/roarm_moveit_config\n'}
[4.776544] (roarm_moveit_config) StdoutLine: {'line': b'-- Installing: /home/v1/Desktop/Beizo/arm_ws/install/roarm_moveit_config/share/roarm_moveit_config/environment/ament_prefix_path.sh\n'}
[4.776858] (roarm_moveit_config) StdoutLine: {'line': b'-- Installing: /home/v1/Desktop/Beizo/arm_ws/install/roarm_moveit_config/share/roarm_moveit_config/environment/ament_prefix_path.dsv\n'}
[4.777293] (roarm_moveit_config) StdoutLine: {'line': b'-- Installing: /home/v1/Desktop/Beizo/arm_ws/install/roarm_moveit_config/share/roarm_moveit_config/environment/path.sh\n'}
[4.777715] (roarm_moveit_config) StdoutLine: {'line': b'-- Installing: /home/v1/Desktop/Beizo/arm_ws/install/roarm_moveit_config/share/roarm_moveit_config/environment/path.dsv\n'}
[4.777962] (roarm_moveit_config) StdoutLine: {'line': b'-- Installing: /home/v1/Desktop/Beizo/arm_ws/install/roarm_moveit_config/share/roarm_moveit_config/local_setup.bash\n'}
[4.778303] (roarm_moveit_config) StdoutLine: {'line': b'-- Installing: /home/v1/Desktop/Beizo/arm_ws/install/roarm_moveit_config/share/roarm_moveit_config/local_setup.sh\n'}
[4.778535] (roarm_moveit_config) StdoutLine: {'line': b'-- Installing: /home/v1/Desktop/Beizo/arm_ws/install/roarm_moveit_config/share/roarm_moveit_config/local_setup.zsh\n'}
[4.778953] (roarm_moveit_config) StdoutLine: {'line': b'-- Installing: /home/v1/Desktop/Beizo/arm_ws/install/roarm_moveit_config/share/roarm_moveit_config/local_setup.dsv\n'}
[4.779300] (roarm_moveit_config) StdoutLine: {'line': b'-- Installing: /home/v1/Desktop/Beizo/arm_ws/install/roarm_moveit_config/share/roarm_moveit_config/package.dsv\n'}
[4.780035] (roarm_moveit_config) StdoutLine: {'line': b'-- Installing: /home/v1/Desktop/Beizo/arm_ws/install/roarm_moveit_config/share/ament_index/resource_index/packages/roarm_moveit_config\n'}
[4.780556] (roarm_moveit_config) StdoutLine: {'line': b'-- Installing: /home/v1/Desktop/Beizo/arm_ws/install/roarm_moveit_config/share/roarm_moveit_config/cmake/roarm_moveit_configConfig.cmake\n'}
[4.780843] (roarm_moveit_config) StdoutLine: {'line': b'-- Installing: /home/v1/Desktop/Beizo/arm_ws/install/roarm_moveit_config/share/roarm_moveit_config/cmake/roarm_moveit_configConfig-version.cmake\n'}
[4.781262] (roarm_moveit_config) StdoutLine: {'line': b'-- Installing: /home/v1/Desktop/Beizo/arm_ws/install/roarm_moveit_config/share/roarm_moveit_config/package.xml\n'}
[4.784556] (roarm_moveit_config) CommandEnded: {'returncode': 0}
[4.817097] (-) TimerEvent: {}
[4.818634] (roarm_moveit_config) JobEnded: {'identifier': 'roarm_moveit_config', 'rc': 0}
[4.917215] (-) TimerEvent: {}
[5.017656] (-) TimerEvent: {}
[5.118021] (-) TimerEvent: {}
[5.218470] (-) TimerEvent: {}
[5.318813] (-) TimerEvent: {}
[5.419266] (-) TimerEvent: {}
[5.519643] (-) TimerEvent: {}
[5.620024] (-) TimerEvent: {}
[5.685428] (roarm_msgs) StdoutLine: {'line': b'-- Found Python3: /usr/bin/python3 (found version "3.12.3") found components: Interpreter Development NumPy Development.Module Development.Embed \n'}
[5.720167] (-) TimerEvent: {}
[5.779593] (roarm_msgs) StdoutLine: {'line': b'-- Configuring done (5.4s)\n'}
[5.820258] (-) TimerEvent: {}
[5.828338] (roarm_msgs) StdoutLine: {'line': b'-- Generating done (0.0s)\n'}
[5.851832] (roarm_msgs) StdoutLine: {'line': b'-- Build files have been written to: /home/v1/Desktop/Beizo/arm_ws/build/roarm_msgs\n'}
[5.862263] (roarm_msgs) CommandEnded: {'returncode': 0}
[5.863810] (roarm_msgs) JobProgress: {'identifier': 'roarm_msgs', 'progress': 'build'}
[5.863875] (roarm_msgs) Command: {'cmd': ['/usr/bin/cmake', '--build', '/home/v1/Desktop/Beizo/arm_ws/build/roarm_msgs', '--', '-j8', '-l8'], 'cwd': '/home/v1/Desktop/Beizo/arm_ws/build/roarm_msgs', 'env': OrderedDict({'LESSOPEN': '| /usr/bin/lesspipe %s', 'CONDA_PROMPT_MODIFIER': '', 'USER': 'v1', 'GZ_CONFIG_PATH': '/opt/ros/jazzy/opt/gz_sim_vendor/share/gz:/opt/ros/jazzy/opt/sdformat_vendor/share/gz:/opt/ros/jazzy/opt/gz_gui_vendor/share/gz:/opt/ros/jazzy/opt/gz_transport_vendor/share/gz:/opt/ros/jazzy/opt/gz_rendering_vendor/share/gz:/opt/ros/jazzy/opt/gz_plugin_vendor/share/gz:/opt/ros/jazzy/opt/gz_fuel_tools_vendor/share/gz:/opt/ros/jazzy/opt/gz_msgs_vendor/share/gz:/opt/ros/jazzy/opt/gz_common_vendor/share/gz', 'XDG_SESSION_TYPE': 'x11', 'SHLVL': '1', 'LD_LIBRARY_PATH': '/home/v1/Desktop/Beizo/arm_ws/install/roarm_msgs/lib:/opt/ros/jazzy/opt/gz_sim_vendor/lib:/opt/ros/jazzy/opt/gz_sensors_vendor/lib:/opt/ros/jazzy/opt/gz_physics_vendor/lib:/opt/ros/jazzy/opt/sdformat_vendor/lib:/opt/ros/jazzy/opt/rviz_ogre_vendor/lib:/opt/ros/jazzy/lib/x86_64-linux-gnu:/opt/ros/jazzy/opt/gz_gui_vendor/lib:/opt/ros/jazzy/opt/gz_transport_vendor/lib:/opt/ros/jazzy/opt/gz_rendering_vendor/lib:/opt/ros/jazzy/opt/gz_plugin_vendor/lib:/opt/ros/jazzy/opt/gz_fuel_tools_vendor/lib:/opt/ros/jazzy/opt/gz_msgs_vendor/lib:/opt/ros/jazzy/opt/gz_common_vendor/lib:/opt/ros/jazzy/opt/gz_math_vendor/lib:/opt/ros/jazzy/opt/gz_utils_vendor/lib:/opt/ros/jazzy/opt/gz_tools_vendor/lib:/opt/ros/jazzy/opt/gz_ogre_next_vendor/lib:/opt/ros/jazzy/opt/gz_dartsim_vendor/lib:/opt/ros/jazzy/opt/gz_cmake_vendor/lib:/opt/ros/jazzy/lib', 'HOME': '/home/v1', 'CONDA_SHLVL': '0', 'OLDPWD': '/home/v1/Desktop/Beizo/arm_ws', 'DESKTOP_SESSION': 'ubuntu', 'ROS_PYTHON_VERSION': '3', 'GNOME_SHELL_SESSION_MODE': 'ubuntu', 'GTK_MODULES': 'gail:atk-bridge', 'SYSTEMD_EXEC_PID': '2955', 'GSM_SKIP_SSH_AGENT_WORKAROUND': 'true', 'DBUS_SESSION_BUS_ADDRESS': 'unix:path=/run/user/1000/bus', 'COLORTERM': 'truecolor', '_CE_M': '', '_CONDA_ROOT': '/home/v1/miniconda3', 'GNOME_KEYRING_CONTROL': '/run/user/1000/keyring', 'DEBUGINFOD_URLS': 'https://debuginfod.ubuntu.com', 'COLCON_PREFIX_PATH': '/home/v1/Desktop/Beizo/arm_ws/install', 'ROS_DISTRO': 'jazzy', 'LOGNAME': 'v1', '_': '/usr/bin/colcon', 'ROS_VERSION': '2', 'MEMORY_PRESSURE_WATCH': '/sys/fs/cgroup/user.slice/user-1000.slice/user@1000.service/session.slice/org.gnome.SettingsDaemon.MediaKeys.service/memory.pressure', 'XDG_SESSION_CLASS': 'user', 'USERNAME': 'v1', 'TERM': 'xterm-256color', 'GNOME_DESKTOP_SESSION_ID': 'this-is-deprecated', '_CE_CONDA': '', 'WINDOWPATH': '2', 'PATH': '/home/v1/.local/bin:/opt/ros/jazzy/opt/gz_msgs_vendor/bin:/opt/ros/jazzy/opt/gz_tools_vendor/bin:/opt/ros/jazzy/opt/gz_ogre_next_vendor/bin:/opt/ros/jazzy/bin:/home/v1/miniconda3/condabin:/home/v1/.local/bin:/usr/local/sbin:/usr/local/bin:/usr/sbin:/usr/bin:/sbin:/bin:/usr/games:/usr/local/games:/snap/bin:/snap/bin', 'SESSION_MANAGER': 'local/v1-HP:@/tmp/.ICE-unix/2804,unix/v1-HP:/tmp/.ICE-unix/2804', 'XDG_MENU_PREFIX': 'gnome-', 'GNOME_TERMINAL_SCREEN': '/org/gnome/Terminal/screen/3af61192_0f13_44b3_bb04_ef5b217560ca', 'XDG_RUNTIME_DIR': '/run/user/1000', 'DISPLAY': ':1', 'LANG': 'en_US.UTF-8', 'XDG_CURRENT_DESKTOP': 'ubuntu:GNOME', 'RMW_IMPLEMENTATION': 'rmw_cyclonedds_cpp', 'XMODIFIERS': '@im=ibus', 'XDG_SESSION_DESKTOP': 'ubuntu', 'XAUTHORITY': '/run/user/1000/gdm/Xauthority', 'LS_COLORS': 'rs=0:di=01;34:ln=01;36:mh=00:pi=40;33:so=01;35:do=01;35:bd=40;33;01:cd=40;33;01:or=40;31;01:mi=00:su=37;41:sg=30;43:ca=00:tw=30;42:ow=34;42:st=37;44:ex=01;32:*.tar=01;31:*.tgz=01;31:*.arc=01;31:*.arj=01;31:*.taz=01;31:*.lha=01;31:*.lz4=01;31:*.lzh=01;31:*.lzma=01;31:*.tlz=01;31:*.txz=01;31:*.tzo=01;31:*.t7z=01;31:*.zip=01;31:*.z=01;31:*.dz=01;31:*.gz=01;31:*.lrz=01;31:*.lz=01;31:*.lzo=01;31:*.xz=01;31:*.zst=01;31:*.tzst=01;31:*.bz2=01;31:*.bz=01;31:*.tbz=01;31:*.tbz2=01;31:*.tz=01;31:*.deb=01;31:*.rpm=01;31:*.jar=01;31:*.war=01;31:*.ear=01;31:*.sar=01;31:*.rar=01;31:*.alz=01;31:*.ace=01;31:*.zoo=01;31:*.cpio=01;31:*.7z=01;31:*.rz=01;31:*.cab=01;31:*.wim=01;31:*.swm=01;31:*.dwm=01;31:*.esd=01;31:*.avif=01;35:*.jpg=01;35:*.jpeg=01;35:*.mjpg=01;35:*.mjpeg=01;35:*.gif=01;35:*.bmp=01;35:*.pbm=01;35:*.pgm=01;35:*.ppm=01;35:*.tga=01;35:*.xbm=01;35:*.xpm=01;35:*.tif=01;35:*.tiff=01;35:*.png=01;35:*.svg=01;35:*.svgz=01;35:*.mng=01;35:*.pcx=01;35:*.mov=01;35:*.mpg=01;35:*.mpeg=01;35:*.m2v=01;35:*.mkv=01;35:*.webm=01;35:*.webp=01;35:*.ogm=01;35:*.mp4=01;35:*.m4v=01;35:*.mp4v=01;35:*.vob=01;35:*.qt=01;35:*.nuv=01;35:*.wmv=01;35:*.asf=01;35:*.rm=01;35:*.rmvb=01;35:*.flc=01;35:*.avi=01;35:*.fli=01;35:*.flv=01;35:*.gl=01;35:*.dl=01;35:*.xcf=01;35:*.xwd=01;35:*.yuv=01;35:*.cgm=01;35:*.emf=01;35:*.ogv=01;35:*.ogx=01;35:*.aac=00;36:*.au=00;36:*.flac=00;36:*.m4a=00;36:*.mid=00;36:*.midi=00;36:*.mka=00;36:*.mp3=00;36:*.mpc=00;36:*.ogg=00;36:*.ra=00;36:*.wav=00;36:*.oga=00;36:*.opus=00;36:*.spx=00;36:*.xspf=00;36:*~=00;90:*#=00;90:*.bak=00;90:*.crdownload=00;90:*.dpkg-dist=00;90:*.dpkg-new=00;90:*.dpkg-old=00;90:*.dpkg-tmp=00;90:*.old=00;90:*.orig=00;90:*.part=00;90:*.rej=00;90:*.rpmnew=00;90:*.rpmorig=00;90:*.rpmsave=00;90:*.swp=00;90:*.tmp=00;90:*.ucf-dist=00;90:*.ucf-new=00;90:*.ucf-old=00;90:', 'GNOME_TERMINAL_SERVICE': ':1.616', 'SSH_AUTH_SOCK': '/run/user/1000/keyring/ssh', 'AMENT_PREFIX_PATH': '/home/v1/Desktop/Beizo/arm_ws/install/roarm_moveit_cmd:/home/v1/Desktop/Beizo/arm_ws/install/roarm_msgs:/home/v1/Desktop/Beizo/arm_ws/install/roarm_moveit_config:/home/v1/Desktop/Beizo/arm_ws/install/roarm_driver:/home/v1/Desktop/Beizo/arm_ws/install/roarm_description:/opt/ros/jazzy', 'CONDA_PYTHON_EXE': '/home/v1/miniconda3/bin/python', 'SHELL': '/bin/bash', 'QT_ACCESSIBILITY': '1', 'GDMSESSION': 'ubuntu', 'LESSCLOSE': '/usr/bin/lesspipe %s %s', 'CONDA_DEFAULT_ENV': '', 'GPG_AGENT_INFO': '/run/user/1000/gnupg/S.gpg-agent:0:1', '_CONDA_EXE': '/home/v1/miniconda3/bin/conda', 'ROS_AUTOMATIC_DISCOVERY_RANGE': 'SUBNET', 'QT_IM_MODULE': 'ibus', 'PWD': '/home/v1/Desktop/Beizo/arm_ws/build/roarm_msgs', 'LC_ALL': 'en_US.UTF-8', 'XDG_CONFIG_DIRS': '/etc/xdg/xdg-ubuntu:/etc/xdg', 'CONDA_EXE': '/home/v1/miniconda3/bin/conda', 'XDG_DATA_DIRS': '/usr/share/ubuntu:/usr/share/gnome:/usr/local/share/:/usr/share/:/var/lib/snapd/desktop', 'PYTHONPATH': '/home/v1/Desktop/Beizo/arm_ws/install/roarm_moveit_cmd/lib/python3.12/site-packages:/home/v1/Desktop/Beizo/arm_ws/install/roarm_msgs/lib/python3.12/site-packages:/home/v1/Desktop/Beizo/arm_ws/install/roarm_driver/lib/python3.12/site-packages:/home/v1/Desktop/Beizo/arm_ws/install/roarm_description/lib/python3.12/site-packages:/opt/ros/jazzy/lib/python3.12/site-packages', 'CONDA_PREFIX': '', 'COLCON': '1', 'MEMORY_PRESSURE_WRITE': 'c29tZSAyMDAwMDAgMjAwMDAwMAA=', 'VTE_VERSION': '7600', 'CMAKE_PREFIX_PATH': '/home/v1/Desktop/Beizo/arm_ws/install/roarm_msgs:/home/v1/Desktop/Beizo/arm_ws/install/roarm_moveit_config:/opt/ros/jazzy/opt/gz_sim_vendor:/opt/ros/jazzy/opt/gz_sensors_vendor:/opt/ros/jazzy/opt/gz_physics_vendor:/opt/ros/jazzy/opt/sdformat_vendor:/opt/ros/jazzy/opt/gz_gui_vendor:/opt/ros/jazzy/opt/gz_transport_vendor:/opt/ros/jazzy/opt/gz_rendering_vendor:/opt/ros/jazzy/opt/gz_plugin_vendor:/opt/ros/jazzy/opt/gz_fuel_tools_vendor:/opt/ros/jazzy/opt/gz_msgs_vendor:/opt/ros/jazzy/opt/gz_common_vendor:/opt/ros/jazzy/opt/gz_math_vendor:/opt/ros/jazzy/opt/gz_utils_vendor:/opt/ros/jazzy/opt/gz_tools_vendor:/opt/ros/jazzy/opt/gz_ogre_next_vendor:/opt/ros/jazzy/opt/gz_dartsim_vendor:/opt/ros/jazzy/opt/gz_cmake_vendor:/home/v1/Desktop/Beizo/arm_ws/install/roarm_moveit_cmd:/home/v1/Desktop/Beizo/arm_ws/install/roarm_driver:/home/v1/Desktop/Beizo/arm_ws/install/roarm_description:/opt/ros/jazzy'}), 'shell': False}
[5.920373] (-) TimerEvent: {}
[5.921196] (roarm_msgs) StdoutLine: {'line': b'[  2%] \x1b[34m\x1b[1mGenerating type hashes for ROS interfaces\x1b[0m\n'}
[5.932076] (roarm_msgs) StdoutLine: {'line': b'[  2%] Built target ament_cmake_python_copy_roarm_msgs\n'}
[6.020464] (-) TimerEvent: {}
[6.120747] (-) TimerEvent: {}
[6.182905] (roarm_msgs) StdoutLine: {'line': b'[  2%] Built target roarm_msgs__rosidl_generator_type_description\n'}
[6.198310] (roarm_msgs) StdoutLine: {'line': b'[  5%] \x1b[34m\x1b[1mGenerating C code for ROS interfaces\x1b[0m\n'}
[6.213240] (roarm_msgs) StdoutLine: {'line': b'[  8%] \x1b[34m\x1b[1mGenerating C++ code for ROS interfaces\x1b[0m\n'}
[6.220875] (-) TimerEvent: {}
[6.321087] (-) TimerEvent: {}
[6.326532] (roarm_msgs) StdoutLine: {'line': b'running egg_info\n'}
[6.327811] (roarm_msgs) StdoutLine: {'line': b'creating roarm_msgs.egg-info\n'}
[6.371649] (roarm_msgs) StdoutLine: {'line': b'writing roarm_msgs.egg-info/PKG-INFO\n'}
[6.372137] (roarm_msgs) StdoutLine: {'line': b'writing dependency_links to roarm_msgs.egg-info/dependency_links.txt\n'}
[6.372311] (roarm_msgs) StdoutLine: {'line': b'writing top-level names to roarm_msgs.egg-info/top_level.txt\n'}
[6.372472] (roarm_msgs) StdoutLine: {'line': b"writing manifest file 'roarm_msgs.egg-info/SOURCES.txt'\n"}
[6.421172] (-) TimerEvent: {}
[6.518189] (roarm_msgs) StdoutLine: {'line': b"reading manifest file 'roarm_msgs.egg-info/SOURCES.txt'\n"}
[6.520109] (roarm_msgs) StdoutLine: {'line': b"writing manifest file 'roarm_msgs.egg-info/SOURCES.txt'\n"}
[6.521299] (-) TimerEvent: {}
[6.569140] (roarm_msgs) StdoutLine: {'line': b'[  8%] Built target ament_cmake_python_build_roarm_msgs_egg\n'}
[6.621395] (-) TimerEvent: {}
[6.676564] (roarm_msgs) StdoutLine: {'line': b'[  8%] Built target roarm_msgs__cpp\n'}
[6.704819] (roarm_msgs) StdoutLine: {'line': b'[ 14%] \x1b[32mBuilding C object CMakeFiles/roarm_msgs__rosidl_generator_c.dir/rosidl_generator_c/roarm_msgs/srv/detail/move_to_xyz__description.c.o\x1b[0m\n'}
[6.705133] (roarm_msgs) StdoutLine: {'line': b'[ 14%] \x1b[32mBuilding C object CMakeFiles/roarm_msgs__rosidl_generator_c.dir/rosidl_generator_c/roarm_msgs/srv/detail/move_to_xyz__functions.c.o\x1b[0m\n'}
[6.705897] (roarm_msgs) StdoutLine: {'line': b'[ 17%] \x1b[32mBuilding C object CMakeFiles/roarm_msgs__rosidl_generator_c.dir/rosidl_generator_c/roarm_msgs/srv/detail/move_to_xyz__type_support.c.o\x1b[0m\n'}
[6.721515] (-) TimerEvent: {}
[6.790734] (roarm_msgs) StdoutLine: {'line': b'[ 20%] \x1b[32m\x1b[1mLinking C shared library libroarm_msgs__rosidl_generator_c.so\x1b[0m\n'}
[6.821610] (-) TimerEvent: {}
[6.830830] (roarm_msgs) StdoutLine: {'line': b'[ 20%] Built target roarm_msgs__rosidl_generator_c\n'}
[6.844246] (roarm_msgs) StdoutLine: {'line': b'[ 23%] \x1b[34m\x1b[1mGenerating C++ type support dispatch for ROS interfaces\x1b[0m\n'}
[6.847731] (roarm_msgs) StdoutLine: {'line': b'[ 29%] \x1b[34m\x1b[1mGenerating C type support for eProsima Fast-RTPS\x1b[0m\n'}
[6.848026] (roarm_msgs) StdoutLine: {'line': b'[ 29%] \x1b[34m\x1b[1mGenerating C++ type support for eProsima Fast-RTPS\x1b[0m\n'}
[6.848251] (roarm_msgs) StdoutLine: {'line': b'[ 35%] \x1b[34m\x1b[1mGenerating C type support dispatch for ROS interfaces\x1b[0m\n'}
[6.848417] (roarm_msgs) StdoutLine: {'line': b'[ 35%] \x1b[34m\x1b[1mGenerating C introspection for ROS interfaces\x1b[0m\n'}
[6.848565] (roarm_msgs) StdoutLine: {'line': b'[ 38%] \x1b[34m\x1b[1mGenerating C++ introspection for ROS interfaces\x1b[0m\n'}
[6.923180] (-) TimerEvent: {}
[7.023493] (-) TimerEvent: {}
[7.123783] (-) TimerEvent: {}
[7.227317] (-) TimerEvent: {}
[7.327624] (-) TimerEvent: {}
[7.359820] (roarm_msgs) StdoutLine: {'line': b'[ 41%] \x1b[32mBuilding CXX object CMakeFiles/roarm_msgs__rosidl_typesupport_c.dir/rosidl_typesupport_c/roarm_msgs/srv/move_to_xyz__type_support.cpp.o\x1b[0m\n'}
[7.379693] (roarm_msgs) StdoutLine: {'line': b'[ 44%] \x1b[32mBuilding CXX object CMakeFiles/roarm_msgs__rosidl_typesupport_fastrtps_cpp.dir/rosidl_typesupport_fastrtps_cpp/roarm_msgs/srv/detail/dds_fastrtps/move_to_xyz__type_support.cpp.o\x1b[0m\n'}
[7.387225] (roarm_msgs) StdoutLine: {'line': b'[ 47%] \x1b[32mBuilding CXX object CMakeFiles/roarm_msgs__rosidl_typesupport_cpp.dir/rosidl_typesupport_cpp/roarm_msgs/srv/move_to_xyz__type_support.cpp.o\x1b[0m\n'}
[7.415816] (roarm_msgs) StdoutLine: {'line': b'[ 50%] \x1b[32mBuilding CXX object CMakeFiles/roarm_msgs__rosidl_typesupport_fastrtps_c.dir/rosidl_typesupport_fastrtps_c/roarm_msgs/srv/detail/move_to_xyz__type_support_c.cpp.o\x1b[0m\n'}
[7.430207] (-) TimerEvent: {}
[7.454175] (roarm_msgs) StdoutLine: {'line': b'[ 52%] \x1b[32mBuilding CXX object CMakeFiles/roarm_msgs__rosidl_typesupport_introspection_cpp.dir/rosidl_typesupport_introspection_cpp/roarm_msgs/srv/detail/move_to_xyz__type_support.cpp.o\x1b[0m\n'}
[7.504420] (roarm_msgs) StdoutLine: {'line': b'[ 55%] \x1b[32m\x1b[1mLinking CXX shared library libroarm_msgs__rosidl_typesupport_c.so\x1b[0m\n'}
[7.511211] (roarm_msgs) StdoutLine: {'line': b'[ 58%] \x1b[32mBuilding C object CMakeFiles/roarm_msgs__rosidl_typesupport_introspection_c.dir/rosidl_typesupport_introspection_c/roarm_msgs/srv/detail/move_to_xyz__type_support.c.o\x1b[0m\n'}
[7.531170] (-) TimerEvent: {}
[7.631668] (-) TimerEvent: {}
[7.649760] (roarm_msgs) StdoutLine: {'line': b'[ 58%] Built target roarm_msgs__rosidl_typesupport_c\n'}
[7.689805] (roarm_msgs) StdoutLine: {'line': b'[ 61%] \x1b[32m\x1b[1mLinking C shared library libroarm_msgs__rosidl_typesupport_introspection_c.so\x1b[0m\n'}
[7.732667] (-) TimerEvent: {}
[7.786250] (roarm_msgs) StdoutLine: {'line': b'[ 61%] Built target roarm_msgs__rosidl_typesupport_introspection_c\n'}
[7.832806] (-) TimerEvent: {}
[7.933463] (-) TimerEvent: {}
[8.033936] (-) TimerEvent: {}
[8.134820] (-) TimerEvent: {}
[8.235334] (-) TimerEvent: {}
[8.335839] (-) TimerEvent: {}
[8.436466] (-) TimerEvent: {}
[8.536966] (-) TimerEvent: {}
[8.637502] (-) TimerEvent: {}
[8.709398] (roarm_msgs) StdoutLine: {'line': b'[ 64%] \x1b[32m\x1b[1mLinking CXX shared library libroarm_msgs__rosidl_typesupport_introspection_cpp.so\x1b[0m\n'}
[8.737637] (-) TimerEvent: {}
[8.838129] (-) TimerEvent: {}
[8.861710] (roarm_msgs) StdoutLine: {'line': b'[ 67%] \x1b[32m\x1b[1mLinking CXX shared library libroarm_msgs__rosidl_typesupport_cpp.so\x1b[0m\n'}
[8.884706] (roarm_msgs) StdoutLine: {'line': b'[ 67%] Built target roarm_msgs__rosidl_typesupport_introspection_cpp\n'}
[8.938228] (-) TimerEvent: {}
[8.964248] (roarm_msgs) StdoutLine: {'line': b'[ 67%] Built target roarm_msgs__rosidl_typesupport_cpp\n'}
[9.001971] (roarm_msgs) StdoutLine: {'line': b'[ 70%] \x1b[32m\x1b[1mLinking CXX shared library libroarm_msgs__rosidl_typesupport_fastrtps_cpp.so\x1b[0m\n'}
[9.022183] (roarm_msgs) StdoutLine: {'line': b'[ 73%] \x1b[32m\x1b[1mLinking CXX shared library libroarm_msgs__rosidl_typesupport_fastrtps_c.so\x1b[0m\n'}
[9.038341] (-) TimerEvent: {}
[9.099987] (roarm_msgs) StdoutLine: {'line': b'[ 73%] Built target roarm_msgs__rosidl_typesupport_fastrtps_cpp\n'}
[9.119482] (roarm_msgs) StdoutLine: {'line': b'[ 73%] Built target roarm_msgs__rosidl_typesupport_fastrtps_c\n'}
[9.138431] (-) TimerEvent: {}
[9.143310] (roarm_msgs) StdoutLine: {'line': b'[ 73%] Built target roarm_msgs\n'}
[9.165087] (roarm_msgs) StdoutLine: {'line': b'[ 76%] \x1b[34m\x1b[1mGenerating Python code for ROS interfaces\x1b[0m\n'}
[9.238562] (-) TimerEvent: {}
[9.338774] (-) TimerEvent: {}
[9.438990] (-) TimerEvent: {}
[9.539212] (-) TimerEvent: {}
[9.590567] (roarm_msgs) StdoutLine: {'line': b'[ 76%] Built target roarm_msgs__py\n'}
[9.612708] (roarm_msgs) StdoutLine: {'line': b'[ 79%] \x1b[32mBuilding C object CMakeFiles/roarm_msgs__rosidl_generator_py.dir/rosidl_generator_py/roarm_msgs/srv/_move_to_xyz_s.c.o\x1b[0m\n'}
[9.639305] (-) TimerEvent: {}
[9.739574] (-) TimerEvent: {}
[9.770043] (roarm_msgs) StdoutLine: {'line': b'[ 82%] \x1b[32m\x1b[1mLinking C shared library libroarm_msgs__rosidl_generator_py.so\x1b[0m\n'}
[9.813023] (roarm_msgs) StdoutLine: {'line': b'[ 82%] Built target roarm_msgs__rosidl_generator_py\n'}
[9.836742] (roarm_msgs) StdoutLine: {'line': b'[ 85%] \x1b[32mBuilding C object CMakeFiles/roarm_msgs_s__rosidl_typesupport_c.dir/rosidl_generator_py/roarm_msgs/_roarm_msgs_s.ep.rosidl_typesupport_c.c.o\x1b[0m\n'}
[9.838932] (roarm_msgs) StdoutLine: {'line': b'[ 91%] \x1b[32mBuilding C object CMakeFiles/roarm_msgs_s__rosidl_typesupport_introspection_c.dir/rosidl_generator_py/roarm_msgs/_roarm_msgs_s.ep.rosidl_typesupport_introspection_c.c.o\x1b[0m\n'}
[9.839169] (roarm_msgs) StdoutLine: {'line': b'[ 91%] \x1b[32mBuilding C object CMakeFiles/roarm_msgs_s__rosidl_typesupport_fastrtps_c.dir/rosidl_generator_py/roarm_msgs/_roarm_msgs_s.ep.rosidl_typesupport_fastrtps_c.c.o\x1b[0m\n'}
[9.839634] (-) TimerEvent: {}
[9.939827] (-) TimerEvent: {}
[9.961868] (roarm_msgs) StdoutLine: {'line': b'[ 94%] \x1b[32m\x1b[1mLinking C shared module rosidl_generator_py/roarm_msgs/roarm_msgs_s__rosidl_typesupport_c.so\x1b[0m\n'}
[9.967497] (roarm_msgs) StdoutLine: {'line': b'[ 97%] \x1b[32m\x1b[1mLinking C shared module rosidl_generator_py/roarm_msgs/roarm_msgs_s__rosidl_typesupport_introspection_c.so\x1b[0m\n'}
[9.971527] (roarm_msgs) StdoutLine: {'line': b'[100%] \x1b[32m\x1b[1mLinking C shared module rosidl_generator_py/roarm_msgs/roarm_msgs_s__rosidl_typesupport_fastrtps_c.so\x1b[0m\n'}
[9.999158] (roarm_msgs) StdoutLine: {'line': b'[100%] Built target roarm_msgs_s__rosidl_typesupport_c\n'}
[10.008154] (roarm_msgs) StdoutLine: {'line': b'[100%] Built target roarm_msgs_s__rosidl_typesupport_introspection_c\n'}
[10.010544] (roarm_msgs) StdoutLine: {'line': b'[100%] Built target roarm_msgs_s__rosidl_typesupport_fastrtps_c\n'}
[10.023532] (roarm_msgs) CommandEnded: {'returncode': 0}
[10.024300] (roarm_msgs) JobProgress: {'identifier': 'roarm_msgs', 'progress': 'install'}
[10.024365] (roarm_msgs) Command: {'cmd': ['/usr/bin/cmake', '--install', '/home/v1/Desktop/Beizo/arm_ws/build/roarm_msgs'], 'cwd': '/home/v1/Desktop/Beizo/arm_ws/build/roarm_msgs', 'env': OrderedDict({'LESSOPEN': '| /usr/bin/lesspipe %s', 'CONDA_PROMPT_MODIFIER': '', 'USER': 'v1', 'GZ_CONFIG_PATH': '/opt/ros/jazzy/opt/gz_sim_vendor/share/gz:/opt/ros/jazzy/opt/sdformat_vendor/share/gz:/opt/ros/jazzy/opt/gz_gui_vendor/share/gz:/opt/ros/jazzy/opt/gz_transport_vendor/share/gz:/opt/ros/jazzy/opt/gz_rendering_vendor/share/gz:/opt/ros/jazzy/opt/gz_plugin_vendor/share/gz:/opt/ros/jazzy/opt/gz_fuel_tools_vendor/share/gz:/opt/ros/jazzy/opt/gz_msgs_vendor/share/gz:/opt/ros/jazzy/opt/gz_common_vendor/share/gz', 'XDG_SESSION_TYPE': 'x11', 'SHLVL': '1', 'LD_LIBRARY_PATH': '/home/v1/Desktop/Beizo/arm_ws/install/roarm_msgs/lib:/opt/ros/jazzy/opt/gz_sim_vendor/lib:/opt/ros/jazzy/opt/gz_sensors_vendor/lib:/opt/ros/jazzy/opt/gz_physics_vendor/lib:/opt/ros/jazzy/opt/sdformat_vendor/lib:/opt/ros/jazzy/opt/rviz_ogre_vendor/lib:/opt/ros/jazzy/lib/x86_64-linux-gnu:/opt/ros/jazzy/opt/gz_gui_vendor/lib:/opt/ros/jazzy/opt/gz_transport_vendor/lib:/opt/ros/jazzy/opt/gz_rendering_vendor/lib:/opt/ros/jazzy/opt/gz_plugin_vendor/lib:/opt/ros/jazzy/opt/gz_fuel_tools_vendor/lib:/opt/ros/jazzy/opt/gz_msgs_vendor/lib:/opt/ros/jazzy/opt/gz_common_vendor/lib:/opt/ros/jazzy/opt/gz_math_vendor/lib:/opt/ros/jazzy/opt/gz_utils_vendor/lib:/opt/ros/jazzy/opt/gz_tools_vendor/lib:/opt/ros/jazzy/opt/gz_ogre_next_vendor/lib:/opt/ros/jazzy/opt/gz_dartsim_vendor/lib:/opt/ros/jazzy/opt/gz_cmake_vendor/lib:/opt/ros/jazzy/lib', 'HOME': '/home/v1', 'CONDA_SHLVL': '0', 'OLDPWD': '/home/v1/Desktop/Beizo/arm_ws', 'DESKTOP_SESSION': 'ubuntu', 'ROS_PYTHON_VERSION': '3', 'GNOME_SHELL_SESSION_MODE': 'ubuntu', 'GTK_MODULES': 'gail:atk-bridge', 'SYSTEMD_EXEC_PID': '2955', 'GSM_SKIP_SSH_AGENT_WORKAROUND': 'true', 'DBUS_SESSION_BUS_ADDRESS': 'unix:path=/run/user/1000/bus', 'COLORTERM': 'truecolor', '_CE_M': '', '_CONDA_ROOT': '/home/v1/miniconda3', 'GNOME_KEYRING_CONTROL': '/run/user/1000/keyring', 'DEBUGINFOD_URLS': 'https://debuginfod.ubuntu.com', 'COLCON_PREFIX_PATH': '/home/v1/Desktop/Beizo/arm_ws/install', 'ROS_DISTRO': 'jazzy', 'LOGNAME': 'v1', '_': '/usr/bin/colcon', 'ROS_VERSION': '2', 'MEMORY_PRESSURE_WATCH': '/sys/fs/cgroup/user.slice/user-1000.slice/user@1000.service/session.slice/org.gnome.SettingsDaemon.MediaKeys.service/memory.pressure', 'XDG_SESSION_CLASS': 'user', 'USERNAME': 'v1', 'TERM': 'xterm-256color', 'GNOME_DESKTOP_SESSION_ID': 'this-is-deprecated', '_CE_CONDA': '', 'WINDOWPATH': '2', 'PATH': '/home/v1/.local/bin:/opt/ros/jazzy/opt/gz_msgs_vendor/bin:/opt/ros/jazzy/opt/gz_tools_vendor/bin:/opt/ros/jazzy/opt/gz_ogre_next_vendor/bin:/opt/ros/jazzy/bin:/home/v1/miniconda3/condabin:/home/v1/.local/bin:/usr/local/sbin:/usr/local/bin:/usr/sbin:/usr/bin:/sbin:/bin:/usr/games:/usr/local/games:/snap/bin:/snap/bin', 'SESSION_MANAGER': 'local/v1-HP:@/tmp/.ICE-unix/2804,unix/v1-HP:/tmp/.ICE-unix/2804', 'XDG_MENU_PREFIX': 'gnome-', 'GNOME_TERMINAL_SCREEN': '/org/gnome/Terminal/screen/3af61192_0f13_44b3_bb04_ef5b217560ca', 'XDG_RUNTIME_DIR': '/run/user/1000', 'DISPLAY': ':1', 'LANG': 'en_US.UTF-8', 'XDG_CURRENT_DESKTOP': 'ubuntu:GNOME', 'RMW_IMPLEMENTATION': 'rmw_cyclonedds_cpp', 'XMODIFIERS': '@im=ibus', 'XDG_SESSION_DESKTOP': 'ubuntu', 'XAUTHORITY': '/run/user/1000/gdm/Xauthority', 'LS_COLORS': 'rs=0:di=01;34:ln=01;36:mh=00:pi=40;33:so=01;35:do=01;35:bd=40;33;01:cd=40;33;01:or=40;31;01:mi=00:su=37;41:sg=30;43:ca=00:tw=30;42:ow=34;42:st=37;44:ex=01;32:*.tar=01;31:*.tgz=01;31:*.arc=01;31:*.arj=01;31:*.taz=01;31:*.lha=01;31:*.lz4=01;31:*.lzh=01;31:*.lzma=01;31:*.tlz=01;31:*.txz=01;31:*.tzo=01;31:*.t7z=01;31:*.zip=01;31:*.z=01;31:*.dz=01;31:*.gz=01;31:*.lrz=01;31:*.lz=01;31:*.lzo=01;31:*.xz=01;31:*.zst=01;31:*.tzst=01;31:*.bz2=01;31:*.bz=01;31:*.tbz=01;31:*.tbz2=01;31:*.tz=01;31:*.deb=01;31:*.rpm=01;31:*.jar=01;31:*.war=01;31:*.ear=01;31:*.sar=01;31:*.rar=01;31:*.alz=01;31:*.ace=01;31:*.zoo=01;31:*.cpio=01;31:*.7z=01;31:*.rz=01;31:*.cab=01;31:*.wim=01;31:*.swm=01;31:*.dwm=01;31:*.esd=01;31:*.avif=01;35:*.jpg=01;35:*.jpeg=01;35:*.mjpg=01;35:*.mjpeg=01;35:*.gif=01;35:*.bmp=01;35:*.pbm=01;35:*.pgm=01;35:*.ppm=01;35:*.tga=01;35:*.xbm=01;35:*.xpm=01;35:*.tif=01;35:*.tiff=01;35:*.png=01;35:*.svg=01;35:*.svgz=01;35:*.mng=01;35:*.pcx=01;35:*.mov=01;35:*.mpg=01;35:*.mpeg=01;35:*.m2v=01;35:*.mkv=01;35:*.webm=01;35:*.webp=01;35:*.ogm=01;35:*.mp4=01;35:*.m4v=01;35:*.mp4v=01;35:*.vob=01;35:*.qt=01;35:*.nuv=01;35:*.wmv=01;35:*.asf=01;35:*.rm=01;35:*.rmvb=01;35:*.flc=01;35:*.avi=01;35:*.fli=01;35:*.flv=01;35:*.gl=01;35:*.dl=01;35:*.xcf=01;35:*.xwd=01;35:*.yuv=01;35:*.cgm=01;35:*.emf=01;35:*.ogv=01;35:*.ogx=01;35:*.aac=00;36:*.au=00;36:*.flac=00;36:*.m4a=00;36:*.mid=00;36:*.midi=00;36:*.mka=00;36:*.mp3=00;36:*.mpc=00;36:*.ogg=00;36:*.ra=00;36:*.wav=00;36:*.oga=00;36:*.opus=00;36:*.spx=00;36:*.xspf=00;36:*~=00;90:*#=00;90:*.bak=00;90:*.crdownload=00;90:*.dpkg-dist=00;90:*.dpkg-new=00;90:*.dpkg-old=00;90:*.dpkg-tmp=00;90:*.old=00;90:*.orig=00;90:*.part=00;90:*.rej=00;90:*.rpmnew=00;90:*.rpmorig=00;90:*.rpmsave=00;90:*.swp=00;90:*.tmp=00;90:*.ucf-dist=00;90:*.ucf-new=00;90:*.ucf-old=00;90:', 'GNOME_TERMINAL_SERVICE': ':1.616', 'SSH_AUTH_SOCK': '/run/user/1000/keyring/ssh', 'AMENT_PREFIX_PATH': '/home/v1/Desktop/Beizo/arm_ws/install/roarm_moveit_cmd:/home/v1/Desktop/Beizo/arm_ws/install/roarm_msgs:/home/v1/Desktop/Beizo/arm_ws/install/roarm_moveit_config:/home/v1/Desktop/Beizo/arm_ws/install/roarm_driver:/home/v1/Desktop/Beizo/arm_ws/install/roarm_description:/opt/ros/jazzy', 'CONDA_PYTHON_EXE': '/home/v1/miniconda3/bin/python', 'SHELL': '/bin/bash', 'QT_ACCESSIBILITY': '1', 'GDMSESSION': 'ubuntu', 'LESSCLOSE': '/usr/bin/lesspipe %s %s', 'CONDA_DEFAULT_ENV': '', 'GPG_AGENT_INFO': '/run/user/1000/gnupg/S.gpg-agent:0:1', '_CONDA_EXE': '/home/v1/miniconda3/bin/conda', 'ROS_AUTOMATIC_DISCOVERY_RANGE': 'SUBNET', 'QT_IM_MODULE': 'ibus', 'PWD': '/home/v1/Desktop/Beizo/arm_ws/build/roarm_msgs', 'LC_ALL': 'en_US.UTF-8', 'XDG_CONFIG_DIRS': '/etc/xdg/xdg-ubuntu:/etc/xdg', 'CONDA_EXE': '/home/v1/miniconda3/bin/conda', 'XDG_DATA_DIRS': '/usr/share/ubuntu:/usr/share/gnome:/usr/local/share/:/usr/share/:/var/lib/snapd/desktop', 'PYTHONPATH': '/home/v1/Desktop/Beizo/arm_ws/install/roarm_moveit_cmd/lib/python3.12/site-packages:/home/v1/Desktop/Beizo/arm_ws/install/roarm_msgs/lib/python3.12/site-packages:/home/v1/Desktop/Beizo/arm_ws/install/roarm_driver/lib/python3.12/site-packages:/home/v1/Desktop/Beizo/arm_ws/install/roarm_description/lib/python3.12/site-packages:/opt/ros/jazzy/lib/python3.12/site-packages', 'CONDA_PREFIX': '', 'COLCON': '1', 'MEMORY_PRESSURE_WRITE': 'c29tZSAyMDAwMDAgMjAwMDAwMAA=', 'VTE_VERSION': '7600', 'CMAKE_PREFIX_PATH': '/home/v1/Desktop/Beizo/arm_ws/install/roarm_msgs:/home/v1/Desktop/Beizo/arm_ws/install/roarm_moveit_config:/opt/ros/jazzy/opt/gz_sim_vendor:/opt/ros/jazzy/opt/gz_sensors_vendor:/opt/ros/jazzy/opt/gz_physics_vendor:/opt/ros/jazzy/opt/sdformat_vendor:/opt/ros/jazzy/opt/gz_gui_vendor:/opt/ros/jazzy/opt/gz_transport_vendor:/opt/ros/jazzy/opt/gz_rendering_vendor:/opt/ros/jazzy/opt/gz_plugin_vendor:/opt/ros/jazzy/opt/gz_fuel_tools_vendor:/opt/ros/jazzy/opt/gz_msgs_vendor:/opt/ros/jazzy/opt/gz_common_vendor:/opt/ros/jazzy/opt/gz_math_vendor:/opt/ros/jazzy/opt/gz_utils_vendor:/opt/ros/jazzy/opt/gz_tools_vendor:/opt/ros/jazzy/opt/gz_ogre_next_vendor:/opt/ros/jazzy/opt/gz_dartsim_vendor:/opt/ros/jazzy/opt/gz_cmake_vendor:/home/v1/Desktop/Beizo/arm_ws/install/roarm_moveit_cmd:/home/v1/Desktop/Beizo/arm_ws/install/roarm_driver:/home/v1/Desktop/Beizo/arm_ws/install/roarm_description:/opt/ros/jazzy'}), 'shell': False}
[10.033508] (roarm_msgs) StdoutLine: {'line': b'-- Install configuration: ""\n'}
[10.033801] (roarm_msgs) StdoutLine: {'line': b'-- Installing: /home/v1/Desktop/Beizo/arm_ws/install/roarm_msgs/share/ament_index/resource_index/rosidl_interfaces/roarm_msgs\n'}
[10.034432] (roarm_msgs) StdoutLine: {'line': b'-- Installing: /home/v1/Desktop/Beizo/arm_ws/install/roarm_msgs/share/roarm_msgs/srv/MoveToXYZ.json\n'}
[10.035054] (roarm_msgs) StdoutLine: {'line': b'-- Installing: /home/v1/Desktop/Beizo/arm_ws/install/roarm_msgs/include/roarm_msgs/roarm_msgs\n'}
[10.035439] (roarm_msgs) StdoutLine: {'line': b'-- Installing: /home/v1/Desktop/Beizo/arm_ws/install/roarm_msgs/include/roarm_msgs/roarm_msgs/msg\n'}
[10.035606] (roarm_msgs) StdoutLine: {'line': b'-- Installing: /home/v1/Desktop/Beizo/arm_ws/install/roarm_msgs/include/roarm_msgs/roarm_msgs/msg/rosidl_generator_c__visibility_control.h\n'}
[10.035724] (roarm_msgs) StdoutLine: {'line': b'-- Installing: /home/v1/Desktop/Beizo/arm_ws/install/roarm_msgs/include/roarm_msgs/roarm_msgs/srv\n'}
[10.035833] (roarm_msgs) StdoutLine: {'line': b'-- Installing: /home/v1/Desktop/Beizo/arm_ws/install/roarm_msgs/include/roarm_msgs/roarm_msgs/srv/move_to_xyz.h\n'}
[10.035942] (roarm_msgs) StdoutLine: {'line': b'-- Installing: /home/v1/Desktop/Beizo/arm_ws/install/roarm_msgs/include/roarm_msgs/roarm_msgs/srv/detail\n'}
[10.036025] (roarm_msgs) StdoutLine: {'line': b'-- Installing: /home/v1/Desktop/Beizo/arm_ws/install/roarm_msgs/include/roarm_msgs/roarm_msgs/srv/detail/move_to_xyz__type_support.c\n'}
[10.036150] (roarm_msgs) StdoutLine: {'line': b'-- Installing: /home/v1/Desktop/Beizo/arm_ws/install/roarm_msgs/include/roarm_msgs/roarm_msgs/srv/detail/move_to_xyz__struct.h\n'}
[10.036246] (roarm_msgs) StdoutLine: {'line': b'-- Installing: /home/v1/Desktop/Beizo/arm_ws/install/roarm_msgs/include/roarm_msgs/roarm_msgs/srv/detail/move_to_xyz__type_support.h\n'}
[10.036322] (roarm_msgs) StdoutLine: {'line': b'-- Installing: /home/v1/Desktop/Beizo/arm_ws/install/roarm_msgs/include/roarm_msgs/roarm_msgs/srv/detail/move_to_xyz__functions.h\n'}
[10.036440] (roarm_msgs) StdoutLine: {'line': b'-- Installing: /home/v1/Desktop/Beizo/arm_ws/install/roarm_msgs/include/roarm_msgs/roarm_msgs/srv/detail/move_to_xyz__functions.c\n'}
[10.036521] (roarm_msgs) StdoutLine: {'line': b'-- Installing: /home/v1/Desktop/Beizo/arm_ws/install/roarm_msgs/include/roarm_msgs/roarm_msgs/srv/detail/move_to_xyz__description.c\n'}
[10.036622] (roarm_msgs) StdoutLine: {'line': b'-- Installing: /home/v1/Desktop/Beizo/arm_ws/install/roarm_msgs/share/roarm_msgs/environment/library_path.sh\n'}
[10.036698] (roarm_msgs) StdoutLine: {'line': b'-- Installing: /home/v1/Desktop/Beizo/arm_ws/install/roarm_msgs/share/roarm_msgs/environment/library_path.dsv\n'}
[10.036948] (roarm_msgs) StdoutLine: {'line': b'-- Installing: /home/v1/Desktop/Beizo/arm_ws/install/roarm_msgs/lib/libroarm_msgs__rosidl_generator_c.so\n'}
[10.037491] (roarm_msgs) StdoutLine: {'line': b'-- Set non-toolchain portion of runtime path of "/home/v1/Desktop/Beizo/arm_ws/install/roarm_msgs/lib/libroarm_msgs__rosidl_generator_c.so" to ""\n'}
[10.037703] (roarm_msgs) StdoutLine: {'line': b'-- Up-to-date: /home/v1/Desktop/Beizo/arm_ws/install/roarm_msgs/include/roarm_msgs/roarm_msgs\n'}
[10.037800] (roarm_msgs) StdoutLine: {'line': b'-- Up-to-date: /home/v1/Desktop/Beizo/arm_ws/install/roarm_msgs/include/roarm_msgs/roarm_msgs/msg\n'}
[10.037924] (roarm_msgs) StdoutLine: {'line': b'-- Installing: /home/v1/Desktop/Beizo/arm_ws/install/roarm_msgs/include/roarm_msgs/roarm_msgs/msg/rosidl_typesupport_fastrtps_c__visibility_control.h\n'}
[10.038009] (roarm_msgs) StdoutLine: {'line': b'-- Up-to-date: /home/v1/Desktop/Beizo/arm_ws/install/roarm_msgs/include/roarm_msgs/roarm_msgs/srv\n'}
[10.038176] (roarm_msgs) StdoutLine: {'line': b'-- Up-to-date: /home/v1/Desktop/Beizo/arm_ws/install/roarm_msgs/include/roarm_msgs/roarm_msgs/srv/detail\n'}
[10.038325] (roarm_msgs) StdoutLine: {'line': b'-- Installing: /home/v1/Desktop/Beizo/arm_ws/install/roarm_msgs/include/roarm_msgs/roarm_msgs/srv/detail/move_to_xyz__rosidl_typesupport_fastrtps_c.h\n'}
[10.038497] (roarm_msgs) StdoutLine: {'line': b'-- Installing: /home/v1/Desktop/Beizo/arm_ws/install/roarm_msgs/lib/libroarm_msgs__rosidl_typesupport_fastrtps_c.so\n'}
[10.038637] (roarm_msgs) StdoutLine: {'line': b'-- Set non-toolchain portion of runtime path of "/home/v1/Desktop/Beizo/arm_ws/install/roarm_msgs/lib/libroarm_msgs__rosidl_typesupport_fastrtps_c.so" to ""\n'}
[10.039140] (roarm_msgs) StdoutLine: {'line': b'-- Up-to-date: /home/v1/Desktop/Beizo/arm_ws/install/roarm_msgs/include/roarm_msgs/roarm_msgs\n'}
[10.039311] (roarm_msgs) StdoutLine: {'line': b'-- Up-to-date: /home/v1/Desktop/Beizo/arm_ws/install/roarm_msgs/include/roarm_msgs/roarm_msgs/msg\n'}
[10.039499] (roarm_msgs) StdoutLine: {'line': b'-- Installing: /home/v1/Desktop/Beizo/arm_ws/install/roarm_msgs/include/roarm_msgs/roarm_msgs/msg/rosidl_typesupport_introspection_c__visibility_control.h\n'}
[10.039641] (roarm_msgs) StdoutLine: {'line': b'-- Up-to-date: /home/v1/Desktop/Beizo/arm_ws/install/roarm_msgs/include/roarm_msgs/roarm_msgs/srv\n'}
[10.039826] (-) TimerEvent: {}
[10.039984] (roarm_msgs) StdoutLine: {'line': b'-- Up-to-date: /home/v1/Desktop/Beizo/arm_ws/install/roarm_msgs/include/roarm_msgs/roarm_msgs/srv/detail\n'}
[10.040153] (roarm_msgs) StdoutLine: {'line': b'-- Installing: /home/v1/Desktop/Beizo/arm_ws/install/roarm_msgs/include/roarm_msgs/roarm_msgs/srv/detail/move_to_xyz__type_support.c\n'}
[10.040318] (roarm_msgs) StdoutLine: {'line': b'-- Installing: /home/v1/Desktop/Beizo/arm_ws/install/roarm_msgs/include/roarm_msgs/roarm_msgs/srv/detail/move_to_xyz__rosidl_typesupport_introspection_c.h\n'}
[10.040541] (roarm_msgs) StdoutLine: {'line': b'-- Installing: /home/v1/Desktop/Beizo/arm_ws/install/roarm_msgs/lib/libroarm_msgs__rosidl_typesupport_introspection_c.so\n'}
[10.040747] (roarm_msgs) StdoutLine: {'line': b'-- Set non-toolchain portion of runtime path of "/home/v1/Desktop/Beizo/arm_ws/install/roarm_msgs/lib/libroarm_msgs__rosidl_typesupport_introspection_c.so" to ""\n'}
[10.040974] (roarm_msgs) StdoutLine: {'line': b'-- Installing: /home/v1/Desktop/Beizo/arm_ws/install/roarm_msgs/lib/libroarm_msgs__rosidl_typesupport_c.so\n'}
[10.041173] (roarm_msgs) StdoutLine: {'line': b'-- Set non-toolchain portion of runtime path of "/home/v1/Desktop/Beizo/arm_ws/install/roarm_msgs/lib/libroarm_msgs__rosidl_typesupport_c.so" to ""\n'}
[10.041368] (roarm_msgs) StdoutLine: {'line': b'-- Up-to-date: /home/v1/Desktop/Beizo/arm_ws/install/roarm_msgs/include/roarm_msgs/roarm_msgs\n'}
[10.041520] (roarm_msgs) StdoutLine: {'line': b'-- Up-to-date: /home/v1/Desktop/Beizo/arm_ws/install/roarm_msgs/include/roarm_msgs/roarm_msgs/msg\n'}
[10.041666] (roarm_msgs) StdoutLine: {'line': b'-- Installing: /home/v1/Desktop/Beizo/arm_ws/install/roarm_msgs/include/roarm_msgs/roarm_msgs/msg/rosidl_generator_cpp__visibility_control.hpp\n'}
[10.041923] (roarm_msgs) StdoutLine: {'line': b'-- Up-to-date: /home/v1/Desktop/Beizo/arm_ws/install/roarm_msgs/include/roarm_msgs/roarm_msgs/srv\n'}
[10.042122] (roarm_msgs) StdoutLine: {'line': b'-- Installing: /home/v1/Desktop/Beizo/arm_ws/install/roarm_msgs/include/roarm_msgs/roarm_msgs/srv/move_to_xyz.hpp\n'}
[10.042311] (roarm_msgs) StdoutLine: {'line': b'-- Up-to-date: /home/v1/Desktop/Beizo/arm_ws/install/roarm_msgs/include/roarm_msgs/roarm_msgs/srv/detail\n'}
[10.042460] (roarm_msgs) StdoutLine: {'line': b'-- Installing: /home/v1/Desktop/Beizo/arm_ws/install/roarm_msgs/include/roarm_msgs/roarm_msgs/srv/detail/move_to_xyz__traits.hpp\n'}
[10.042651] (roarm_msgs) StdoutLine: {'line': b'-- Installing: /home/v1/Desktop/Beizo/arm_ws/install/roarm_msgs/include/roarm_msgs/roarm_msgs/srv/detail/move_to_xyz__builder.hpp\n'}
[10.042845] (roarm_msgs) StdoutLine: {'line': b'-- Installing: /home/v1/Desktop/Beizo/arm_ws/install/roarm_msgs/include/roarm_msgs/roarm_msgs/srv/detail/move_to_xyz__type_support.hpp\n'}
[10.043000] (roarm_msgs) StdoutLine: {'line': b'-- Installing: /home/v1/Desktop/Beizo/arm_ws/install/roarm_msgs/include/roarm_msgs/roarm_msgs/srv/detail/move_to_xyz__struct.hpp\n'}
[10.043182] (roarm_msgs) StdoutLine: {'line': b'-- Up-to-date: /home/v1/Desktop/Beizo/arm_ws/install/roarm_msgs/include/roarm_msgs/roarm_msgs\n'}
[10.043391] (roarm_msgs) StdoutLine: {'line': b'-- Up-to-date: /home/v1/Desktop/Beizo/arm_ws/install/roarm_msgs/include/roarm_msgs/roarm_msgs/msg\n'}
[10.043581] (roarm_msgs) StdoutLine: {'line': b'-- Installing: /home/v1/Desktop/Beizo/arm_ws/install/roarm_msgs/include/roarm_msgs/roarm_msgs/msg/rosidl_typesupport_fastrtps_cpp__visibility_control.h\n'}
[10.043763] (roarm_msgs) StdoutLine: {'line': b'-- Up-to-date: /home/v1/Desktop/Beizo/arm_ws/install/roarm_msgs/include/roarm_msgs/roarm_msgs/srv\n'}
[10.043919] (roarm_msgs) StdoutLine: {'line': b'-- Up-to-date: /home/v1/Desktop/Beizo/arm_ws/install/roarm_msgs/include/roarm_msgs/roarm_msgs/srv/detail\n'}
[10.044081] (roarm_msgs) StdoutLine: {'line': b'-- Installing: /home/v1/Desktop/Beizo/arm_ws/install/roarm_msgs/include/roarm_msgs/roarm_msgs/srv/detail/dds_fastrtps\n'}
[10.044233] (roarm_msgs) StdoutLine: {'line': b'-- Installing: /home/v1/Desktop/Beizo/arm_ws/install/roarm_msgs/include/roarm_msgs/roarm_msgs/srv/detail/move_to_xyz__rosidl_typesupport_fastrtps_cpp.hpp\n'}
[10.044385] (roarm_msgs) StdoutLine: {'line': b'-- Installing: /home/v1/Desktop/Beizo/arm_ws/install/roarm_msgs/lib/libroarm_msgs__rosidl_typesupport_fastrtps_cpp.so\n'}
[10.044535] (roarm_msgs) StdoutLine: {'line': b'-- Set non-toolchain portion of runtime path of "/home/v1/Desktop/Beizo/arm_ws/install/roarm_msgs/lib/libroarm_msgs__rosidl_typesupport_fastrtps_cpp.so" to ""\n'}
[10.044754] (roarm_msgs) StdoutLine: {'line': b'-- Up-to-date: /home/v1/Desktop/Beizo/arm_ws/install/roarm_msgs/include/roarm_msgs/roarm_msgs\n'}
[10.044968] (roarm_msgs) StdoutLine: {'line': b'-- Up-to-date: /home/v1/Desktop/Beizo/arm_ws/install/roarm_msgs/include/roarm_msgs/roarm_msgs/srv\n'}
[10.045299] (roarm_msgs) StdoutLine: {'line': b'-- Up-to-date: /home/v1/Desktop/Beizo/arm_ws/install/roarm_msgs/include/roarm_msgs/roarm_msgs/srv/detail\n'}
[10.045535] (roarm_msgs) StdoutLine: {'line': b'-- Installing: /home/v1/Desktop/Beizo/arm_ws/install/roarm_msgs/include/roarm_msgs/roarm_msgs/srv/detail/move_to_xyz__rosidl_typesupport_introspection_cpp.hpp\n'}
[10.045817] (roarm_msgs) StdoutLine: {'line': b'-- Installing: /home/v1/Desktop/Beizo/arm_ws/install/roarm_msgs/include/roarm_msgs/roarm_msgs/srv/detail/move_to_xyz__type_support.cpp\n'}
[10.046045] (roarm_msgs) StdoutLine: {'line': b'-- Installing: /home/v1/Desktop/Beizo/arm_ws/install/roarm_msgs/lib/libroarm_msgs__rosidl_typesupport_introspection_cpp.so\n'}
[10.047266] (roarm_msgs) StdoutLine: {'line': b'-- Set non-toolchain portion of runtime path of "/home/v1/Desktop/Beizo/arm_ws/install/roarm_msgs/lib/libroarm_msgs__rosidl_typesupport_introspection_cpp.so" to ""\n'}
[10.047443] (roarm_msgs) StdoutLine: {'line': b'-- Installing: /home/v1/Desktop/Beizo/arm_ws/install/roarm_msgs/lib/libroarm_msgs__rosidl_typesupport_cpp.so\n'}
[10.047593] (roarm_msgs) StdoutLine: {'line': b'-- Set non-toolchain portion of runtime path of "/home/v1/Desktop/Beizo/arm_ws/install/roarm_msgs/lib/libroarm_msgs__rosidl_typesupport_cpp.so" to ""\n'}
[10.047756] (roarm_msgs) StdoutLine: {'line': b'-- Installing: /home/v1/Desktop/Beizo/arm_ws/install/roarm_msgs/share/roarm_msgs/environment/pythonpath.sh\n'}
[10.047912] (roarm_msgs) StdoutLine: {'line': b'-- Installing: /home/v1/Desktop/Beizo/arm_ws/install/roarm_msgs/share/roarm_msgs/environment/pythonpath.dsv\n'}
[10.048079] (roarm_msgs) StdoutLine: {'line': b'-- Installing: /home/v1/Desktop/Beizo/arm_ws/install/roarm_msgs/lib/python3.12/site-packages/roarm_msgs-0.0.1-py3.12.egg-info\n'}
[10.048248] (roarm_msgs) StdoutLine: {'line': b'-- Installing: /home/v1/Desktop/Beizo/arm_ws/install/roarm_msgs/lib/python3.12/site-packages/roarm_msgs-0.0.1-py3.12.egg-info/dependency_links.txt\n'}
[10.048409] (roarm_msgs) StdoutLine: {'line': b'-- Installing: /home/v1/Desktop/Beizo/arm_ws/install/roarm_msgs/lib/python3.12/site-packages/roarm_msgs-0.0.1-py3.12.egg-info/top_level.txt\n'}
[10.048570] (roarm_msgs) StdoutLine: {'line': b'-- Installing: /home/v1/Desktop/Beizo/arm_ws/install/roarm_msgs/lib/python3.12/site-packages/roarm_msgs-0.0.1-py3.12.egg-info/SOURCES.txt\n'}
[10.048730] (roarm_msgs) StdoutLine: {'line': b'-- Installing: /home/v1/Desktop/Beizo/arm_ws/install/roarm_msgs/lib/python3.12/site-packages/roarm_msgs-0.0.1-py3.12.egg-info/PKG-INFO\n'}
[10.048887] (roarm_msgs) StdoutLine: {'line': b'-- Installing: /home/v1/Desktop/Beizo/arm_ws/install/roarm_msgs/lib/python3.12/site-packages/roarm_msgs\n'}
[10.049056] (roarm_msgs) StdoutLine: {'line': b'-- Installing: /home/v1/Desktop/Beizo/arm_ws/install/roarm_msgs/lib/python3.12/site-packages/roarm_msgs/_roarm_msgs_s.ep.rosidl_typesupport_fastrtps_c.c\n'}
[10.049231] (roarm_msgs) StdoutLine: {'line': b'-- Installing: /home/v1/Desktop/Beizo/arm_ws/install/roarm_msgs/lib/python3.12/site-packages/roarm_msgs/roarm_msgs_s__rosidl_typesupport_introspection_c.so\n'}
[10.049390] (roarm_msgs) StdoutLine: {'line': b'-- Installing: /home/v1/Desktop/Beizo/arm_ws/install/roarm_msgs/lib/python3.12/site-packages/roarm_msgs/_roarm_msgs_s.ep.rosidl_typesupport_introspection_c.c\n'}
[10.049572] (roarm_msgs) StdoutLine: {'line': b'-- Installing: /home/v1/Desktop/Beizo/arm_ws/install/roarm_msgs/lib/python3.12/site-packages/roarm_msgs/_roarm_msgs_s.ep.rosidl_typesupport_c.c\n'}
[10.049737] (roarm_msgs) StdoutLine: {'line': b'-- Installing: /home/v1/Desktop/Beizo/arm_ws/install/roarm_msgs/lib/python3.12/site-packages/roarm_msgs/roarm_msgs_s__rosidl_typesupport_c.so\n'}
[10.049900] (roarm_msgs) StdoutLine: {'line': b'-- Installing: /home/v1/Desktop/Beizo/arm_ws/install/roarm_msgs/lib/python3.12/site-packages/roarm_msgs/__init__.py\n'}
[10.050067] (roarm_msgs) StdoutLine: {'line': b'-- Installing: /home/v1/Desktop/Beizo/arm_ws/install/roarm_msgs/lib/python3.12/site-packages/roarm_msgs/roarm_msgs_s__rosidl_typesupport_fastrtps_c.so\n'}
[10.050237] (roarm_msgs) StdoutLine: {'line': b'-- Installing: /home/v1/Desktop/Beizo/arm_ws/install/roarm_msgs/lib/python3.12/site-packages/roarm_msgs/srv\n'}
[10.050404] (roarm_msgs) StdoutLine: {'line': b'-- Installing: /home/v1/Desktop/Beizo/arm_ws/install/roarm_msgs/lib/python3.12/site-packages/roarm_msgs/srv/_move_to_xyz.py\n'}
[10.050564] (roarm_msgs) StdoutLine: {'line': b'-- Installing: /home/v1/Desktop/Beizo/arm_ws/install/roarm_msgs/lib/python3.12/site-packages/roarm_msgs/srv/__init__.py\n'}
[10.050725] (roarm_msgs) StdoutLine: {'line': b'-- Installing: /home/v1/Desktop/Beizo/arm_ws/install/roarm_msgs/lib/python3.12/site-packages/roarm_msgs/srv/_move_to_xyz_s.c\n'}
[10.097135] (roarm_msgs) StdoutLine: {'line': b"Listing '/home/v1/Desktop/Beizo/arm_ws/install/roarm_msgs/lib/python3.12/site-packages/roarm_msgs'...\n"}
[10.097354] (roarm_msgs) StdoutLine: {'line': b"Compiling '/home/v1/Desktop/Beizo/arm_ws/install/roarm_msgs/lib/python3.12/site-packages/roarm_msgs/__init__.py'...\n"}
[10.097482] (roarm_msgs) StdoutLine: {'line': b"Listing '/home/v1/Desktop/Beizo/arm_ws/install/roarm_msgs/lib/python3.12/site-packages/roarm_msgs/srv'...\n"}
[10.097598] (roarm_msgs) StdoutLine: {'line': b"Compiling '/home/v1/Desktop/Beizo/arm_ws/install/roarm_msgs/lib/python3.12/site-packages/roarm_msgs/srv/__init__.py'...\n"}
[10.097712] (roarm_msgs) StdoutLine: {'line': b"Compiling '/home/v1/Desktop/Beizo/arm_ws/install/roarm_msgs/lib/python3.12/site-packages/roarm_msgs/srv/_move_to_xyz.py'...\n"}
[10.104881] (roarm_msgs) StdoutLine: {'line': b'-- Installing: /home/v1/Desktop/Beizo/arm_ws/install/roarm_msgs/lib/python3.12/site-packages/roarm_msgs/roarm_msgs_s__rosidl_typesupport_fastrtps_c.so\n'}
[10.105149] (roarm_msgs) StdoutLine: {'line': b'-- Set non-toolchain portion of runtime path of "/home/v1/Desktop/Beizo/arm_ws/install/roarm_msgs/lib/python3.12/site-packages/roarm_msgs/roarm_msgs_s__rosidl_typesupport_fastrtps_c.so" to ""\n'}
[10.105342] (roarm_msgs) StdoutLine: {'line': b'-- Installing: /home/v1/Desktop/Beizo/arm_ws/install/roarm_msgs/lib/python3.12/site-packages/roarm_msgs/roarm_msgs_s__rosidl_typesupport_introspection_c.so\n'}
[10.105477] (roarm_msgs) StdoutLine: {'line': b'-- Set non-toolchain portion of runtime path of "/home/v1/Desktop/Beizo/arm_ws/install/roarm_msgs/lib/python3.12/site-packages/roarm_msgs/roarm_msgs_s__rosidl_typesupport_introspection_c.so" to ""\n'}
[10.106363] (roarm_msgs) StdoutLine: {'line': b'-- Installing: /home/v1/Desktop/Beizo/arm_ws/install/roarm_msgs/lib/python3.12/site-packages/roarm_msgs/roarm_msgs_s__rosidl_typesupport_c.so\n'}
[10.106582] (roarm_msgs) StdoutLine: {'line': b'-- Set non-toolchain portion of runtime path of "/home/v1/Desktop/Beizo/arm_ws/install/roarm_msgs/lib/python3.12/site-packages/roarm_msgs/roarm_msgs_s__rosidl_typesupport_c.so" to ""\n'}
[10.106679] (roarm_msgs) StdoutLine: {'line': b'-- Installing: /home/v1/Desktop/Beizo/arm_ws/install/roarm_msgs/lib/libroarm_msgs__rosidl_generator_py.so\n'}
[10.106791] (roarm_msgs) StdoutLine: {'line': b'-- Set non-toolchain portion of runtime path of "/home/v1/Desktop/Beizo/arm_ws/install/roarm_msgs/lib/libroarm_msgs__rosidl_generator_py.so" to ""\n'}
[10.106863] (roarm_msgs) StdoutLine: {'line': b'-- Installing: /home/v1/Desktop/Beizo/arm_ws/install/roarm_msgs/share/roarm_msgs/srv/MoveToXYZ.idl\n'}
[10.106954] (roarm_msgs) StdoutLine: {'line': b'-- Installing: /home/v1/Desktop/Beizo/arm_ws/install/roarm_msgs/share/roarm_msgs/srv/MoveToXYZ.srv\n'}
[10.107086] (roarm_msgs) StdoutLine: {'line': b'-- Installing: /home/v1/Desktop/Beizo/arm_ws/install/roarm_msgs/share/ament_index/resource_index/package_run_dependencies/roarm_msgs\n'}
[10.107163] (roarm_msgs) StdoutLine: {'line': b'-- Installing: /home/v1/Desktop/Beizo/arm_ws/install/roarm_msgs/share/ament_index/resource_index/parent_prefix_path/roarm_msgs\n'}
[10.107276] (roarm_msgs) StdoutLine: {'line': b'-- Installing: /home/v1/Desktop/Beizo/arm_ws/install/roarm_msgs/share/roarm_msgs/environment/ament_prefix_path.sh\n'}
[10.107418] (roarm_msgs) StdoutLine: {'line': b'-- Installing: /home/v1/Desktop/Beizo/arm_ws/install/roarm_msgs/share/roarm_msgs/environment/ament_prefix_path.dsv\n'}
[10.107721] (roarm_msgs) StdoutLine: {'line': b'-- Installing: /home/v1/Desktop/Beizo/arm_ws/install/roarm_msgs/share/roarm_msgs/environment/path.sh\n'}
[10.107877] (roarm_msgs) StdoutLine: {'line': b'-- Installing: /home/v1/Desktop/Beizo/arm_ws/install/roarm_msgs/share/roarm_msgs/environment/path.dsv\n'}
[10.108043] (roarm_msgs) StdoutLine: {'line': b'-- Installing: /home/v1/Desktop/Beizo/arm_ws/install/roarm_msgs/share/roarm_msgs/local_setup.bash\n'}
[10.108193] (roarm_msgs) StdoutLine: {'line': b'-- Installing: /home/v1/Desktop/Beizo/arm_ws/install/roarm_msgs/share/roarm_msgs/local_setup.sh\n'}
[10.108311] (roarm_msgs) StdoutLine: {'line': b'-- Installing: /home/v1/Desktop/Beizo/arm_ws/install/roarm_msgs/share/roarm_msgs/local_setup.zsh\n'}
[10.108445] (roarm_msgs) StdoutLine: {'line': b'-- Installing: /home/v1/Desktop/Beizo/arm_ws/install/roarm_msgs/share/roarm_msgs/local_setup.dsv\n'}
[10.108965] (roarm_msgs) StdoutLine: {'line': b'-- Installing: /home/v1/Desktop/Beizo/arm_ws/install/roarm_msgs/share/roarm_msgs/package.dsv\n'}
[10.109181] (roarm_msgs) StdoutLine: {'line': b'-- Installing: /home/v1/Desktop/Beizo/arm_ws/install/roarm_msgs/share/ament_index/resource_index/packages/roarm_msgs\n'}
[10.109311] (roarm_msgs) StdoutLine: {'line': b'-- Installing: /home/v1/Desktop/Beizo/arm_ws/install/roarm_msgs/share/roarm_msgs/cmake/export_roarm_msgs__rosidl_generator_cExport.cmake\n'}
[10.109435] (roarm_msgs) StdoutLine: {'line': b'-- Installing: /home/v1/Desktop/Beizo/arm_ws/install/roarm_msgs/share/roarm_msgs/cmake/export_roarm_msgs__rosidl_generator_cExport-noconfig.cmake\n'}
[10.109560] (roarm_msgs) StdoutLine: {'line': b'-- Installing: /home/v1/Desktop/Beizo/arm_ws/install/roarm_msgs/share/roarm_msgs/cmake/export_roarm_msgs__rosidl_typesupport_fastrtps_cExport.cmake\n'}
[10.109732] (roarm_msgs) StdoutLine: {'line': b'-- Installing: /home/v1/Desktop/Beizo/arm_ws/install/roarm_msgs/share/roarm_msgs/cmake/export_roarm_msgs__rosidl_typesupport_fastrtps_cExport-noconfig.cmake\n'}
[10.109912] (roarm_msgs) StdoutLine: {'line': b'-- Installing: /home/v1/Desktop/Beizo/arm_ws/install/roarm_msgs/share/roarm_msgs/cmake/roarm_msgs__rosidl_typesupport_introspection_cExport.cmake\n'}
[10.110069] (roarm_msgs) StdoutLine: {'line': b'-- Installing: /home/v1/Desktop/Beizo/arm_ws/install/roarm_msgs/share/roarm_msgs/cmake/roarm_msgs__rosidl_typesupport_introspection_cExport-noconfig.cmake\n'}
[10.110199] (roarm_msgs) StdoutLine: {'line': b'-- Installing: /home/v1/Desktop/Beizo/arm_ws/install/roarm_msgs/share/roarm_msgs/cmake/roarm_msgs__rosidl_typesupport_cExport.cmake\n'}
[10.110327] (roarm_msgs) StdoutLine: {'line': b'-- Installing: /home/v1/Desktop/Beizo/arm_ws/install/roarm_msgs/share/roarm_msgs/cmake/roarm_msgs__rosidl_typesupport_cExport-noconfig.cmake\n'}
[10.110575] (roarm_msgs) StdoutLine: {'line': b'-- Installing: /home/v1/Desktop/Beizo/arm_ws/install/roarm_msgs/share/roarm_msgs/cmake/export_roarm_msgs__rosidl_generator_cppExport.cmake\n'}
[10.110772] (roarm_msgs) StdoutLine: {'line': b'-- Installing: /home/v1/Desktop/Beizo/arm_ws/install/roarm_msgs/share/roarm_msgs/cmake/export_roarm_msgs__rosidl_typesupport_fastrtps_cppExport.cmake\n'}
[10.110946] (roarm_msgs) StdoutLine: {'line': b'-- Installing: /home/v1/Desktop/Beizo/arm_ws/install/roarm_msgs/share/roarm_msgs/cmake/export_roarm_msgs__rosidl_typesupport_fastrtps_cppExport-noconfig.cmake\n'}
[10.111132] (roarm_msgs) StdoutLine: {'line': b'-- Installing: /home/v1/Desktop/Beizo/arm_ws/install/roarm_msgs/share/roarm_msgs/cmake/roarm_msgs__rosidl_typesupport_introspection_cppExport.cmake\n'}
[10.111269] (roarm_msgs) StdoutLine: {'line': b'-- Installing: /home/v1/Desktop/Beizo/arm_ws/install/roarm_msgs/share/roarm_msgs/cmake/roarm_msgs__rosidl_typesupport_introspection_cppExport-noconfig.cmake\n'}
[10.111387] (roarm_msgs) StdoutLine: {'line': b'-- Installing: /home/v1/Desktop/Beizo/arm_ws/install/roarm_msgs/share/roarm_msgs/cmake/roarm_msgs__rosidl_typesupport_cppExport.cmake\n'}
[10.111511] (roarm_msgs) StdoutLine: {'line': b'-- Installing: /home/v1/Desktop/Beizo/arm_ws/install/roarm_msgs/share/roarm_msgs/cmake/roarm_msgs__rosidl_typesupport_cppExport-noconfig.cmake\n'}
[10.111648] (roarm_msgs) StdoutLine: {'line': b'-- Installing: /home/v1/Desktop/Beizo/arm_ws/install/roarm_msgs/share/roarm_msgs/cmake/export_roarm_msgs__rosidl_generator_pyExport.cmake\n'}
[10.112009] (roarm_msgs) StdoutLine: {'line': b'-- Installing: /home/v1/Desktop/Beizo/arm_ws/install/roarm_msgs/share/roarm_msgs/cmake/export_roarm_msgs__rosidl_generator_pyExport-noconfig.cmake\n'}
[10.112189] (roarm_msgs) StdoutLine: {'line': b'-- Installing: /home/v1/Desktop/Beizo/arm_ws/install/roarm_msgs/share/roarm_msgs/cmake/rosidl_cmake-extras.cmake\n'}
[10.112331] (roarm_msgs) StdoutLine: {'line': b'-- Installing: /home/v1/Desktop/Beizo/arm_ws/install/roarm_msgs/share/roarm_msgs/cmake/ament_cmake_export_dependencies-extras.cmake\n'}
[10.112461] (roarm_msgs) StdoutLine: {'line': b'-- Installing: /home/v1/Desktop/Beizo/arm_ws/install/roarm_msgs/share/roarm_msgs/cmake/ament_cmake_export_include_directories-extras.cmake\n'}
[10.112587] (roarm_msgs) StdoutLine: {'line': b'-- Installing: /home/v1/Desktop/Beizo/arm_ws/install/roarm_msgs/share/roarm_msgs/cmake/ament_cmake_export_libraries-extras.cmake\n'}
[10.112701] (roarm_msgs) StdoutLine: {'line': b'-- Installing: /home/v1/Desktop/Beizo/arm_ws/install/roarm_msgs/share/roarm_msgs/cmake/ament_cmake_export_targets-extras.cmake\n'}
[10.112813] (roarm_msgs) StdoutLine: {'line': b'-- Installing: /home/v1/Desktop/Beizo/arm_ws/install/roarm_msgs/share/roarm_msgs/cmake/rosidl_cmake_export_typesupport_targets-extras.cmake\n'}
[10.112944] (roarm_msgs) StdoutLine: {'line': b'-- Installing: /home/v1/Desktop/Beizo/arm_ws/install/roarm_msgs/share/roarm_msgs/cmake/rosidl_cmake_export_typesupport_libraries-extras.cmake\n'}
[10.113044] (roarm_msgs) StdoutLine: {'line': b'-- Installing: /home/v1/Desktop/Beizo/arm_ws/install/roarm_msgs/share/roarm_msgs/cmake/roarm_msgsConfig.cmake\n'}
[10.113151] (roarm_msgs) StdoutLine: {'line': b'-- Installing: /home/v1/Desktop/Beizo/arm_ws/install/roarm_msgs/share/roarm_msgs/cmake/roarm_msgsConfig-version.cmake\n'}
[10.113220] (roarm_msgs) StdoutLine: {'line': b'-- Installing: /home/v1/Desktop/Beizo/arm_ws/install/roarm_msgs/share/roarm_msgs/package.xml\n'}
[10.114966] (roarm_msgs) CommandEnded: {'returncode': 0}
[10.138614] (roarm_msgs) JobEnded: {'identifier': 'roarm_msgs', 'rc': 0}
[10.139349] (roarm_moveit_cmd) JobStarted: {'identifier': 'roarm_moveit_cmd'}
[10.139983] (-) TimerEvent: {}
[10.240181] (-) TimerEvent: {}
[10.340442] (-) TimerEvent: {}
[10.440729] (-) TimerEvent: {}
[10.541125] (-) TimerEvent: {}
[10.641532] (-) TimerEvent: {}
[10.741915] (-) TimerEvent: {}
[10.842255] (-) TimerEvent: {}
[10.942592] (-) TimerEvent: {}
[11.042957] (-) TimerEvent: {}
[11.143364] (-) TimerEvent: {}
[11.243836] (-) TimerEvent: {}
[11.344200] (-) TimerEvent: {}
[11.444559] (-) TimerEvent: {}
[11.544927] (-) TimerEvent: {}
[11.645292] (-) TimerEvent: {}
[11.745615] (-) TimerEvent: {}
[11.845938] (-) TimerEvent: {}
[11.946346] (-) TimerEvent: {}
[12.046698] (-) TimerEvent: {}
[12.146901] (-) TimerEvent: {}
[12.247326] (-) TimerEvent: {}
[12.248298] (roarm_moveit_cmd) Command: {'cmd': ['/usr/bin/python3', '-W', 'ignore:setup.py install is deprecated', '-W', 'ignore:easy_install command is deprecated', 'setup.py', 'egg_info', '--egg-base', '../../build/roarm_moveit_cmd', 'build', '--build-base', '/home/v1/Desktop/Beizo/arm_ws/build/roarm_moveit_cmd/build', 'install', '--record', '/home/v1/Desktop/Beizo/arm_ws/build/roarm_moveit_cmd/install.log', '--single-version-externally-managed', 'install_data'], 'cwd': '/home/v1/Desktop/Beizo/arm_ws/src/roarm_moveit_cmd', 'env': {'LESSOPEN': '| /usr/bin/lesspipe %s', 'CONDA_PROMPT_MODIFIER': '', 'USER': 'v1', 'GZ_CONFIG_PATH': '/opt/ros/jazzy/opt/gz_sim_vendor/share/gz:/opt/ros/jazzy/opt/sdformat_vendor/share/gz:/opt/ros/jazzy/opt/gz_gui_vendor/share/gz:/opt/ros/jazzy/opt/gz_transport_vendor/share/gz:/opt/ros/jazzy/opt/gz_rendering_vendor/share/gz:/opt/ros/jazzy/opt/gz_plugin_vendor/share/gz:/opt/ros/jazzy/opt/gz_fuel_tools_vendor/share/gz:/opt/ros/jazzy/opt/gz_msgs_vendor/share/gz:/opt/ros/jazzy/opt/gz_common_vendor/share/gz', 'XDG_SESSION_TYPE': 'x11', 'SHLVL': '1', 'LD_LIBRARY_PATH': '/home/v1/Desktop/Beizo/arm_ws/install/roarm_msgs/lib:/opt/ros/jazzy/opt/gz_sim_vendor/lib:/opt/ros/jazzy/opt/gz_sensors_vendor/lib:/opt/ros/jazzy/opt/gz_physics_vendor/lib:/opt/ros/jazzy/opt/sdformat_vendor/lib:/opt/ros/jazzy/opt/rviz_ogre_vendor/lib:/opt/ros/jazzy/lib/x86_64-linux-gnu:/opt/ros/jazzy/opt/gz_gui_vendor/lib:/opt/ros/jazzy/opt/gz_transport_vendor/lib:/opt/ros/jazzy/opt/gz_rendering_vendor/lib:/opt/ros/jazzy/opt/gz_plugin_vendor/lib:/opt/ros/jazzy/opt/gz_fuel_tools_vendor/lib:/opt/ros/jazzy/opt/gz_msgs_vendor/lib:/opt/ros/jazzy/opt/gz_common_vendor/lib:/opt/ros/jazzy/opt/gz_math_vendor/lib:/opt/ros/jazzy/opt/gz_utils_vendor/lib:/opt/ros/jazzy/opt/gz_tools_vendor/lib:/opt/ros/jazzy/opt/gz_ogre_next_vendor/lib:/opt/ros/jazzy/opt/gz_dartsim_vendor/lib:/opt/ros/jazzy/opt/gz_cmake_vendor/lib:/opt/ros/jazzy/lib', 'HOME': '/home/v1', 'CONDA_SHLVL': '0', 'OLDPWD': '/home/v1/Desktop/Beizo/arm_ws', 'DESKTOP_SESSION': 'ubuntu', 'ROS_PYTHON_VERSION': '3', 'GNOME_SHELL_SESSION_MODE': 'ubuntu', 'GTK_MODULES': 'gail:atk-bridge', 'SYSTEMD_EXEC_PID': '2955', 'GSM_SKIP_SSH_AGENT_WORKAROUND': 'true', 'DBUS_SESSION_BUS_ADDRESS': 'unix:path=/run/user/1000/bus', 'COLORTERM': 'truecolor', '_CE_M': '', '_CONDA_ROOT': '/home/v1/miniconda3', 'GNOME_KEYRING_CONTROL': '/run/user/1000/keyring', 'DEBUGINFOD_URLS': 'https://debuginfod.ubuntu.com', 'COLCON_PREFIX_PATH': '/home/v1/Desktop/Beizo/arm_ws/install', 'ROS_DISTRO': 'jazzy', 'LOGNAME': 'v1', '_': '/usr/bin/colcon', 'ROS_VERSION': '2', 'MEMORY_PRESSURE_WATCH': '/sys/fs/cgroup/user.slice/user-1000.slice/user@1000.service/session.slice/org.gnome.SettingsDaemon.MediaKeys.service/memory.pressure', 'XDG_SESSION_CLASS': 'user', 'USERNAME': 'v1', 'TERM': 'xterm-256color', 'GNOME_DESKTOP_SESSION_ID': 'this-is-deprecated', '_CE_CONDA': '', 'WINDOWPATH': '2', 'PATH': '/home/v1/.local/bin:/opt/ros/jazzy/opt/gz_msgs_vendor/bin:/opt/ros/jazzy/opt/gz_tools_vendor/bin:/opt/ros/jazzy/opt/gz_ogre_next_vendor/bin:/opt/ros/jazzy/bin:/home/v1/miniconda3/condabin:/home/v1/.local/bin:/usr/local/sbin:/usr/local/bin:/usr/sbin:/usr/bin:/sbin:/bin:/usr/games:/usr/local/games:/snap/bin:/snap/bin', 'SESSION_MANAGER': 'local/v1-HP:@/tmp/.ICE-unix/2804,unix/v1-HP:/tmp/.ICE-unix/2804', 'XDG_MENU_PREFIX': 'gnome-', 'GNOME_TERMINAL_SCREEN': '/org/gnome/Terminal/screen/3af61192_0f13_44b3_bb04_ef5b217560ca', 'XDG_RUNTIME_DIR': '/run/user/1000', 'DISPLAY': ':1', 'LANG': 'en_US.UTF-8', 'XDG_CURRENT_DESKTOP': 'ubuntu:GNOME', 'RMW_IMPLEMENTATION': 'rmw_cyclonedds_cpp', 'XMODIFIERS': '@im=ibus', 'XDG_SESSION_DESKTOP': 'ubuntu', 'XAUTHORITY': '/run/user/1000/gdm/Xauthority', 'LS_COLORS': 'rs=0:di=01;34:ln=01;36:mh=00:pi=40;33:so=01;35:do=01;35:bd=40;33;01:cd=40;33;01:or=40;31;01:mi=00:su=37;41:sg=30;43:ca=00:tw=30;42:ow=34;42:st=37;44:ex=01;32:*.tar=01;31:*.tgz=01;31:*.arc=01;31:*.arj=01;31:*.taz=01;31:*.lha=01;31:*.lz4=01;31:*.lzh=01;31:*.lzma=01;31:*.tlz=01;31:*.txz=01;31:*.tzo=01;31:*.t7z=01;31:*.zip=01;31:*.z=01;31:*.dz=01;31:*.gz=01;31:*.lrz=01;31:*.lz=01;31:*.lzo=01;31:*.xz=01;31:*.zst=01;31:*.tzst=01;31:*.bz2=01;31:*.bz=01;31:*.tbz=01;31:*.tbz2=01;31:*.tz=01;31:*.deb=01;31:*.rpm=01;31:*.jar=01;31:*.war=01;31:*.ear=01;31:*.sar=01;31:*.rar=01;31:*.alz=01;31:*.ace=01;31:*.zoo=01;31:*.cpio=01;31:*.7z=01;31:*.rz=01;31:*.cab=01;31:*.wim=01;31:*.swm=01;31:*.dwm=01;31:*.esd=01;31:*.avif=01;35:*.jpg=01;35:*.jpeg=01;35:*.mjpg=01;35:*.mjpeg=01;35:*.gif=01;35:*.bmp=01;35:*.pbm=01;35:*.pgm=01;35:*.ppm=01;35:*.tga=01;35:*.xbm=01;35:*.xpm=01;35:*.tif=01;35:*.tiff=01;35:*.png=01;35:*.svg=01;35:*.svgz=01;35:*.mng=01;35:*.pcx=01;35:*.mov=01;35:*.mpg=01;35:*.mpeg=01;35:*.m2v=01;35:*.mkv=01;35:*.webm=01;35:*.webp=01;35:*.ogm=01;35:*.mp4=01;35:*.m4v=01;35:*.mp4v=01;35:*.vob=01;35:*.qt=01;35:*.nuv=01;35:*.wmv=01;35:*.asf=01;35:*.rm=01;35:*.rmvb=01;35:*.flc=01;35:*.avi=01;35:*.fli=01;35:*.flv=01;35:*.gl=01;35:*.dl=01;35:*.xcf=01;35:*.xwd=01;35:*.yuv=01;35:*.cgm=01;35:*.emf=01;35:*.ogv=01;35:*.ogx=01;35:*.aac=00;36:*.au=00;36:*.flac=00;36:*.m4a=00;36:*.mid=00;36:*.midi=00;36:*.mka=00;36:*.mp3=00;36:*.mpc=00;36:*.ogg=00;36:*.ra=00;36:*.wav=00;36:*.oga=00;36:*.opus=00;36:*.spx=00;36:*.xspf=00;36:*~=00;90:*#=00;90:*.bak=00;90:*.crdownload=00;90:*.dpkg-dist=00;90:*.dpkg-new=00;90:*.dpkg-old=00;90:*.dpkg-tmp=00;90:*.old=00;90:*.orig=00;90:*.part=00;90:*.rej=00;90:*.rpmnew=00;90:*.rpmorig=00;90:*.rpmsave=00;90:*.swp=00;90:*.tmp=00;90:*.ucf-dist=00;90:*.ucf-new=00;90:*.ucf-old=00;90:', 'GNOME_TERMINAL_SERVICE': ':1.616', 'SSH_AUTH_SOCK': '/run/user/1000/keyring/ssh', 'AMENT_PREFIX_PATH': '/home/v1/Desktop/Beizo/arm_ws/install/roarm_moveit_cmd:/home/v1/Desktop/Beizo/arm_ws/install/roarm_msgs:/home/v1/Desktop/Beizo/arm_ws/install/roarm_moveit_config:/home/v1/Desktop/Beizo/arm_ws/install/roarm_driver:/home/v1/Desktop/Beizo/arm_ws/install/roarm_description:/opt/ros/jazzy', 'CONDA_PYTHON_EXE': '/home/v1/miniconda3/bin/python', 'SHELL': '/bin/bash', 'QT_ACCESSIBILITY': '1', 'GDMSESSION': 'ubuntu', 'LESSCLOSE': '/usr/bin/lesspipe %s %s', 'CONDA_DEFAULT_ENV': '', 'GPG_AGENT_INFO': '/run/user/1000/gnupg/S.gpg-agent:0:1', '_CONDA_EXE': '/home/v1/miniconda3/bin/conda', 'ROS_AUTOMATIC_DISCOVERY_RANGE': 'SUBNET', 'QT_IM_MODULE': 'ibus', 'PWD': '/home/v1/Desktop/Beizo/arm_ws/build/roarm_moveit_cmd', 'LC_ALL': 'en_US.UTF-8', 'XDG_CONFIG_DIRS': '/etc/xdg/xdg-ubuntu:/etc/xdg', 'CONDA_EXE': '/home/v1/miniconda3/bin/conda', 'XDG_DATA_DIRS': '/usr/share/ubuntu:/usr/share/gnome:/usr/local/share/:/usr/share/:/var/lib/snapd/desktop', 'PYTHONPATH': '/home/v1/Desktop/Beizo/arm_ws/build/roarm_moveit_cmd/prefix_override:/usr/lib/python3/dist-packages/colcon_core/task/python/colcon_distutils_commands:/home/v1/Desktop/Beizo/arm_ws/install/roarm_moveit_cmd/lib/python3.12/site-packages:/home/v1/Desktop/Beizo/arm_ws/install/roarm_msgs/lib/python3.12/site-packages:/home/v1/Desktop/Beizo/arm_ws/install/roarm_moveit_cmd/lib/python3.12/site-packages:/home/v1/Desktop/Beizo/arm_ws/install/roarm_driver/lib/python3.12/site-packages:/home/v1/Desktop/Beizo/arm_ws/install/roarm_description/lib/python3.12/site-packages:/opt/ros/jazzy/lib/python3.12/site-packages', 'CONDA_PREFIX': '', 'COLCON': '1', 'MEMORY_PRESSURE_WRITE': 'c29tZSAyMDAwMDAgMjAwMDAwMAA=', 'VTE_VERSION': '7600', 'CMAKE_PREFIX_PATH': '/home/v1/Desktop/Beizo/arm_ws/install/roarm_msgs:/home/v1/Desktop/Beizo/arm_ws/install/roarm_moveit_config:/opt/ros/jazzy/opt/gz_sim_vendor:/opt/ros/jazzy/opt/gz_sensors_vendor:/opt/ros/jazzy/opt/gz_physics_vendor:/opt/ros/jazzy/opt/sdformat_vendor:/opt/ros/jazzy/opt/gz_gui_vendor:/opt/ros/jazzy/opt/gz_transport_vendor:/opt/ros/jazzy/opt/gz_rendering_vendor:/opt/ros/jazzy/opt/gz_plugin_vendor:/opt/ros/jazzy/opt/gz_fuel_tools_vendor:/opt/ros/jazzy/opt/gz_msgs_vendor:/opt/ros/jazzy/opt/gz_common_vendor:/opt/ros/jazzy/opt/gz_math_vendor:/opt/ros/jazzy/opt/gz_utils_vendor:/opt/ros/jazzy/opt/gz_tools_vendor:/opt/ros/jazzy/opt/gz_ogre_next_vendor:/opt/ros/jazzy/opt/gz_dartsim_vendor:/opt/ros/jazzy/opt/gz_cmake_vendor'}, 'shell': False}
[12.347411] (-) TimerEvent: {}
[12.447652] (-) TimerEvent: {}
[12.547891] (-) TimerEvent: {}
[12.644960] (roarm_moveit_cmd) StdoutLine: {'line': b'running egg_info\n'}
[12.645328] (roarm_moveit_cmd) StdoutLine: {'line': b'creating ../../build/roarm_moveit_cmd/roarm_moveit_cmd.egg-info\n'}
[12.647975] (-) TimerEvent: {}
[12.680279] (roarm_moveit_cmd) StdoutLine: {'line': b'writing ../../build/roarm_moveit_cmd/roarm_moveit_cmd.egg-info/PKG-INFO\n'}
[12.680939] (roarm_moveit_cmd) StdoutLine: {'line': b'writing dependency_links to ../../build/roarm_moveit_cmd/roarm_moveit_cmd.egg-info/dependency_links.txt\n'}
[12.681568] (roarm_moveit_cmd) StdoutLine: {'line': b'writing entry points to ../../build/roarm_moveit_cmd/roarm_moveit_cmd.egg-info/entry_points.txt\n'}
[12.681654] (roarm_moveit_cmd) StdoutLine: {'line': b'writing requirements to ../../build/roarm_moveit_cmd/roarm_moveit_cmd.egg-info/requires.txt\n'}
[12.681729] (roarm_moveit_cmd) StdoutLine: {'line': b'writing top-level names to ../../build/roarm_moveit_cmd/roarm_moveit_cmd.egg-info/top_level.txt\n'}
[12.681801] (roarm_moveit_cmd) StdoutLine: {'line': b"writing manifest file '../../build/roarm_moveit_cmd/roarm_moveit_cmd.egg-info/SOURCES.txt'\n"}
[12.748094] (-) TimerEvent: {}
[12.752752] (roarm_moveit_cmd) StdoutLine: {'line': b"reading manifest file '../../build/roarm_moveit_cmd/roarm_moveit_cmd.egg-info/SOURCES.txt'\n"}
[12.753405] (roarm_moveit_cmd) StdoutLine: {'line': b"writing manifest file '../../build/roarm_moveit_cmd/roarm_moveit_cmd.egg-info/SOURCES.txt'\n"}
[12.753573] (roarm_moveit_cmd) StdoutLine: {'line': b'running build\n'}
[12.753723] (roarm_moveit_cmd) StdoutLine: {'line': b'running build_py\n'}
[12.753855] (roarm_moveit_cmd) StdoutLine: {'line': b'creating /home/v1/Desktop/Beizo/arm_ws/build/roarm_moveit_cmd/build\n'}
[12.754111] (roarm_moveit_cmd) StdoutLine: {'line': b'creating /home/v1/Desktop/Beizo/arm_ws/build/roarm_moveit_cmd/build/lib\n'}
[12.754227] (roarm_moveit_cmd) StdoutLine: {'line': b'creating /home/v1/Desktop/Beizo/arm_ws/build/roarm_moveit_cmd/build/lib/roarm_moveit_cmd\n'}
[12.754316] (roarm_moveit_cmd) StdoutLine: {'line': b'copying roarm_moveit_cmd/xyz_control.py -> /home/v1/Desktop/Beizo/arm_ws/build/roarm_moveit_cmd/build/lib/roarm_moveit_cmd\n'}
[12.754444] (roarm_moveit_cmd) StdoutLine: {'line': b'copying roarm_moveit_cmd/__init__.py -> /home/v1/Desktop/Beizo/arm_ws/build/roarm_moveit_cmd/build/lib/roarm_moveit_cmd\n'}
[12.754614] (roarm_moveit_cmd) StdoutLine: {'line': b'running install\n'}
[12.763781] (roarm_moveit_cmd) StdoutLine: {'line': b'running install_lib\n'}
[12.799252] (roarm_moveit_cmd) StdoutLine: {'line': b'creating /home/v1/Desktop/Beizo/arm_ws/install/roarm_moveit_cmd/lib/python3.12/site-packages/roarm_moveit_cmd\n'}
[12.799453] (roarm_moveit_cmd) StdoutLine: {'line': b'copying /home/v1/Desktop/Beizo/arm_ws/build/roarm_moveit_cmd/build/lib/roarm_moveit_cmd/xyz_control.py -> /home/v1/Desktop/Beizo/arm_ws/install/roarm_moveit_cmd/lib/python3.12/site-packages/roarm_moveit_cmd\n'}
[12.799648] (roarm_moveit_cmd) StdoutLine: {'line': b'copying /home/v1/Desktop/Beizo/arm_ws/build/roarm_moveit_cmd/build/lib/roarm_moveit_cmd/__init__.py -> /home/v1/Desktop/Beizo/arm_ws/install/roarm_moveit_cmd/lib/python3.12/site-packages/roarm_moveit_cmd\n'}
[12.800025] (roarm_moveit_cmd) StdoutLine: {'line': b'byte-compiling /home/v1/Desktop/Beizo/arm_ws/install/roarm_moveit_cmd/lib/python3.12/site-packages/roarm_moveit_cmd/xyz_control.py to xyz_control.cpython-312.pyc\n'}
[12.802681] (roarm_moveit_cmd) StdoutLine: {'line': b'byte-compiling /home/v1/Desktop/Beizo/arm_ws/install/roarm_moveit_cmd/lib/python3.12/site-packages/roarm_moveit_cmd/__init__.py to __init__.cpython-312.pyc\n'}
[12.802927] (roarm_moveit_cmd) StdoutLine: {'line': b'running install_data\n'}
[12.803089] (roarm_moveit_cmd) StdoutLine: {'line': b'creating /home/v1/Desktop/Beizo/arm_ws/install/roarm_moveit_cmd/share/ament_index\n'}
[12.803216] (roarm_moveit_cmd) StdoutLine: {'line': b'creating /home/v1/Desktop/Beizo/arm_ws/install/roarm_moveit_cmd/share/ament_index/resource_index\n'}
[12.803349] (roarm_moveit_cmd) StdoutLine: {'line': b'creating /home/v1/Desktop/Beizo/arm_ws/install/roarm_moveit_cmd/share/ament_index/resource_index/packages\n'}
[12.803442] (roarm_moveit_cmd) StdoutLine: {'line': b'copying resource/roarm_moveit_cmd -> /home/v1/Desktop/Beizo/arm_ws/install/roarm_moveit_cmd/share/ament_index/resource_index/packages\n'}
[12.803524] (roarm_moveit_cmd) StdoutLine: {'line': b'copying package.xml -> /home/v1/Desktop/Beizo/arm_ws/install/roarm_moveit_cmd/share/roarm_moveit_cmd\n'}
[12.803647] (roarm_moveit_cmd) StdoutLine: {'line': b'running install_egg_info\n'}
[12.843883] (roarm_moveit_cmd) StdoutLine: {'line': b'Copying ../../build/roarm_moveit_cmd/roarm_moveit_cmd.egg-info to /home/v1/Desktop/Beizo/arm_ws/install/roarm_moveit_cmd/lib/python3.12/site-packages/roarm_moveit_cmd-0.0.0-py3.12.egg-info\n'}
[12.846067] (roarm_moveit_cmd) StdoutLine: {'line': b'running install_scripts\n'}
[12.848162] (-) TimerEvent: {}
[12.948375] (-) TimerEvent: {}
[13.048614] (-) TimerEvent: {}
[13.056869] (roarm_moveit_cmd) StdoutLine: {'line': b'Installing xyz_control script to /home/v1/Desktop/Beizo/arm_ws/install/roarm_moveit_cmd/lib/roarm_moveit_cmd\n'}
[13.057201] (roarm_moveit_cmd) StdoutLine: {'line': b"writing list of installed files to '/home/v1/Desktop/Beizo/arm_ws/build/roarm_moveit_cmd/install.log'\n"}
[13.101930] (roarm_moveit_cmd) CommandEnded: {'returncode': 0}
[13.109242] (roarm_moveit_cmd) JobEnded: {'identifier': 'roarm_moveit_cmd', 'rc': 0}
[13.109850] (-) EventReactorShutdown: {}
