[0.000000] (-) TimerEvent: {}
[0.000709] (roarm_description) JobQueued: {'identifier': 'roarm_description', 'dependencies': OrderedDict()}
[0.000772] (roarm_driver) JobQueued: {'identifier': 'roarm_driver', 'dependencies': OrderedDict()}
[0.000826] (roarm_msgs) JobQueued: {'identifier': 'roarm_msgs', 'dependencies': OrderedDict()}
[0.000942] (roarm_moveit_cmd) JobQueued: {'identifier': 'roarm_moveit_cmd', 'dependencies': OrderedDict({'roarm_msgs': '/home/v1/Desktop/Beizo/arm_ws/install/roarm_msgs'})}
[0.000983] (roarm_moveit_config) JobQueued: {'identifier': 'roarm_moveit_config', 'dependencies': OrderedDict({'roarm_description': '/home/v1/Desktop/Beizo/arm_ws/install/roarm_description'})}
[0.001007] (roarm_description) JobStarted: {'identifier': 'roarm_description'}
[0.011895] (roarm_msgs) JobStarted: {'identifier': 'roarm_msgs'}
[0.016592] (roarm_driver) JobStarted: {'identifier': 'roarm_driver'}
[0.099851] (-) TimerEvent: {}
[0.200055] (-) TimerEvent: {}
[0.300362] (-) TimerEvent: {}
[0.319309] (roarm_msgs) JobProgress: {'identifier': 'roarm_msgs', 'progress': 'cmake'}
[0.320404] (roarm_msgs) Command: {'cmd': ['/usr/bin/cmake', '/home/v1/Desktop/Beizo/arm_ws/src/roarm_msgs', '-DCMAKE_INSTALL_PREFIX=/home/v1/Desktop/Beizo/arm_ws/install/roarm_msgs'], 'cwd': '/home/v1/Desktop/Beizo/arm_ws/build/roarm_msgs', 'env': OrderedDict({'LESSOPEN': '| /usr/bin/lesspipe %s', 'CONDA_PROMPT_MODIFIER': '', 'USER': 'v1', 'GZ_CONFIG_PATH': '/opt/ros/jazzy/opt/gz_sim_vendor/share/gz:/opt/ros/jazzy/opt/sdformat_vendor/share/gz:/opt/ros/jazzy/opt/gz_gui_vendor/share/gz:/opt/ros/jazzy/opt/gz_transport_vendor/share/gz:/opt/ros/jazzy/opt/gz_rendering_vendor/share/gz:/opt/ros/jazzy/opt/gz_plugin_vendor/share/gz:/opt/ros/jazzy/opt/gz_fuel_tools_vendor/share/gz:/opt/ros/jazzy/opt/gz_msgs_vendor/share/gz:/opt/ros/jazzy/opt/gz_common_vendor/share/gz', 'XDG_SESSION_TYPE': 'x11', 'SHLVL': '1', 'LD_LIBRARY_PATH': '/home/v1/Desktop/Beizo/arm_ws/install/roarm_msgs/lib:/opt/ros/jazzy/opt/gz_sim_vendor/lib:/opt/ros/jazzy/opt/gz_sensors_vendor/lib:/opt/ros/jazzy/opt/gz_physics_vendor/lib:/opt/ros/jazzy/opt/sdformat_vendor/lib:/opt/ros/jazzy/opt/rviz_ogre_vendor/lib:/opt/ros/jazzy/lib/x86_64-linux-gnu:/opt/ros/jazzy/opt/gz_gui_vendor/lib:/opt/ros/jazzy/opt/gz_transport_vendor/lib:/opt/ros/jazzy/opt/gz_rendering_vendor/lib:/opt/ros/jazzy/opt/gz_plugin_vendor/lib:/opt/ros/jazzy/opt/gz_fuel_tools_vendor/lib:/opt/ros/jazzy/opt/gz_msgs_vendor/lib:/opt/ros/jazzy/opt/gz_common_vendor/lib:/opt/ros/jazzy/opt/gz_math_vendor/lib:/opt/ros/jazzy/opt/gz_utils_vendor/lib:/opt/ros/jazzy/opt/gz_tools_vendor/lib:/opt/ros/jazzy/opt/gz_ogre_next_vendor/lib:/opt/ros/jazzy/opt/gz_dartsim_vendor/lib:/opt/ros/jazzy/opt/gz_cmake_vendor/lib:/opt/ros/jazzy/lib', 'HOME': '/home/v1', 'CONDA_SHLVL': '0', 'OLDPWD': '/home/v1/Desktop/Beizo/arm_ws', 'DESKTOP_SESSION': 'ubuntu', 'ROS_PYTHON_VERSION': '3', 'GNOME_SHELL_SESSION_MODE': 'ubuntu', 'GTK_MODULES': 'gail:atk-bridge', 'DBUS_STARTER_BUS_TYPE': 'session', 'SYSTEMD_EXEC_PID': '2804', 'GSM_SKIP_SSH_AGENT_WORKAROUND': 'true', 'DBUS_SESSION_BUS_ADDRESS': 'unix:path=/run/user/1000/bus,guid=3ba906d04fd751587edc35ef69c00925', 'COLORTERM': 'truecolor', '_CE_M': '', '_CONDA_ROOT': '/home/v1/miniconda3', 'DEBUGINFOD_URLS': 'https://debuginfod.ubuntu.com', 'COLCON_PREFIX_PATH': '/home/v1/Desktop/Beizo/arm_ws/install', 'ROS_DISTRO': 'jazzy', 'LOGNAME': 'v1', '_': '/usr/bin/colcon', 'ROS_VERSION': '2', 'MEMORY_PRESSURE_WATCH': '/sys/fs/cgroup/user.slice/user-1000.slice/user@1000.service/app.slice/app-gnome\\x2dsession\\x2dmanager.slice/gnome-session-manager@ubuntu.service/memory.pressure', 'XDG_SESSION_CLASS': 'user', 'USERNAME': 'v1', 'TERM': 'xterm-256color', 'GNOME_DESKTOP_SESSION_ID': 'this-is-deprecated', '_CE_CONDA': '', 'WINDOWPATH': '2', 'PATH': '/home/v1/.local/bin:/opt/ros/jazzy/opt/gz_msgs_vendor/bin:/opt/ros/jazzy/opt/gz_tools_vendor/bin:/opt/ros/jazzy/opt/gz_ogre_next_vendor/bin:/opt/ros/jazzy/bin:/home/v1/miniconda3/condabin:/home/v1/.local/bin:/usr/local/sbin:/usr/local/bin:/usr/sbin:/usr/bin:/sbin:/bin:/usr/games:/usr/local/games:/snap/bin:/snap/bin', 'SESSION_MANAGER': 'local/v1-HP:@/tmp/.ICE-unix/2804,unix/v1-HP:/tmp/.ICE-unix/2804', 'XDG_MENU_PREFIX': 'gnome-', 'GNOME_TERMINAL_SCREEN': '/org/gnome/Terminal/screen/e1b9f660_fc67_4777_a564_ed89d225cadb', 'XDG_RUNTIME_DIR': '/run/user/1000', 'DISPLAY': ':1', 'LANG': 'en_US.UTF-8', 'XDG_CURRENT_DESKTOP': 'ubuntu:GNOME', 'RMW_IMPLEMENTATION': 'rmw_cyclonedds_cpp', 'XMODIFIERS': '@im=ibus', 'XDG_SESSION_DESKTOP': 'ubuntu', 'XAUTHORITY': '/run/user/1000/gdm/Xauthority', 'LS_COLORS': 'rs=0:di=01;34:ln=01;36:mh=00:pi=40;33:so=01;35:do=01;35:bd=40;33;01:cd=40;33;01:or=40;31;01:mi=00:su=37;41:sg=30;43:ca=00:tw=30;42:ow=34;42:st=37;44:ex=01;32:*.tar=01;31:*.tgz=01;31:*.arc=01;31:*.arj=01;31:*.taz=01;31:*.lha=01;31:*.lz4=01;31:*.lzh=01;31:*.lzma=01;31:*.tlz=01;31:*.txz=01;31:*.tzo=01;31:*.t7z=01;31:*.zip=01;31:*.z=01;31:*.dz=01;31:*.gz=01;31:*.lrz=01;31:*.lz=01;31:*.lzo=01;31:*.xz=01;31:*.zst=01;31:*.tzst=01;31:*.bz2=01;31:*.bz=01;31:*.tbz=01;31:*.tbz2=01;31:*.tz=01;31:*.deb=01;31:*.rpm=01;31:*.jar=01;31:*.war=01;31:*.ear=01;31:*.sar=01;31:*.rar=01;31:*.alz=01;31:*.ace=01;31:*.zoo=01;31:*.cpio=01;31:*.7z=01;31:*.rz=01;31:*.cab=01;31:*.wim=01;31:*.swm=01;31:*.dwm=01;31:*.esd=01;31:*.avif=01;35:*.jpg=01;35:*.jpeg=01;35:*.mjpg=01;35:*.mjpeg=01;35:*.gif=01;35:*.bmp=01;35:*.pbm=01;35:*.pgm=01;35:*.ppm=01;35:*.tga=01;35:*.xbm=01;35:*.xpm=01;35:*.tif=01;35:*.tiff=01;35:*.png=01;35:*.svg=01;35:*.svgz=01;35:*.mng=01;35:*.pcx=01;35:*.mov=01;35:*.mpg=01;35:*.mpeg=01;35:*.m2v=01;35:*.mkv=01;35:*.webm=01;35:*.webp=01;35:*.ogm=01;35:*.mp4=01;35:*.m4v=01;35:*.mp4v=01;35:*.vob=01;35:*.qt=01;35:*.nuv=01;35:*.wmv=01;35:*.asf=01;35:*.rm=01;35:*.rmvb=01;35:*.flc=01;35:*.avi=01;35:*.fli=01;35:*.flv=01;35:*.gl=01;35:*.dl=01;35:*.xcf=01;35:*.xwd=01;35:*.yuv=01;35:*.cgm=01;35:*.emf=01;35:*.ogv=01;35:*.ogx=01;35:*.aac=00;36:*.au=00;36:*.flac=00;36:*.m4a=00;36:*.mid=00;36:*.midi=00;36:*.mka=00;36:*.mp3=00;36:*.mpc=00;36:*.ogg=00;36:*.ra=00;36:*.wav=00;36:*.oga=00;36:*.opus=00;36:*.spx=00;36:*.xspf=00;36:*~=00;90:*#=00;90:*.bak=00;90:*.crdownload=00;90:*.dpkg-dist=00;90:*.dpkg-new=00;90:*.dpkg-old=00;90:*.dpkg-tmp=00;90:*.old=00;90:*.orig=00;90:*.part=00;90:*.rej=00;90:*.rpmnew=00;90:*.rpmorig=00;90:*.rpmsave=00;90:*.swp=00;90:*.tmp=00;90:*.ucf-dist=00;90:*.ucf-new=00;90:*.ucf-old=00;90:', 'GNOME_TERMINAL_SERVICE': ':1.616', 'SSH_AUTH_SOCK': '/run/user/1000/keyring/ssh', 'AMENT_PREFIX_PATH': '/home/v1/Desktop/Beizo/arm_ws/install/roarm_msgs:/home/v1/Desktop/Beizo/arm_ws/install/roarm_moveit_config:/home/v1/Desktop/Beizo/arm_ws/install/roarm_moveit_cmd:/home/v1/Desktop/Beizo/arm_ws/install/roarm_driver:/home/v1/Desktop/Beizo/arm_ws/install/roarm_description:/opt/ros/jazzy', 'CONDA_PYTHON_EXE': '/home/v1/miniconda3/bin/python', 'SHELL': '/bin/bash', 'QT_ACCESSIBILITY': '1', 'GDMSESSION': 'ubuntu', 'LESSCLOSE': '/usr/bin/lesspipe %s %s', 'CONDA_DEFAULT_ENV': '', 'GPG_AGENT_INFO': '/run/user/1000/gnupg/S.gpg-agent:0:1', '_CONDA_EXE': '/home/v1/miniconda3/bin/conda', 'ROS_AUTOMATIC_DISCOVERY_RANGE': 'SUBNET', 'QT_IM_MODULE': 'ibus', 'PWD': '/home/v1/Desktop/Beizo/arm_ws/build/roarm_msgs', 'LC_ALL': 'en_US.UTF-8', 'XDG_CONFIG_DIRS': '/etc/xdg/xdg-ubuntu:/etc/xdg', 'CONDA_EXE': '/home/v1/miniconda3/bin/conda', 'DBUS_STARTER_ADDRESS': 'unix:path=/run/user/1000/bus,guid=3ba906d04fd751587edc35ef69c00925', 'XDG_DATA_DIRS': '/usr/share/ubuntu:/usr/share/gnome:/usr/local/share/:/usr/share/:/var/lib/snapd/desktop', 'PYTHONPATH': '/home/v1/Desktop/Beizo/arm_ws/install/roarm_msgs/lib/python3.12/site-packages:/home/v1/Desktop/Beizo/arm_ws/install/roarm_moveit_cmd/lib/python3.12/site-packages:/home/v1/Desktop/Beizo/arm_ws/install/roarm_driver/lib/python3.12/site-packages:/home/v1/Desktop/Beizo/arm_ws/install/roarm_description/lib/python3.12/site-packages:/opt/ros/jazzy/lib/python3.12/site-packages', 'CONDA_PREFIX': '', 'COLCON': '1', 'MEMORY_PRESSURE_WRITE': 'c29tZSAyMDAwMDAgMjAwMDAwMAA=', 'VTE_VERSION': '7600', 'CMAKE_PREFIX_PATH': '/home/v1/Desktop/Beizo/arm_ws/install/roarm_msgs:/home/v1/Desktop/Beizo/arm_ws/install/roarm_moveit_config:/opt/ros/jazzy/opt/gz_sim_vendor:/opt/ros/jazzy/opt/gz_sensors_vendor:/opt/ros/jazzy/opt/gz_physics_vendor:/opt/ros/jazzy/opt/sdformat_vendor:/opt/ros/jazzy/opt/gz_gui_vendor:/opt/ros/jazzy/opt/gz_transport_vendor:/opt/ros/jazzy/opt/gz_rendering_vendor:/opt/ros/jazzy/opt/gz_plugin_vendor:/opt/ros/jazzy/opt/gz_fuel_tools_vendor:/opt/ros/jazzy/opt/gz_msgs_vendor:/opt/ros/jazzy/opt/gz_common_vendor:/opt/ros/jazzy/opt/gz_math_vendor:/opt/ros/jazzy/opt/gz_utils_vendor:/opt/ros/jazzy/opt/gz_tools_vendor:/opt/ros/jazzy/opt/gz_ogre_next_vendor:/opt/ros/jazzy/opt/gz_dartsim_vendor:/opt/ros/jazzy/opt/gz_cmake_vendor:/home/v1/Desktop/Beizo/arm_ws/install/roarm_moveit_cmd:/home/v1/Desktop/Beizo/arm_ws/install/roarm_driver:/home/v1/Desktop/Beizo/arm_ws/install/roarm_description:/opt/ros/jazzy'}), 'shell': False}
[0.381788] (roarm_msgs) StdoutLine: {'line': b'-- The C compiler identification is GNU 13.3.0\n'}
[0.400458] (-) TimerEvent: {}
[0.439828] (roarm_msgs) StdoutLine: {'line': b'-- The CXX compiler identification is GNU 13.3.0\n'}
[0.455106] (roarm_msgs) StdoutLine: {'line': b'-- Detecting C compiler ABI info\n'}
[0.500548] (-) TimerEvent: {}
[0.539726] (roarm_msgs) StdoutLine: {'line': b'-- Detecting C compiler ABI info - done\n'}
[0.550146] (roarm_msgs) StdoutLine: {'line': b'-- Check for working C compiler: /usr/bin/cc - skipped\n'}
[0.550427] (roarm_msgs) StdoutLine: {'line': b'-- Detecting C compile features\n'}
[0.550770] (roarm_msgs) StdoutLine: {'line': b'-- Detecting C compile features - done\n'}
[0.559862] (roarm_msgs) StdoutLine: {'line': b'-- Detecting CXX compiler ABI info\n'}
[0.600643] (-) TimerEvent: {}
[0.674114] (roarm_msgs) StdoutLine: {'line': b'-- Detecting CXX compiler ABI info - done\n'}
[0.685919] (roarm_msgs) StdoutLine: {'line': b'-- Check for working CXX compiler: /usr/bin/c++ - skipped\n'}
[0.686319] (roarm_msgs) StdoutLine: {'line': b'-- Detecting CXX compile features\n'}
[0.686990] (roarm_msgs) StdoutLine: {'line': b'-- Detecting CXX compile features - done\n'}
[0.691771] (roarm_msgs) StdoutLine: {'line': b'-- Found ament_cmake: 2.5.5 (/opt/ros/jazzy/share/ament_cmake/cmake)\n'}
[0.700746] (-) TimerEvent: {}
[0.801019] (-) TimerEvent: {}
[0.864516] (roarm_msgs) StdoutLine: {'line': b'-- Found Python3: /usr/bin/python3 (found version "3.12.3") found components: Interpreter \n'}
[0.901115] (-) TimerEvent: {}
[1.001388] (-) TimerEvent: {}
[1.007247] (roarm_msgs) StdoutLine: {'line': b'-- Found rosidl_default_generators: 1.6.0 (/opt/ros/jazzy/share/rosidl_default_generators/cmake)\n'}
[1.017921] (roarm_msgs) StdoutLine: {'line': b'-- Using all available rosidl_typesupport_c: rosidl_typesupport_fastrtps_c;rosidl_typesupport_introspection_c\n'}
[1.096040] (roarm_msgs) StdoutLine: {'line': b'-- Using all available rosidl_typesupport_cpp: rosidl_typesupport_fastrtps_cpp;rosidl_typesupport_introspection_cpp\n'}
[1.101514] (-) TimerEvent: {}
[1.159469] (roarm_msgs) StdoutLine: {'line': b'-- Found rosidl_adapter: 4.6.7 (/opt/ros/jazzy/share/rosidl_adapter/cmake)\n'}
[1.164579] (roarm_msgs) StdoutLine: {'line': b'-- Found ament_lint_auto: 0.17.4 (/opt/ros/jazzy/share/ament_lint_auto/cmake)\n'}
[1.201613] (-) TimerEvent: {}
[1.301910] (-) TimerEvent: {}
[1.402144] (-) TimerEvent: {}
[1.502458] (-) TimerEvent: {}
[1.602954] (-) TimerEvent: {}
[1.636767] (roarm_description) Command: {'cmd': ['/usr/bin/python3', '-W', 'ignore:setup.py install is deprecated', '-W', 'ignore:easy_install command is deprecated', 'setup.py', 'egg_info', '--egg-base', '../../build/roarm_description', 'build', '--build-base', '/home/v1/Desktop/Beizo/arm_ws/build/roarm_description/build', 'install', '--record', '/home/v1/Desktop/Beizo/arm_ws/build/roarm_description/install.log', '--single-version-externally-managed', 'install_data'], 'cwd': '/home/v1/Desktop/Beizo/arm_ws/src/roarm_description', 'env': {'LESSOPEN': '| /usr/bin/lesspipe %s', 'CONDA_PROMPT_MODIFIER': '', 'USER': 'v1', 'GZ_CONFIG_PATH': '/opt/ros/jazzy/opt/gz_sim_vendor/share/gz:/opt/ros/jazzy/opt/sdformat_vendor/share/gz:/opt/ros/jazzy/opt/gz_gui_vendor/share/gz:/opt/ros/jazzy/opt/gz_transport_vendor/share/gz:/opt/ros/jazzy/opt/gz_rendering_vendor/share/gz:/opt/ros/jazzy/opt/gz_plugin_vendor/share/gz:/opt/ros/jazzy/opt/gz_fuel_tools_vendor/share/gz:/opt/ros/jazzy/opt/gz_msgs_vendor/share/gz:/opt/ros/jazzy/opt/gz_common_vendor/share/gz', 'XDG_SESSION_TYPE': 'x11', 'SHLVL': '1', 'LD_LIBRARY_PATH': '/home/v1/Desktop/Beizo/arm_ws/install/roarm_msgs/lib:/opt/ros/jazzy/opt/gz_sim_vendor/lib:/opt/ros/jazzy/opt/gz_sensors_vendor/lib:/opt/ros/jazzy/opt/gz_physics_vendor/lib:/opt/ros/jazzy/opt/sdformat_vendor/lib:/opt/ros/jazzy/opt/rviz_ogre_vendor/lib:/opt/ros/jazzy/lib/x86_64-linux-gnu:/opt/ros/jazzy/opt/gz_gui_vendor/lib:/opt/ros/jazzy/opt/gz_transport_vendor/lib:/opt/ros/jazzy/opt/gz_rendering_vendor/lib:/opt/ros/jazzy/opt/gz_plugin_vendor/lib:/opt/ros/jazzy/opt/gz_fuel_tools_vendor/lib:/opt/ros/jazzy/opt/gz_msgs_vendor/lib:/opt/ros/jazzy/opt/gz_common_vendor/lib:/opt/ros/jazzy/opt/gz_math_vendor/lib:/opt/ros/jazzy/opt/gz_utils_vendor/lib:/opt/ros/jazzy/opt/gz_tools_vendor/lib:/opt/ros/jazzy/opt/gz_ogre_next_vendor/lib:/opt/ros/jazzy/opt/gz_dartsim_vendor/lib:/opt/ros/jazzy/opt/gz_cmake_vendor/lib:/opt/ros/jazzy/lib', 'HOME': '/home/v1', 'CONDA_SHLVL': '0', 'OLDPWD': '/home/v1/Desktop/Beizo/arm_ws', 'DESKTOP_SESSION': 'ubuntu', 'ROS_PYTHON_VERSION': '3', 'GNOME_SHELL_SESSION_MODE': 'ubuntu', 'GTK_MODULES': 'gail:atk-bridge', 'DBUS_STARTER_BUS_TYPE': 'session', 'SYSTEMD_EXEC_PID': '2804', 'GSM_SKIP_SSH_AGENT_WORKAROUND': 'true', 'DBUS_SESSION_BUS_ADDRESS': 'unix:path=/run/user/1000/bus,guid=3ba906d04fd751587edc35ef69c00925', 'COLORTERM': 'truecolor', '_CE_M': '', '_CONDA_ROOT': '/home/v1/miniconda3', 'DEBUGINFOD_URLS': 'https://debuginfod.ubuntu.com', 'COLCON_PREFIX_PATH': '/home/v1/Desktop/Beizo/arm_ws/install', 'ROS_DISTRO': 'jazzy', 'LOGNAME': 'v1', '_': '/usr/bin/colcon', 'ROS_VERSION': '2', 'MEMORY_PRESSURE_WATCH': '/sys/fs/cgroup/user.slice/user-1000.slice/user@1000.service/app.slice/app-gnome\\x2dsession\\x2dmanager.slice/gnome-session-manager@ubuntu.service/memory.pressure', 'XDG_SESSION_CLASS': 'user', 'USERNAME': 'v1', 'TERM': 'xterm-256color', 'GNOME_DESKTOP_SESSION_ID': 'this-is-deprecated', '_CE_CONDA': '', 'WINDOWPATH': '2', 'PATH': '/home/v1/.local/bin:/opt/ros/jazzy/opt/gz_msgs_vendor/bin:/opt/ros/jazzy/opt/gz_tools_vendor/bin:/opt/ros/jazzy/opt/gz_ogre_next_vendor/bin:/opt/ros/jazzy/bin:/home/v1/miniconda3/condabin:/home/v1/.local/bin:/usr/local/sbin:/usr/local/bin:/usr/sbin:/usr/bin:/sbin:/bin:/usr/games:/usr/local/games:/snap/bin:/snap/bin', 'SESSION_MANAGER': 'local/v1-HP:@/tmp/.ICE-unix/2804,unix/v1-HP:/tmp/.ICE-unix/2804', 'XDG_MENU_PREFIX': 'gnome-', 'GNOME_TERMINAL_SCREEN': '/org/gnome/Terminal/screen/e1b9f660_fc67_4777_a564_ed89d225cadb', 'XDG_RUNTIME_DIR': '/run/user/1000', 'DISPLAY': ':1', 'LANG': 'en_US.UTF-8', 'XDG_CURRENT_DESKTOP': 'ubuntu:GNOME', 'RMW_IMPLEMENTATION': 'rmw_cyclonedds_cpp', 'XMODIFIERS': '@im=ibus', 'XDG_SESSION_DESKTOP': 'ubuntu', 'XAUTHORITY': '/run/user/1000/gdm/Xauthority', 'LS_COLORS': 'rs=0:di=01;34:ln=01;36:mh=00:pi=40;33:so=01;35:do=01;35:bd=40;33;01:cd=40;33;01:or=40;31;01:mi=00:su=37;41:sg=30;43:ca=00:tw=30;42:ow=34;42:st=37;44:ex=01;32:*.tar=01;31:*.tgz=01;31:*.arc=01;31:*.arj=01;31:*.taz=01;31:*.lha=01;31:*.lz4=01;31:*.lzh=01;31:*.lzma=01;31:*.tlz=01;31:*.txz=01;31:*.tzo=01;31:*.t7z=01;31:*.zip=01;31:*.z=01;31:*.dz=01;31:*.gz=01;31:*.lrz=01;31:*.lz=01;31:*.lzo=01;31:*.xz=01;31:*.zst=01;31:*.tzst=01;31:*.bz2=01;31:*.bz=01;31:*.tbz=01;31:*.tbz2=01;31:*.tz=01;31:*.deb=01;31:*.rpm=01;31:*.jar=01;31:*.war=01;31:*.ear=01;31:*.sar=01;31:*.rar=01;31:*.alz=01;31:*.ace=01;31:*.zoo=01;31:*.cpio=01;31:*.7z=01;31:*.rz=01;31:*.cab=01;31:*.wim=01;31:*.swm=01;31:*.dwm=01;31:*.esd=01;31:*.avif=01;35:*.jpg=01;35:*.jpeg=01;35:*.mjpg=01;35:*.mjpeg=01;35:*.gif=01;35:*.bmp=01;35:*.pbm=01;35:*.pgm=01;35:*.ppm=01;35:*.tga=01;35:*.xbm=01;35:*.xpm=01;35:*.tif=01;35:*.tiff=01;35:*.png=01;35:*.svg=01;35:*.svgz=01;35:*.mng=01;35:*.pcx=01;35:*.mov=01;35:*.mpg=01;35:*.mpeg=01;35:*.m2v=01;35:*.mkv=01;35:*.webm=01;35:*.webp=01;35:*.ogm=01;35:*.mp4=01;35:*.m4v=01;35:*.mp4v=01;35:*.vob=01;35:*.qt=01;35:*.nuv=01;35:*.wmv=01;35:*.asf=01;35:*.rm=01;35:*.rmvb=01;35:*.flc=01;35:*.avi=01;35:*.fli=01;35:*.flv=01;35:*.gl=01;35:*.dl=01;35:*.xcf=01;35:*.xwd=01;35:*.yuv=01;35:*.cgm=01;35:*.emf=01;35:*.ogv=01;35:*.ogx=01;35:*.aac=00;36:*.au=00;36:*.flac=00;36:*.m4a=00;36:*.mid=00;36:*.midi=00;36:*.mka=00;36:*.mp3=00;36:*.mpc=00;36:*.ogg=00;36:*.ra=00;36:*.wav=00;36:*.oga=00;36:*.opus=00;36:*.spx=00;36:*.xspf=00;36:*~=00;90:*#=00;90:*.bak=00;90:*.crdownload=00;90:*.dpkg-dist=00;90:*.dpkg-new=00;90:*.dpkg-old=00;90:*.dpkg-tmp=00;90:*.old=00;90:*.orig=00;90:*.part=00;90:*.rej=00;90:*.rpmnew=00;90:*.rpmorig=00;90:*.rpmsave=00;90:*.swp=00;90:*.tmp=00;90:*.ucf-dist=00;90:*.ucf-new=00;90:*.ucf-old=00;90:', 'GNOME_TERMINAL_SERVICE': ':1.616', 'SSH_AUTH_SOCK': '/run/user/1000/keyring/ssh', 'AMENT_PREFIX_PATH': '/home/v1/Desktop/Beizo/arm_ws/install/roarm_msgs:/home/v1/Desktop/Beizo/arm_ws/install/roarm_moveit_config:/home/v1/Desktop/Beizo/arm_ws/install/roarm_moveit_cmd:/home/v1/Desktop/Beizo/arm_ws/install/roarm_driver:/home/v1/Desktop/Beizo/arm_ws/install/roarm_description:/opt/ros/jazzy', 'CONDA_PYTHON_EXE': '/home/v1/miniconda3/bin/python', 'SHELL': '/bin/bash', 'QT_ACCESSIBILITY': '1', 'GDMSESSION': 'ubuntu', 'LESSCLOSE': '/usr/bin/lesspipe %s %s', 'CONDA_DEFAULT_ENV': '', 'GPG_AGENT_INFO': '/run/user/1000/gnupg/S.gpg-agent:0:1', '_CONDA_EXE': '/home/v1/miniconda3/bin/conda', 'ROS_AUTOMATIC_DISCOVERY_RANGE': 'SUBNET', 'QT_IM_MODULE': 'ibus', 'PWD': '/home/v1/Desktop/Beizo/arm_ws/build/roarm_description', 'LC_ALL': 'en_US.UTF-8', 'XDG_CONFIG_DIRS': '/etc/xdg/xdg-ubuntu:/etc/xdg', 'CONDA_EXE': '/home/v1/miniconda3/bin/conda', 'DBUS_STARTER_ADDRESS': 'unix:path=/run/user/1000/bus,guid=3ba906d04fd751587edc35ef69c00925', 'XDG_DATA_DIRS': '/usr/share/ubuntu:/usr/share/gnome:/usr/local/share/:/usr/share/:/var/lib/snapd/desktop', 'PYTHONPATH': '/home/v1/Desktop/Beizo/arm_ws/build/roarm_description/prefix_override:/usr/lib/python3/dist-packages/colcon_core/task/python/colcon_distutils_commands:/home/v1/Desktop/Beizo/arm_ws/install/roarm_description/lib/python3.12/site-packages:/home/v1/Desktop/Beizo/arm_ws/install/roarm_msgs/lib/python3.12/site-packages:/home/v1/Desktop/Beizo/arm_ws/install/roarm_moveit_cmd/lib/python3.12/site-packages:/home/v1/Desktop/Beizo/arm_ws/install/roarm_driver/lib/python3.12/site-packages:/home/v1/Desktop/Beizo/arm_ws/install/roarm_description/lib/python3.12/site-packages:/opt/ros/jazzy/lib/python3.12/site-packages', 'CONDA_PREFIX': '', 'COLCON': '1', 'MEMORY_PRESSURE_WRITE': 'c29tZSAyMDAwMDAgMjAwMDAwMAA=', 'VTE_VERSION': '7600', 'CMAKE_PREFIX_PATH': '/home/v1/Desktop/Beizo/arm_ws/install/roarm_msgs:/home/v1/Desktop/Beizo/arm_ws/install/roarm_moveit_config:/opt/ros/jazzy/opt/gz_sim_vendor:/opt/ros/jazzy/opt/gz_sensors_vendor:/opt/ros/jazzy/opt/gz_physics_vendor:/opt/ros/jazzy/opt/sdformat_vendor:/opt/ros/jazzy/opt/gz_gui_vendor:/opt/ros/jazzy/opt/gz_transport_vendor:/opt/ros/jazzy/opt/gz_rendering_vendor:/opt/ros/jazzy/opt/gz_plugin_vendor:/opt/ros/jazzy/opt/gz_fuel_tools_vendor:/opt/ros/jazzy/opt/gz_msgs_vendor:/opt/ros/jazzy/opt/gz_common_vendor:/opt/ros/jazzy/opt/gz_math_vendor:/opt/ros/jazzy/opt/gz_utils_vendor:/opt/ros/jazzy/opt/gz_tools_vendor:/opt/ros/jazzy/opt/gz_ogre_next_vendor:/opt/ros/jazzy/opt/gz_dartsim_vendor:/opt/ros/jazzy/opt/gz_cmake_vendor'}, 'shell': False}
[1.644079] (roarm_driver) Command: {'cmd': ['/usr/bin/python3', '-W', 'ignore:setup.py install is deprecated', '-W', 'ignore:easy_install command is deprecated', 'setup.py', 'egg_info', '--egg-base', '../../build/roarm_driver', 'build', '--build-base', '/home/v1/Desktop/Beizo/arm_ws/build/roarm_driver/build', 'install', '--record', '/home/v1/Desktop/Beizo/arm_ws/build/roarm_driver/install.log', '--single-version-externally-managed', 'install_data'], 'cwd': '/home/v1/Desktop/Beizo/arm_ws/src/roarm_driver', 'env': {'LESSOPEN': '| /usr/bin/lesspipe %s', 'CONDA_PROMPT_MODIFIER': '', 'USER': 'v1', 'GZ_CONFIG_PATH': '/opt/ros/jazzy/opt/gz_sim_vendor/share/gz:/opt/ros/jazzy/opt/sdformat_vendor/share/gz:/opt/ros/jazzy/opt/gz_gui_vendor/share/gz:/opt/ros/jazzy/opt/gz_transport_vendor/share/gz:/opt/ros/jazzy/opt/gz_rendering_vendor/share/gz:/opt/ros/jazzy/opt/gz_plugin_vendor/share/gz:/opt/ros/jazzy/opt/gz_fuel_tools_vendor/share/gz:/opt/ros/jazzy/opt/gz_msgs_vendor/share/gz:/opt/ros/jazzy/opt/gz_common_vendor/share/gz', 'XDG_SESSION_TYPE': 'x11', 'SHLVL': '1', 'LD_LIBRARY_PATH': '/home/v1/Desktop/Beizo/arm_ws/install/roarm_msgs/lib:/opt/ros/jazzy/opt/gz_sim_vendor/lib:/opt/ros/jazzy/opt/gz_sensors_vendor/lib:/opt/ros/jazzy/opt/gz_physics_vendor/lib:/opt/ros/jazzy/opt/sdformat_vendor/lib:/opt/ros/jazzy/opt/rviz_ogre_vendor/lib:/opt/ros/jazzy/lib/x86_64-linux-gnu:/opt/ros/jazzy/opt/gz_gui_vendor/lib:/opt/ros/jazzy/opt/gz_transport_vendor/lib:/opt/ros/jazzy/opt/gz_rendering_vendor/lib:/opt/ros/jazzy/opt/gz_plugin_vendor/lib:/opt/ros/jazzy/opt/gz_fuel_tools_vendor/lib:/opt/ros/jazzy/opt/gz_msgs_vendor/lib:/opt/ros/jazzy/opt/gz_common_vendor/lib:/opt/ros/jazzy/opt/gz_math_vendor/lib:/opt/ros/jazzy/opt/gz_utils_vendor/lib:/opt/ros/jazzy/opt/gz_tools_vendor/lib:/opt/ros/jazzy/opt/gz_ogre_next_vendor/lib:/opt/ros/jazzy/opt/gz_dartsim_vendor/lib:/opt/ros/jazzy/opt/gz_cmake_vendor/lib:/opt/ros/jazzy/lib', 'HOME': '/home/v1', 'CONDA_SHLVL': '0', 'OLDPWD': '/home/v1/Desktop/Beizo/arm_ws', 'DESKTOP_SESSION': 'ubuntu', 'ROS_PYTHON_VERSION': '3', 'GNOME_SHELL_SESSION_MODE': 'ubuntu', 'GTK_MODULES': 'gail:atk-bridge', 'DBUS_STARTER_BUS_TYPE': 'session', 'SYSTEMD_EXEC_PID': '2804', 'GSM_SKIP_SSH_AGENT_WORKAROUND': 'true', 'DBUS_SESSION_BUS_ADDRESS': 'unix:path=/run/user/1000/bus,guid=3ba906d04fd751587edc35ef69c00925', 'COLORTERM': 'truecolor', '_CE_M': '', '_CONDA_ROOT': '/home/v1/miniconda3', 'DEBUGINFOD_URLS': 'https://debuginfod.ubuntu.com', 'COLCON_PREFIX_PATH': '/home/v1/Desktop/Beizo/arm_ws/install', 'ROS_DISTRO': 'jazzy', 'LOGNAME': 'v1', '_': '/usr/bin/colcon', 'ROS_VERSION': '2', 'MEMORY_PRESSURE_WATCH': '/sys/fs/cgroup/user.slice/user-1000.slice/user@1000.service/app.slice/app-gnome\\x2dsession\\x2dmanager.slice/gnome-session-manager@ubuntu.service/memory.pressure', 'XDG_SESSION_CLASS': 'user', 'USERNAME': 'v1', 'TERM': 'xterm-256color', 'GNOME_DESKTOP_SESSION_ID': 'this-is-deprecated', '_CE_CONDA': '', 'WINDOWPATH': '2', 'PATH': '/home/v1/.local/bin:/opt/ros/jazzy/opt/gz_msgs_vendor/bin:/opt/ros/jazzy/opt/gz_tools_vendor/bin:/opt/ros/jazzy/opt/gz_ogre_next_vendor/bin:/opt/ros/jazzy/bin:/home/v1/miniconda3/condabin:/home/v1/.local/bin:/usr/local/sbin:/usr/local/bin:/usr/sbin:/usr/bin:/sbin:/bin:/usr/games:/usr/local/games:/snap/bin:/snap/bin', 'SESSION_MANAGER': 'local/v1-HP:@/tmp/.ICE-unix/2804,unix/v1-HP:/tmp/.ICE-unix/2804', 'XDG_MENU_PREFIX': 'gnome-', 'GNOME_TERMINAL_SCREEN': '/org/gnome/Terminal/screen/e1b9f660_fc67_4777_a564_ed89d225cadb', 'XDG_RUNTIME_DIR': '/run/user/1000', 'DISPLAY': ':1', 'LANG': 'en_US.UTF-8', 'XDG_CURRENT_DESKTOP': 'ubuntu:GNOME', 'RMW_IMPLEMENTATION': 'rmw_cyclonedds_cpp', 'XMODIFIERS': '@im=ibus', 'XDG_SESSION_DESKTOP': 'ubuntu', 'XAUTHORITY': '/run/user/1000/gdm/Xauthority', 'LS_COLORS': 'rs=0:di=01;34:ln=01;36:mh=00:pi=40;33:so=01;35:do=01;35:bd=40;33;01:cd=40;33;01:or=40;31;01:mi=00:su=37;41:sg=30;43:ca=00:tw=30;42:ow=34;42:st=37;44:ex=01;32:*.tar=01;31:*.tgz=01;31:*.arc=01;31:*.arj=01;31:*.taz=01;31:*.lha=01;31:*.lz4=01;31:*.lzh=01;31:*.lzma=01;31:*.tlz=01;31:*.txz=01;31:*.tzo=01;31:*.t7z=01;31:*.zip=01;31:*.z=01;31:*.dz=01;31:*.gz=01;31:*.lrz=01;31:*.lz=01;31:*.lzo=01;31:*.xz=01;31:*.zst=01;31:*.tzst=01;31:*.bz2=01;31:*.bz=01;31:*.tbz=01;31:*.tbz2=01;31:*.tz=01;31:*.deb=01;31:*.rpm=01;31:*.jar=01;31:*.war=01;31:*.ear=01;31:*.sar=01;31:*.rar=01;31:*.alz=01;31:*.ace=01;31:*.zoo=01;31:*.cpio=01;31:*.7z=01;31:*.rz=01;31:*.cab=01;31:*.wim=01;31:*.swm=01;31:*.dwm=01;31:*.esd=01;31:*.avif=01;35:*.jpg=01;35:*.jpeg=01;35:*.mjpg=01;35:*.mjpeg=01;35:*.gif=01;35:*.bmp=01;35:*.pbm=01;35:*.pgm=01;35:*.ppm=01;35:*.tga=01;35:*.xbm=01;35:*.xpm=01;35:*.tif=01;35:*.tiff=01;35:*.png=01;35:*.svg=01;35:*.svgz=01;35:*.mng=01;35:*.pcx=01;35:*.mov=01;35:*.mpg=01;35:*.mpeg=01;35:*.m2v=01;35:*.mkv=01;35:*.webm=01;35:*.webp=01;35:*.ogm=01;35:*.mp4=01;35:*.m4v=01;35:*.mp4v=01;35:*.vob=01;35:*.qt=01;35:*.nuv=01;35:*.wmv=01;35:*.asf=01;35:*.rm=01;35:*.rmvb=01;35:*.flc=01;35:*.avi=01;35:*.fli=01;35:*.flv=01;35:*.gl=01;35:*.dl=01;35:*.xcf=01;35:*.xwd=01;35:*.yuv=01;35:*.cgm=01;35:*.emf=01;35:*.ogv=01;35:*.ogx=01;35:*.aac=00;36:*.au=00;36:*.flac=00;36:*.m4a=00;36:*.mid=00;36:*.midi=00;36:*.mka=00;36:*.mp3=00;36:*.mpc=00;36:*.ogg=00;36:*.ra=00;36:*.wav=00;36:*.oga=00;36:*.opus=00;36:*.spx=00;36:*.xspf=00;36:*~=00;90:*#=00;90:*.bak=00;90:*.crdownload=00;90:*.dpkg-dist=00;90:*.dpkg-new=00;90:*.dpkg-old=00;90:*.dpkg-tmp=00;90:*.old=00;90:*.orig=00;90:*.part=00;90:*.rej=00;90:*.rpmnew=00;90:*.rpmorig=00;90:*.rpmsave=00;90:*.swp=00;90:*.tmp=00;90:*.ucf-dist=00;90:*.ucf-new=00;90:*.ucf-old=00;90:', 'GNOME_TERMINAL_SERVICE': ':1.616', 'SSH_AUTH_SOCK': '/run/user/1000/keyring/ssh', 'AMENT_PREFIX_PATH': '/home/v1/Desktop/Beizo/arm_ws/install/roarm_msgs:/home/v1/Desktop/Beizo/arm_ws/install/roarm_moveit_config:/home/v1/Desktop/Beizo/arm_ws/install/roarm_moveit_cmd:/home/v1/Desktop/Beizo/arm_ws/install/roarm_driver:/home/v1/Desktop/Beizo/arm_ws/install/roarm_description:/opt/ros/jazzy', 'CONDA_PYTHON_EXE': '/home/v1/miniconda3/bin/python', 'SHELL': '/bin/bash', 'QT_ACCESSIBILITY': '1', 'GDMSESSION': 'ubuntu', 'LESSCLOSE': '/usr/bin/lesspipe %s %s', 'CONDA_DEFAULT_ENV': '', 'GPG_AGENT_INFO': '/run/user/1000/gnupg/S.gpg-agent:0:1', '_CONDA_EXE': '/home/v1/miniconda3/bin/conda', 'ROS_AUTOMATIC_DISCOVERY_RANGE': 'SUBNET', 'QT_IM_MODULE': 'ibus', 'PWD': '/home/v1/Desktop/Beizo/arm_ws/build/roarm_driver', 'LC_ALL': 'en_US.UTF-8', 'XDG_CONFIG_DIRS': '/etc/xdg/xdg-ubuntu:/etc/xdg', 'CONDA_EXE': '/home/v1/miniconda3/bin/conda', 'DBUS_STARTER_ADDRESS': 'unix:path=/run/user/1000/bus,guid=3ba906d04fd751587edc35ef69c00925', 'XDG_DATA_DIRS': '/usr/share/ubuntu:/usr/share/gnome:/usr/local/share/:/usr/share/:/var/lib/snapd/desktop', 'PYTHONPATH': '/home/v1/Desktop/Beizo/arm_ws/build/roarm_driver/prefix_override:/usr/lib/python3/dist-packages/colcon_core/task/python/colcon_distutils_commands:/home/v1/Desktop/Beizo/arm_ws/install/roarm_driver/lib/python3.12/site-packages:/home/v1/Desktop/Beizo/arm_ws/install/roarm_msgs/lib/python3.12/site-packages:/home/v1/Desktop/Beizo/arm_ws/install/roarm_moveit_cmd/lib/python3.12/site-packages:/home/v1/Desktop/Beizo/arm_ws/install/roarm_driver/lib/python3.12/site-packages:/home/v1/Desktop/Beizo/arm_ws/install/roarm_description/lib/python3.12/site-packages:/opt/ros/jazzy/lib/python3.12/site-packages', 'CONDA_PREFIX': '', 'COLCON': '1', 'MEMORY_PRESSURE_WRITE': 'c29tZSAyMDAwMDAgMjAwMDAwMAA=', 'VTE_VERSION': '7600', 'CMAKE_PREFIX_PATH': '/home/v1/Desktop/Beizo/arm_ws/install/roarm_msgs:/home/v1/Desktop/Beizo/arm_ws/install/roarm_moveit_config:/opt/ros/jazzy/opt/gz_sim_vendor:/opt/ros/jazzy/opt/gz_sensors_vendor:/opt/ros/jazzy/opt/gz_physics_vendor:/opt/ros/jazzy/opt/sdformat_vendor:/opt/ros/jazzy/opt/gz_gui_vendor:/opt/ros/jazzy/opt/gz_transport_vendor:/opt/ros/jazzy/opt/gz_rendering_vendor:/opt/ros/jazzy/opt/gz_plugin_vendor:/opt/ros/jazzy/opt/gz_fuel_tools_vendor:/opt/ros/jazzy/opt/gz_msgs_vendor:/opt/ros/jazzy/opt/gz_common_vendor:/opt/ros/jazzy/opt/gz_math_vendor:/opt/ros/jazzy/opt/gz_utils_vendor:/opt/ros/jazzy/opt/gz_tools_vendor:/opt/ros/jazzy/opt/gz_ogre_next_vendor:/opt/ros/jazzy/opt/gz_dartsim_vendor:/opt/ros/jazzy/opt/gz_cmake_vendor'}, 'shell': False}
[1.703091] (-) TimerEvent: {}
[1.803536] (-) TimerEvent: {}
[1.904025] (-) TimerEvent: {}
[2.004552] (-) TimerEvent: {}
[2.105121] (-) TimerEvent: {}
[2.205493] (-) TimerEvent: {}
[2.305934] (-) TimerEvent: {}
[2.406336] (-) TimerEvent: {}
[2.446255] (roarm_msgs) StdoutLine: {'line': b'-- Found ament_cmake_ros: 0.12.0 (/opt/ros/jazzy/share/ament_cmake_ros/cmake)\n'}
[2.506464] (-) TimerEvent: {}
[2.606884] (-) TimerEvent: {}
[2.636787] (roarm_driver) StdoutLine: {'line': b'running egg_info\n'}
[2.637597] (roarm_driver) StdoutLine: {'line': b'creating ../../build/roarm_driver/roarm_driver.egg-info\n'}
[2.663788] (roarm_description) StdoutLine: {'line': b'running egg_info\n'}
[2.664649] (roarm_description) StdoutLine: {'line': b'creating ../../build/roarm_description/roarm_description.egg-info\n'}
[2.706949] (-) TimerEvent: {}
[2.730223] (roarm_driver) StdoutLine: {'line': b'writing ../../build/roarm_driver/roarm_driver.egg-info/PKG-INFO\n'}
[2.731045] (roarm_driver) StdoutLine: {'line': b'writing dependency_links to ../../build/roarm_driver/roarm_driver.egg-info/dependency_links.txt\n'}
[2.731937] (roarm_driver) StdoutLine: {'line': b'writing requirements to ../../build/roarm_driver/roarm_driver.egg-info/requires.txt\n'}
[2.732561] (roarm_driver) StdoutLine: {'line': b'writing top-level names to ../../build/roarm_driver/roarm_driver.egg-info/top_level.txt\n'}
[2.733006] (roarm_driver) StdoutLine: {'line': b"writing manifest file '../../build/roarm_driver/roarm_driver.egg-info/SOURCES.txt'\n"}
[2.756780] (roarm_description) StdoutLine: {'line': b'writing ../../build/roarm_description/roarm_description.egg-info/PKG-INFO\n'}
[2.757583] (roarm_description) StdoutLine: {'line': b'writing dependency_links to ../../build/roarm_description/roarm_description.egg-info/dependency_links.txt\n'}
[2.758148] (roarm_description) StdoutLine: {'line': b'writing requirements to ../../build/roarm_description/roarm_description.egg-info/requires.txt\n'}
[2.758563] (roarm_description) StdoutLine: {'line': b'writing top-level names to ../../build/roarm_description/roarm_description.egg-info/top_level.txt\n'}
[2.759558] (roarm_description) StdoutLine: {'line': b"writing manifest file '../../build/roarm_description/roarm_description.egg-info/SOURCES.txt'\n"}
[2.807072] (-) TimerEvent: {}
[2.899485] (roarm_driver) StdoutLine: {'line': b"reading manifest file '../../build/roarm_driver/roarm_driver.egg-info/SOURCES.txt'\n"}
[2.900238] (roarm_driver) StdoutLine: {'line': b"writing manifest file '../../build/roarm_driver/roarm_driver.egg-info/SOURCES.txt'\n"}
[2.900582] (roarm_driver) StdoutLine: {'line': b'running build\n'}
[2.900827] (roarm_driver) StdoutLine: {'line': b'running build_py\n'}
[2.901061] (roarm_driver) StdoutLine: {'line': b'creating /home/v1/Desktop/Beizo/arm_ws/build/roarm_driver/build\n'}
[2.901531] (roarm_driver) StdoutLine: {'line': b'creating /home/v1/Desktop/Beizo/arm_ws/build/roarm_driver/build/lib\n'}
[2.901731] (roarm_driver) StdoutLine: {'line': b'creating /home/v1/Desktop/Beizo/arm_ws/build/roarm_driver/build/lib/roarm_driver\n'}
[2.901903] (roarm_driver) StdoutLine: {'line': b'copying roarm_driver/__init__.py -> /home/v1/Desktop/Beizo/arm_ws/build/roarm_driver/build/lib/roarm_driver\n'}
[2.902061] (roarm_driver) StdoutLine: {'line': b'running install\n'}
[2.907153] (-) TimerEvent: {}
[2.911130] (roarm_driver) StdoutLine: {'line': b'running install_lib\n'}
[2.911949] (roarm_description) StdoutLine: {'line': b"reading manifest file '../../build/roarm_description/roarm_description.egg-info/SOURCES.txt'\n"}
[2.913402] (roarm_description) StdoutLine: {'line': b"writing manifest file '../../build/roarm_description/roarm_description.egg-info/SOURCES.txt'\n"}
[2.913886] (roarm_description) StdoutLine: {'line': b'running build\n'}
[2.914164] (roarm_description) StdoutLine: {'line': b'running build_py\n'}
[2.914329] (roarm_description) StdoutLine: {'line': b'creating /home/v1/Desktop/Beizo/arm_ws/build/roarm_description/build\n'}
[2.914505] (roarm_description) StdoutLine: {'line': b'creating /home/v1/Desktop/Beizo/arm_ws/build/roarm_description/build/lib\n'}
[2.914624] (roarm_description) StdoutLine: {'line': b'creating /home/v1/Desktop/Beizo/arm_ws/build/roarm_description/build/lib/roarm_description\n'}
[2.914760] (roarm_description) StdoutLine: {'line': b'copying roarm_description/__init__.py -> /home/v1/Desktop/Beizo/arm_ws/build/roarm_description/build/lib/roarm_description\n'}
[2.915918] (roarm_description) StdoutLine: {'line': b'running install\n'}
[2.923947] (roarm_description) StdoutLine: {'line': b'running install_lib\n'}
[2.952748] (roarm_driver) StdoutLine: {'line': b'creating /home/v1/Desktop/Beizo/arm_ws/install/roarm_driver/lib/python3.12/site-packages/roarm_driver\n'}
[2.953472] (roarm_driver) StdoutLine: {'line': b'copying /home/v1/Desktop/Beizo/arm_ws/build/roarm_driver/build/lib/roarm_driver/__init__.py -> /home/v1/Desktop/Beizo/arm_ws/install/roarm_driver/lib/python3.12/site-packages/roarm_driver\n'}
[2.953726] (roarm_driver) StdoutLine: {'line': b'byte-compiling /home/v1/Desktop/Beizo/arm_ws/install/roarm_driver/lib/python3.12/site-packages/roarm_driver/__init__.py to __init__.cpython-312.pyc\n'}
[2.953921] (roarm_driver) StdoutLine: {'line': b'running install_data\n'}
[2.954049] (roarm_driver) StdoutLine: {'line': b'creating /home/v1/Desktop/Beizo/arm_ws/install/roarm_driver/share/ament_index\n'}
[2.954193] (roarm_driver) StdoutLine: {'line': b'creating /home/v1/Desktop/Beizo/arm_ws/install/roarm_driver/share/ament_index/resource_index\n'}
[2.954275] (roarm_driver) StdoutLine: {'line': b'creating /home/v1/Desktop/Beizo/arm_ws/install/roarm_driver/share/ament_index/resource_index/packages\n'}
[2.954359] (roarm_driver) StdoutLine: {'line': b'copying resource/roarm_driver -> /home/v1/Desktop/Beizo/arm_ws/install/roarm_driver/share/ament_index/resource_index/packages\n'}
[2.954491] (roarm_driver) StdoutLine: {'line': b'copying package.xml -> /home/v1/Desktop/Beizo/arm_ws/install/roarm_driver/share/roarm_driver\n'}
[2.954602] (roarm_driver) StdoutLine: {'line': b'running install_egg_info\n'}
[2.962658] (roarm_description) StdoutLine: {'line': b'creating /home/v1/Desktop/Beizo/arm_ws/install/roarm_description/lib/python3.12/site-packages/roarm_description\n'}
[2.962922] (roarm_description) StdoutLine: {'line': b'copying /home/v1/Desktop/Beizo/arm_ws/build/roarm_description/build/lib/roarm_description/__init__.py -> /home/v1/Desktop/Beizo/arm_ws/install/roarm_description/lib/python3.12/site-packages/roarm_description\n'}
[2.963592] (roarm_description) StdoutLine: {'line': b'byte-compiling /home/v1/Desktop/Beizo/arm_ws/install/roarm_description/lib/python3.12/site-packages/roarm_description/__init__.py to __init__.cpython-312.pyc\n'}
[2.963987] (roarm_description) StdoutLine: {'line': b'running install_data\n'}
[2.964313] (roarm_description) StdoutLine: {'line': b'creating /home/v1/Desktop/Beizo/arm_ws/install/roarm_description/share/ament_index\n'}
[2.964484] (roarm_description) StdoutLine: {'line': b'creating /home/v1/Desktop/Beizo/arm_ws/install/roarm_description/share/ament_index/resource_index\n'}
[2.964626] (roarm_description) StdoutLine: {'line': b'creating /home/v1/Desktop/Beizo/arm_ws/install/roarm_description/share/ament_index/resource_index/packages\n'}
[2.964763] (roarm_description) StdoutLine: {'line': b'copying resource/roarm_description -> /home/v1/Desktop/Beizo/arm_ws/install/roarm_description/share/ament_index/resource_index/packages\n'}
[2.964927] (roarm_description) StdoutLine: {'line': b'copying package.xml -> /home/v1/Desktop/Beizo/arm_ws/install/roarm_description/share/roarm_description\n'}
[2.965301] (roarm_description) StdoutLine: {'line': b'creating /home/v1/Desktop/Beizo/arm_ws/install/roarm_description/share/roarm_description/launch\n'}
[2.965705] (roarm_description) StdoutLine: {'line': b'copying launch/display.launch.py -> /home/v1/Desktop/Beizo/arm_ws/install/roarm_description/share/roarm_description/launch\n'}
[2.965901] (roarm_description) StdoutLine: {'line': b'creating /home/v1/Desktop/Beizo/arm_ws/install/roarm_description/share/roarm_description/urdf\n'}
[2.966074] (roarm_description) StdoutLine: {'line': b'copying urdf/roarm_m3_moveit.xacro -> /home/v1/Desktop/Beizo/arm_ws/install/roarm_description/share/roarm_description/urdf\n'}
[2.966286] (roarm_description) StdoutLine: {'line': b'copying urdf/roarm_m3_description.xacro -> /home/v1/Desktop/Beizo/arm_ws/install/roarm_description/share/roarm_description/urdf\n'}
[2.966447] (roarm_description) StdoutLine: {'line': b'creating /home/v1/Desktop/Beizo/arm_ws/install/roarm_description/share/roarm_description/urdf/roarm_m3\n'}
[2.966531] (roarm_description) StdoutLine: {'line': b'copying urdf/roarm_m3/roarm_m3.xacro -> /home/v1/Desktop/Beizo/arm_ws/install/roarm_description/share/roarm_description/urdf/roarm_m3\n'}
[2.966653] (roarm_description) StdoutLine: {'line': b'copying urdf/roarm_m3/roarm_m3.gazebo -> /home/v1/Desktop/Beizo/arm_ws/install/roarm_description/share/roarm_description/urdf/roarm_m3\n'}
[2.966764] (roarm_description) StdoutLine: {'line': b'copying urdf/roarm_m3/roarm_m3.trans -> /home/v1/Desktop/Beizo/arm_ws/install/roarm_description/share/roarm_description/urdf/roarm_m3\n'}
[2.966855] (roarm_description) StdoutLine: {'line': b'copying urdf/roarm_m3/materials.xacro -> /home/v1/Desktop/Beizo/arm_ws/install/roarm_description/share/roarm_description/urdf/roarm_m3\n'}
[2.966932] (roarm_description) StdoutLine: {'line': b'creating /home/v1/Desktop/Beizo/arm_ws/install/roarm_description/share/roarm_description/meshes\n'}
[2.967034] (roarm_description) StdoutLine: {'line': b'creating /home/v1/Desktop/Beizo/arm_ws/install/roarm_description/share/roarm_description/meshes/roarm_m3\n'}
[2.967115] (roarm_description) StdoutLine: {'line': b'copying meshes/roarm_m3/link1.stl -> /home/v1/Desktop/Beizo/arm_ws/install/roarm_description/share/roarm_description/meshes/roarm_m3\n'}
[2.967221] (roarm_description) StdoutLine: {'line': b'copying meshes/roarm_m3/link2.stl -> /home/v1/Desktop/Beizo/arm_ws/install/roarm_description/share/roarm_description/meshes/roarm_m3\n'}
[2.967299] (roarm_description) StdoutLine: {'line': b'copying meshes/roarm_m3/link3.stl -> /home/v1/Desktop/Beizo/arm_ws/install/roarm_description/share/roarm_description/meshes/roarm_m3\n'}
[2.967405] (roarm_description) StdoutLine: {'line': b'copying meshes/roarm_m3/base_link.stl -> /home/v1/Desktop/Beizo/arm_ws/install/roarm_description/share/roarm_description/meshes/roarm_m3\n'}
[2.967493] (roarm_description) StdoutLine: {'line': b'copying meshes/roarm_m3/gripper_left_link.stl -> /home/v1/Desktop/Beizo/arm_ws/install/roarm_description/share/roarm_description/meshes/roarm_m3\n'}
[2.968069] (roarm_description) StdoutLine: {'line': b'copying meshes/roarm_m3/link4.stl -> /home/v1/Desktop/Beizo/arm_ws/install/roarm_description/share/roarm_description/meshes/roarm_m3\n'}
[2.968218] (roarm_description) StdoutLine: {'line': b'copying meshes/roarm_m3/gripper_link.stl -> /home/v1/Desktop/Beizo/arm_ws/install/roarm_description/share/roarm_description/meshes/roarm_m3\n'}
[2.968705] (roarm_description) StdoutLine: {'line': b'copying meshes/roarm_m3/link5.stl -> /home/v1/Desktop/Beizo/arm_ws/install/roarm_description/share/roarm_description/meshes/roarm_m3\n'}
[2.969425] (roarm_description) StdoutLine: {'line': b'creating /home/v1/Desktop/Beizo/arm_ws/install/roarm_description/share/roarm_description/rviz\n'}
[2.969596] (roarm_description) StdoutLine: {'line': b'copying rviz/view_description.rviz -> /home/v1/Desktop/Beizo/arm_ws/install/roarm_description/share/roarm_description/rviz\n'}
[2.969758] (roarm_description) StdoutLine: {'line': b'running install_egg_info\n'}
[3.000161] (roarm_driver) StdoutLine: {'line': b'Copying ../../build/roarm_driver/roarm_driver.egg-info to /home/v1/Desktop/Beizo/arm_ws/install/roarm_driver/lib/python3.12/site-packages/roarm_driver-0.0.0-py3.12.egg-info\n'}
[3.003021] (roarm_driver) StdoutLine: {'line': b'running install_scripts\n'}
[3.007303] (-) TimerEvent: {}
[3.014157] (roarm_description) StdoutLine: {'line': b'Copying ../../build/roarm_description/roarm_description.egg-info to /home/v1/Desktop/Beizo/arm_ws/install/roarm_description/lib/python3.12/site-packages/roarm_description-0.0.1-py3.12.egg-info\n'}
[3.018119] (roarm_description) StdoutLine: {'line': b'running install_scripts\n'}
[3.107419] (-) TimerEvent: {}
[3.207668] (-) TimerEvent: {}
[3.237388] (roarm_msgs) StdoutLine: {'line': b'-- Using all available rosidl_typesupport_c: rosidl_typesupport_fastrtps_c;rosidl_typesupport_introspection_c\n'}
[3.248248] (roarm_description) StdoutLine: {'line': b"writing list of installed files to '/home/v1/Desktop/Beizo/arm_ws/build/roarm_description/install.log'\n"}
[3.249943] (roarm_driver) StdoutLine: {'line': b"writing list of installed files to '/home/v1/Desktop/Beizo/arm_ws/build/roarm_driver/install.log'\n"}
[3.307791] (-) TimerEvent: {}
[3.310655] (roarm_driver) CommandEnded: {'returncode': 0}
[3.333406] (roarm_driver) JobEnded: {'identifier': 'roarm_driver', 'rc': 0}
[3.335746] (roarm_description) CommandEnded: {'returncode': 0}
[3.351682] (roarm_description) JobEnded: {'identifier': 'roarm_description', 'rc': 0}
[3.353699] (roarm_moveit_config) JobStarted: {'identifier': 'roarm_moveit_config'}
[3.364075] (roarm_moveit_config) JobProgress: {'identifier': 'roarm_moveit_config', 'progress': 'cmake'}
[3.365500] (roarm_moveit_config) Command: {'cmd': ['/usr/bin/cmake', '/home/v1/Desktop/Beizo/arm_ws/src/roarm_moveit_config', '-DCMAKE_INSTALL_PREFIX=/home/v1/Desktop/Beizo/arm_ws/install/roarm_moveit_config'], 'cwd': '/home/v1/Desktop/Beizo/arm_ws/build/roarm_moveit_config', 'env': OrderedDict({'LESSOPEN': '| /usr/bin/lesspipe %s', 'CONDA_PROMPT_MODIFIER': '', 'USER': 'v1', 'GZ_CONFIG_PATH': '/opt/ros/jazzy/opt/gz_sim_vendor/share/gz:/opt/ros/jazzy/opt/sdformat_vendor/share/gz:/opt/ros/jazzy/opt/gz_gui_vendor/share/gz:/opt/ros/jazzy/opt/gz_transport_vendor/share/gz:/opt/ros/jazzy/opt/gz_rendering_vendor/share/gz:/opt/ros/jazzy/opt/gz_plugin_vendor/share/gz:/opt/ros/jazzy/opt/gz_fuel_tools_vendor/share/gz:/opt/ros/jazzy/opt/gz_msgs_vendor/share/gz:/opt/ros/jazzy/opt/gz_common_vendor/share/gz', 'XDG_SESSION_TYPE': 'x11', 'SHLVL': '1', 'LD_LIBRARY_PATH': '/home/v1/Desktop/Beizo/arm_ws/install/roarm_msgs/lib:/opt/ros/jazzy/opt/gz_sim_vendor/lib:/opt/ros/jazzy/opt/gz_sensors_vendor/lib:/opt/ros/jazzy/opt/gz_physics_vendor/lib:/opt/ros/jazzy/opt/sdformat_vendor/lib:/opt/ros/jazzy/opt/rviz_ogre_vendor/lib:/opt/ros/jazzy/lib/x86_64-linux-gnu:/opt/ros/jazzy/opt/gz_gui_vendor/lib:/opt/ros/jazzy/opt/gz_transport_vendor/lib:/opt/ros/jazzy/opt/gz_rendering_vendor/lib:/opt/ros/jazzy/opt/gz_plugin_vendor/lib:/opt/ros/jazzy/opt/gz_fuel_tools_vendor/lib:/opt/ros/jazzy/opt/gz_msgs_vendor/lib:/opt/ros/jazzy/opt/gz_common_vendor/lib:/opt/ros/jazzy/opt/gz_math_vendor/lib:/opt/ros/jazzy/opt/gz_utils_vendor/lib:/opt/ros/jazzy/opt/gz_tools_vendor/lib:/opt/ros/jazzy/opt/gz_ogre_next_vendor/lib:/opt/ros/jazzy/opt/gz_dartsim_vendor/lib:/opt/ros/jazzy/opt/gz_cmake_vendor/lib:/opt/ros/jazzy/lib', 'HOME': '/home/v1', 'CONDA_SHLVL': '0', 'OLDPWD': '/home/v1/Desktop/Beizo/arm_ws', 'DESKTOP_SESSION': 'ubuntu', 'ROS_PYTHON_VERSION': '3', 'GNOME_SHELL_SESSION_MODE': 'ubuntu', 'GTK_MODULES': 'gail:atk-bridge', 'DBUS_STARTER_BUS_TYPE': 'session', 'SYSTEMD_EXEC_PID': '2804', 'GSM_SKIP_SSH_AGENT_WORKAROUND': 'true', 'DBUS_SESSION_BUS_ADDRESS': 'unix:path=/run/user/1000/bus,guid=3ba906d04fd751587edc35ef69c00925', 'COLORTERM': 'truecolor', '_CE_M': '', '_CONDA_ROOT': '/home/v1/miniconda3', 'DEBUGINFOD_URLS': 'https://debuginfod.ubuntu.com', 'COLCON_PREFIX_PATH': '/home/v1/Desktop/Beizo/arm_ws/install', 'ROS_DISTRO': 'jazzy', 'LOGNAME': 'v1', '_': '/usr/bin/colcon', 'ROS_VERSION': '2', 'MEMORY_PRESSURE_WATCH': '/sys/fs/cgroup/user.slice/user-1000.slice/user@1000.service/app.slice/app-gnome\\x2dsession\\x2dmanager.slice/gnome-session-manager@ubuntu.service/memory.pressure', 'XDG_SESSION_CLASS': 'user', 'USERNAME': 'v1', 'TERM': 'xterm-256color', 'GNOME_DESKTOP_SESSION_ID': 'this-is-deprecated', '_CE_CONDA': '', 'WINDOWPATH': '2', 'PATH': '/home/v1/.local/bin:/opt/ros/jazzy/opt/gz_msgs_vendor/bin:/opt/ros/jazzy/opt/gz_tools_vendor/bin:/opt/ros/jazzy/opt/gz_ogre_next_vendor/bin:/opt/ros/jazzy/bin:/home/v1/miniconda3/condabin:/home/v1/.local/bin:/usr/local/sbin:/usr/local/bin:/usr/sbin:/usr/bin:/sbin:/bin:/usr/games:/usr/local/games:/snap/bin:/snap/bin', 'SESSION_MANAGER': 'local/v1-HP:@/tmp/.ICE-unix/2804,unix/v1-HP:/tmp/.ICE-unix/2804', 'XDG_MENU_PREFIX': 'gnome-', 'GNOME_TERMINAL_SCREEN': '/org/gnome/Terminal/screen/e1b9f660_fc67_4777_a564_ed89d225cadb', 'XDG_RUNTIME_DIR': '/run/user/1000', 'DISPLAY': ':1', 'LANG': 'en_US.UTF-8', 'XDG_CURRENT_DESKTOP': 'ubuntu:GNOME', 'RMW_IMPLEMENTATION': 'rmw_cyclonedds_cpp', 'XMODIFIERS': '@im=ibus', 'XDG_SESSION_DESKTOP': 'ubuntu', 'XAUTHORITY': '/run/user/1000/gdm/Xauthority', 'LS_COLORS': 'rs=0:di=01;34:ln=01;36:mh=00:pi=40;33:so=01;35:do=01;35:bd=40;33;01:cd=40;33;01:or=40;31;01:mi=00:su=37;41:sg=30;43:ca=00:tw=30;42:ow=34;42:st=37;44:ex=01;32:*.tar=01;31:*.tgz=01;31:*.arc=01;31:*.arj=01;31:*.taz=01;31:*.lha=01;31:*.lz4=01;31:*.lzh=01;31:*.lzma=01;31:*.tlz=01;31:*.txz=01;31:*.tzo=01;31:*.t7z=01;31:*.zip=01;31:*.z=01;31:*.dz=01;31:*.gz=01;31:*.lrz=01;31:*.lz=01;31:*.lzo=01;31:*.xz=01;31:*.zst=01;31:*.tzst=01;31:*.bz2=01;31:*.bz=01;31:*.tbz=01;31:*.tbz2=01;31:*.tz=01;31:*.deb=01;31:*.rpm=01;31:*.jar=01;31:*.war=01;31:*.ear=01;31:*.sar=01;31:*.rar=01;31:*.alz=01;31:*.ace=01;31:*.zoo=01;31:*.cpio=01;31:*.7z=01;31:*.rz=01;31:*.cab=01;31:*.wim=01;31:*.swm=01;31:*.dwm=01;31:*.esd=01;31:*.avif=01;35:*.jpg=01;35:*.jpeg=01;35:*.mjpg=01;35:*.mjpeg=01;35:*.gif=01;35:*.bmp=01;35:*.pbm=01;35:*.pgm=01;35:*.ppm=01;35:*.tga=01;35:*.xbm=01;35:*.xpm=01;35:*.tif=01;35:*.tiff=01;35:*.png=01;35:*.svg=01;35:*.svgz=01;35:*.mng=01;35:*.pcx=01;35:*.mov=01;35:*.mpg=01;35:*.mpeg=01;35:*.m2v=01;35:*.mkv=01;35:*.webm=01;35:*.webp=01;35:*.ogm=01;35:*.mp4=01;35:*.m4v=01;35:*.mp4v=01;35:*.vob=01;35:*.qt=01;35:*.nuv=01;35:*.wmv=01;35:*.asf=01;35:*.rm=01;35:*.rmvb=01;35:*.flc=01;35:*.avi=01;35:*.fli=01;35:*.flv=01;35:*.gl=01;35:*.dl=01;35:*.xcf=01;35:*.xwd=01;35:*.yuv=01;35:*.cgm=01;35:*.emf=01;35:*.ogv=01;35:*.ogx=01;35:*.aac=00;36:*.au=00;36:*.flac=00;36:*.m4a=00;36:*.mid=00;36:*.midi=00;36:*.mka=00;36:*.mp3=00;36:*.mpc=00;36:*.ogg=00;36:*.ra=00;36:*.wav=00;36:*.oga=00;36:*.opus=00;36:*.spx=00;36:*.xspf=00;36:*~=00;90:*#=00;90:*.bak=00;90:*.crdownload=00;90:*.dpkg-dist=00;90:*.dpkg-new=00;90:*.dpkg-old=00;90:*.dpkg-tmp=00;90:*.old=00;90:*.orig=00;90:*.part=00;90:*.rej=00;90:*.rpmnew=00;90:*.rpmorig=00;90:*.rpmsave=00;90:*.swp=00;90:*.tmp=00;90:*.ucf-dist=00;90:*.ucf-new=00;90:*.ucf-old=00;90:', 'GNOME_TERMINAL_SERVICE': ':1.616', 'SSH_AUTH_SOCK': '/run/user/1000/keyring/ssh', 'AMENT_PREFIX_PATH': '/home/v1/Desktop/Beizo/arm_ws/install/roarm_description:/home/v1/Desktop/Beizo/arm_ws/install/roarm_msgs:/home/v1/Desktop/Beizo/arm_ws/install/roarm_moveit_config:/home/v1/Desktop/Beizo/arm_ws/install/roarm_moveit_cmd:/home/v1/Desktop/Beizo/arm_ws/install/roarm_driver:/opt/ros/jazzy', 'CONDA_PYTHON_EXE': '/home/v1/miniconda3/bin/python', 'SHELL': '/bin/bash', 'QT_ACCESSIBILITY': '1', 'GDMSESSION': 'ubuntu', 'LESSCLOSE': '/usr/bin/lesspipe %s %s', 'CONDA_DEFAULT_ENV': '', 'GPG_AGENT_INFO': '/run/user/1000/gnupg/S.gpg-agent:0:1', '_CONDA_EXE': '/home/v1/miniconda3/bin/conda', 'ROS_AUTOMATIC_DISCOVERY_RANGE': 'SUBNET', 'QT_IM_MODULE': 'ibus', 'PWD': '/home/v1/Desktop/Beizo/arm_ws/build/roarm_moveit_config', 'LC_ALL': 'en_US.UTF-8', 'XDG_CONFIG_DIRS': '/etc/xdg/xdg-ubuntu:/etc/xdg', 'CONDA_EXE': '/home/v1/miniconda3/bin/conda', 'DBUS_STARTER_ADDRESS': 'unix:path=/run/user/1000/bus,guid=3ba906d04fd751587edc35ef69c00925', 'XDG_DATA_DIRS': '/usr/share/ubuntu:/usr/share/gnome:/usr/local/share/:/usr/share/:/var/lib/snapd/desktop', 'PYTHONPATH': '/home/v1/Desktop/Beizo/arm_ws/install/roarm_description/lib/python3.12/site-packages:/home/v1/Desktop/Beizo/arm_ws/install/roarm_msgs/lib/python3.12/site-packages:/home/v1/Desktop/Beizo/arm_ws/install/roarm_moveit_cmd/lib/python3.12/site-packages:/home/v1/Desktop/Beizo/arm_ws/install/roarm_driver/lib/python3.12/site-packages:/opt/ros/jazzy/lib/python3.12/site-packages', 'CONDA_PREFIX': '', 'COLCON': '1', 'MEMORY_PRESSURE_WRITE': 'c29tZSAyMDAwMDAgMjAwMDAwMAA=', 'VTE_VERSION': '7600', 'CMAKE_PREFIX_PATH': '/home/v1/Desktop/Beizo/arm_ws/install/roarm_msgs:/home/v1/Desktop/Beizo/arm_ws/install/roarm_moveit_config:/opt/ros/jazzy/opt/gz_sim_vendor:/opt/ros/jazzy/opt/gz_sensors_vendor:/opt/ros/jazzy/opt/gz_physics_vendor:/opt/ros/jazzy/opt/sdformat_vendor:/opt/ros/jazzy/opt/gz_gui_vendor:/opt/ros/jazzy/opt/gz_transport_vendor:/opt/ros/jazzy/opt/gz_rendering_vendor:/opt/ros/jazzy/opt/gz_plugin_vendor:/opt/ros/jazzy/opt/gz_fuel_tools_vendor:/opt/ros/jazzy/opt/gz_msgs_vendor:/opt/ros/jazzy/opt/gz_common_vendor:/opt/ros/jazzy/opt/gz_math_vendor:/opt/ros/jazzy/opt/gz_utils_vendor:/opt/ros/jazzy/opt/gz_tools_vendor:/opt/ros/jazzy/opt/gz_ogre_next_vendor:/opt/ros/jazzy/opt/gz_dartsim_vendor:/opt/ros/jazzy/opt/gz_cmake_vendor:/home/v1/Desktop/Beizo/arm_ws/install/roarm_moveit_cmd:/home/v1/Desktop/Beizo/arm_ws/install/roarm_driver:/home/v1/Desktop/Beizo/arm_ws/install/roarm_description:/opt/ros/jazzy'}), 'shell': False}
[3.407896] (-) TimerEvent: {}
[3.445999] (roarm_moveit_config) StdoutLine: {'line': b'-- The C compiler identification is GNU 13.3.0\n'}
[3.507980] (-) TimerEvent: {}
[3.519137] (roarm_moveit_config) StdoutLine: {'line': b'-- The CXX compiler identification is GNU 13.3.0\n'}
[3.539735] (roarm_moveit_config) StdoutLine: {'line': b'-- Detecting C compiler ABI info\n'}
[3.608077] (-) TimerEvent: {}
[3.644786] (roarm_moveit_config) StdoutLine: {'line': b'-- Detecting C compiler ABI info - done\n'}
[3.657738] (roarm_moveit_config) StdoutLine: {'line': b'-- Check for working C compiler: /usr/bin/cc - skipped\n'}
[3.658064] (roarm_moveit_config) StdoutLine: {'line': b'-- Detecting C compile features\n'}
[3.658549] (roarm_moveit_config) StdoutLine: {'line': b'-- Detecting C compile features - done\n'}
[3.670514] (roarm_moveit_config) StdoutLine: {'line': b'-- Detecting CXX compiler ABI info\n'}
[3.708417] (-) TimerEvent: {}
[3.791819] (roarm_moveit_config) StdoutLine: {'line': b'-- Detecting CXX compiler ABI info - done\n'}
[3.808543] (-) TimerEvent: {}
[3.809876] (roarm_moveit_config) StdoutLine: {'line': b'-- Check for working CXX compiler: /usr/bin/c++ - skipped\n'}
[3.810197] (roarm_moveit_config) StdoutLine: {'line': b'-- Detecting CXX compile features\n'}
[3.810639] (roarm_moveit_config) StdoutLine: {'line': b'-- Detecting CXX compile features - done\n'}
[3.815919] (roarm_moveit_config) StdoutLine: {'line': b'-- Found ament_cmake: 2.5.5 (/opt/ros/jazzy/share/ament_cmake/cmake)\n'}
[3.908656] (-) TimerEvent: {}
[4.009009] (-) TimerEvent: {}
[4.064287] (roarm_moveit_config) StdoutLine: {'line': b'-- Found Python3: /usr/bin/python3 (found version "3.12.3") found components: Interpreter \n'}
[4.100588] (roarm_msgs) StdoutLine: {'line': b'-- Using all available rosidl_typesupport_cpp: rosidl_typesupport_fastrtps_cpp;rosidl_typesupport_introspection_cpp\n'}
[4.109150] (-) TimerEvent: {}
[4.111538] (roarm_msgs) StdoutLine: {'line': b'-- Found python_cmake_module: 0.11.1 (/opt/ros/jazzy/share/python_cmake_module/cmake)\n'}
[4.209288] (-) TimerEvent: {}
[4.309716] (-) TimerEvent: {}
[4.355903] (roarm_msgs) StdoutLine: {'line': b'-- Found PythonExtra: /usr/bin/python3  \n'}
[4.409827] (-) TimerEvent: {}
[4.452669] (roarm_moveit_config) StdoutLine: {'line': b'-- Configuring done (1.1s)\n'}
[4.457800] (roarm_moveit_config) StdoutLine: {'line': b'-- Generating done (0.0s)\n'}
[4.460512] (roarm_moveit_config) StdoutLine: {'line': b'-- Build files have been written to: /home/v1/Desktop/Beizo/arm_ws/build/roarm_moveit_config\n'}
[4.468693] (roarm_moveit_config) CommandEnded: {'returncode': 0}
[4.470381] (roarm_moveit_config) JobProgress: {'identifier': 'roarm_moveit_config', 'progress': 'build'}
[4.470737] (roarm_moveit_config) Command: {'cmd': ['/usr/bin/cmake', '--build', '/home/v1/Desktop/Beizo/arm_ws/build/roarm_moveit_config', '--', '-j8', '-l8'], 'cwd': '/home/v1/Desktop/Beizo/arm_ws/build/roarm_moveit_config', 'env': OrderedDict({'LESSOPEN': '| /usr/bin/lesspipe %s', 'CONDA_PROMPT_MODIFIER': '', 'USER': 'v1', 'GZ_CONFIG_PATH': '/opt/ros/jazzy/opt/gz_sim_vendor/share/gz:/opt/ros/jazzy/opt/sdformat_vendor/share/gz:/opt/ros/jazzy/opt/gz_gui_vendor/share/gz:/opt/ros/jazzy/opt/gz_transport_vendor/share/gz:/opt/ros/jazzy/opt/gz_rendering_vendor/share/gz:/opt/ros/jazzy/opt/gz_plugin_vendor/share/gz:/opt/ros/jazzy/opt/gz_fuel_tools_vendor/share/gz:/opt/ros/jazzy/opt/gz_msgs_vendor/share/gz:/opt/ros/jazzy/opt/gz_common_vendor/share/gz', 'XDG_SESSION_TYPE': 'x11', 'SHLVL': '1', 'LD_LIBRARY_PATH': '/home/v1/Desktop/Beizo/arm_ws/install/roarm_msgs/lib:/opt/ros/jazzy/opt/gz_sim_vendor/lib:/opt/ros/jazzy/opt/gz_sensors_vendor/lib:/opt/ros/jazzy/opt/gz_physics_vendor/lib:/opt/ros/jazzy/opt/sdformat_vendor/lib:/opt/ros/jazzy/opt/rviz_ogre_vendor/lib:/opt/ros/jazzy/lib/x86_64-linux-gnu:/opt/ros/jazzy/opt/gz_gui_vendor/lib:/opt/ros/jazzy/opt/gz_transport_vendor/lib:/opt/ros/jazzy/opt/gz_rendering_vendor/lib:/opt/ros/jazzy/opt/gz_plugin_vendor/lib:/opt/ros/jazzy/opt/gz_fuel_tools_vendor/lib:/opt/ros/jazzy/opt/gz_msgs_vendor/lib:/opt/ros/jazzy/opt/gz_common_vendor/lib:/opt/ros/jazzy/opt/gz_math_vendor/lib:/opt/ros/jazzy/opt/gz_utils_vendor/lib:/opt/ros/jazzy/opt/gz_tools_vendor/lib:/opt/ros/jazzy/opt/gz_ogre_next_vendor/lib:/opt/ros/jazzy/opt/gz_dartsim_vendor/lib:/opt/ros/jazzy/opt/gz_cmake_vendor/lib:/opt/ros/jazzy/lib', 'HOME': '/home/v1', 'CONDA_SHLVL': '0', 'OLDPWD': '/home/v1/Desktop/Beizo/arm_ws', 'DESKTOP_SESSION': 'ubuntu', 'ROS_PYTHON_VERSION': '3', 'GNOME_SHELL_SESSION_MODE': 'ubuntu', 'GTK_MODULES': 'gail:atk-bridge', 'DBUS_STARTER_BUS_TYPE': 'session', 'SYSTEMD_EXEC_PID': '2804', 'GSM_SKIP_SSH_AGENT_WORKAROUND': 'true', 'DBUS_SESSION_BUS_ADDRESS': 'unix:path=/run/user/1000/bus,guid=3ba906d04fd751587edc35ef69c00925', 'COLORTERM': 'truecolor', '_CE_M': '', '_CONDA_ROOT': '/home/v1/miniconda3', 'DEBUGINFOD_URLS': 'https://debuginfod.ubuntu.com', 'COLCON_PREFIX_PATH': '/home/v1/Desktop/Beizo/arm_ws/install', 'ROS_DISTRO': 'jazzy', 'LOGNAME': 'v1', '_': '/usr/bin/colcon', 'ROS_VERSION': '2', 'MEMORY_PRESSURE_WATCH': '/sys/fs/cgroup/user.slice/user-1000.slice/user@1000.service/app.slice/app-gnome\\x2dsession\\x2dmanager.slice/gnome-session-manager@ubuntu.service/memory.pressure', 'XDG_SESSION_CLASS': 'user', 'USERNAME': 'v1', 'TERM': 'xterm-256color', 'GNOME_DESKTOP_SESSION_ID': 'this-is-deprecated', '_CE_CONDA': '', 'WINDOWPATH': '2', 'PATH': '/home/v1/.local/bin:/opt/ros/jazzy/opt/gz_msgs_vendor/bin:/opt/ros/jazzy/opt/gz_tools_vendor/bin:/opt/ros/jazzy/opt/gz_ogre_next_vendor/bin:/opt/ros/jazzy/bin:/home/v1/miniconda3/condabin:/home/v1/.local/bin:/usr/local/sbin:/usr/local/bin:/usr/sbin:/usr/bin:/sbin:/bin:/usr/games:/usr/local/games:/snap/bin:/snap/bin', 'SESSION_MANAGER': 'local/v1-HP:@/tmp/.ICE-unix/2804,unix/v1-HP:/tmp/.ICE-unix/2804', 'XDG_MENU_PREFIX': 'gnome-', 'GNOME_TERMINAL_SCREEN': '/org/gnome/Terminal/screen/e1b9f660_fc67_4777_a564_ed89d225cadb', 'XDG_RUNTIME_DIR': '/run/user/1000', 'DISPLAY': ':1', 'LANG': 'en_US.UTF-8', 'XDG_CURRENT_DESKTOP': 'ubuntu:GNOME', 'RMW_IMPLEMENTATION': 'rmw_cyclonedds_cpp', 'XMODIFIERS': '@im=ibus', 'XDG_SESSION_DESKTOP': 'ubuntu', 'XAUTHORITY': '/run/user/1000/gdm/Xauthority', 'LS_COLORS': 'rs=0:di=01;34:ln=01;36:mh=00:pi=40;33:so=01;35:do=01;35:bd=40;33;01:cd=40;33;01:or=40;31;01:mi=00:su=37;41:sg=30;43:ca=00:tw=30;42:ow=34;42:st=37;44:ex=01;32:*.tar=01;31:*.tgz=01;31:*.arc=01;31:*.arj=01;31:*.taz=01;31:*.lha=01;31:*.lz4=01;31:*.lzh=01;31:*.lzma=01;31:*.tlz=01;31:*.txz=01;31:*.tzo=01;31:*.t7z=01;31:*.zip=01;31:*.z=01;31:*.dz=01;31:*.gz=01;31:*.lrz=01;31:*.lz=01;31:*.lzo=01;31:*.xz=01;31:*.zst=01;31:*.tzst=01;31:*.bz2=01;31:*.bz=01;31:*.tbz=01;31:*.tbz2=01;31:*.tz=01;31:*.deb=01;31:*.rpm=01;31:*.jar=01;31:*.war=01;31:*.ear=01;31:*.sar=01;31:*.rar=01;31:*.alz=01;31:*.ace=01;31:*.zoo=01;31:*.cpio=01;31:*.7z=01;31:*.rz=01;31:*.cab=01;31:*.wim=01;31:*.swm=01;31:*.dwm=01;31:*.esd=01;31:*.avif=01;35:*.jpg=01;35:*.jpeg=01;35:*.mjpg=01;35:*.mjpeg=01;35:*.gif=01;35:*.bmp=01;35:*.pbm=01;35:*.pgm=01;35:*.ppm=01;35:*.tga=01;35:*.xbm=01;35:*.xpm=01;35:*.tif=01;35:*.tiff=01;35:*.png=01;35:*.svg=01;35:*.svgz=01;35:*.mng=01;35:*.pcx=01;35:*.mov=01;35:*.mpg=01;35:*.mpeg=01;35:*.m2v=01;35:*.mkv=01;35:*.webm=01;35:*.webp=01;35:*.ogm=01;35:*.mp4=01;35:*.m4v=01;35:*.mp4v=01;35:*.vob=01;35:*.qt=01;35:*.nuv=01;35:*.wmv=01;35:*.asf=01;35:*.rm=01;35:*.rmvb=01;35:*.flc=01;35:*.avi=01;35:*.fli=01;35:*.flv=01;35:*.gl=01;35:*.dl=01;35:*.xcf=01;35:*.xwd=01;35:*.yuv=01;35:*.cgm=01;35:*.emf=01;35:*.ogv=01;35:*.ogx=01;35:*.aac=00;36:*.au=00;36:*.flac=00;36:*.m4a=00;36:*.mid=00;36:*.midi=00;36:*.mka=00;36:*.mp3=00;36:*.mpc=00;36:*.ogg=00;36:*.ra=00;36:*.wav=00;36:*.oga=00;36:*.opus=00;36:*.spx=00;36:*.xspf=00;36:*~=00;90:*#=00;90:*.bak=00;90:*.crdownload=00;90:*.dpkg-dist=00;90:*.dpkg-new=00;90:*.dpkg-old=00;90:*.dpkg-tmp=00;90:*.old=00;90:*.orig=00;90:*.part=00;90:*.rej=00;90:*.rpmnew=00;90:*.rpmorig=00;90:*.rpmsave=00;90:*.swp=00;90:*.tmp=00;90:*.ucf-dist=00;90:*.ucf-new=00;90:*.ucf-old=00;90:', 'GNOME_TERMINAL_SERVICE': ':1.616', 'SSH_AUTH_SOCK': '/run/user/1000/keyring/ssh', 'AMENT_PREFIX_PATH': '/home/v1/Desktop/Beizo/arm_ws/install/roarm_description:/home/v1/Desktop/Beizo/arm_ws/install/roarm_msgs:/home/v1/Desktop/Beizo/arm_ws/install/roarm_moveit_config:/home/v1/Desktop/Beizo/arm_ws/install/roarm_moveit_cmd:/home/v1/Desktop/Beizo/arm_ws/install/roarm_driver:/opt/ros/jazzy', 'CONDA_PYTHON_EXE': '/home/v1/miniconda3/bin/python', 'SHELL': '/bin/bash', 'QT_ACCESSIBILITY': '1', 'GDMSESSION': 'ubuntu', 'LESSCLOSE': '/usr/bin/lesspipe %s %s', 'CONDA_DEFAULT_ENV': '', 'GPG_AGENT_INFO': '/run/user/1000/gnupg/S.gpg-agent:0:1', '_CONDA_EXE': '/home/v1/miniconda3/bin/conda', 'ROS_AUTOMATIC_DISCOVERY_RANGE': 'SUBNET', 'QT_IM_MODULE': 'ibus', 'PWD': '/home/v1/Desktop/Beizo/arm_ws/build/roarm_moveit_config', 'LC_ALL': 'en_US.UTF-8', 'XDG_CONFIG_DIRS': '/etc/xdg/xdg-ubuntu:/etc/xdg', 'CONDA_EXE': '/home/v1/miniconda3/bin/conda', 'DBUS_STARTER_ADDRESS': 'unix:path=/run/user/1000/bus,guid=3ba906d04fd751587edc35ef69c00925', 'XDG_DATA_DIRS': '/usr/share/ubuntu:/usr/share/gnome:/usr/local/share/:/usr/share/:/var/lib/snapd/desktop', 'PYTHONPATH': '/home/v1/Desktop/Beizo/arm_ws/install/roarm_description/lib/python3.12/site-packages:/home/v1/Desktop/Beizo/arm_ws/install/roarm_msgs/lib/python3.12/site-packages:/home/v1/Desktop/Beizo/arm_ws/install/roarm_moveit_cmd/lib/python3.12/site-packages:/home/v1/Desktop/Beizo/arm_ws/install/roarm_driver/lib/python3.12/site-packages:/opt/ros/jazzy/lib/python3.12/site-packages', 'CONDA_PREFIX': '', 'COLCON': '1', 'MEMORY_PRESSURE_WRITE': 'c29tZSAyMDAwMDAgMjAwMDAwMAA=', 'VTE_VERSION': '7600', 'CMAKE_PREFIX_PATH': '/home/v1/Desktop/Beizo/arm_ws/install/roarm_msgs:/home/v1/Desktop/Beizo/arm_ws/install/roarm_moveit_config:/opt/ros/jazzy/opt/gz_sim_vendor:/opt/ros/jazzy/opt/gz_sensors_vendor:/opt/ros/jazzy/opt/gz_physics_vendor:/opt/ros/jazzy/opt/sdformat_vendor:/opt/ros/jazzy/opt/gz_gui_vendor:/opt/ros/jazzy/opt/gz_transport_vendor:/opt/ros/jazzy/opt/gz_rendering_vendor:/opt/ros/jazzy/opt/gz_plugin_vendor:/opt/ros/jazzy/opt/gz_fuel_tools_vendor:/opt/ros/jazzy/opt/gz_msgs_vendor:/opt/ros/jazzy/opt/gz_common_vendor:/opt/ros/jazzy/opt/gz_math_vendor:/opt/ros/jazzy/opt/gz_utils_vendor:/opt/ros/jazzy/opt/gz_tools_vendor:/opt/ros/jazzy/opt/gz_ogre_next_vendor:/opt/ros/jazzy/opt/gz_dartsim_vendor:/opt/ros/jazzy/opt/gz_cmake_vendor:/home/v1/Desktop/Beizo/arm_ws/install/roarm_moveit_cmd:/home/v1/Desktop/Beizo/arm_ws/install/roarm_driver:/home/v1/Desktop/Beizo/arm_ws/install/roarm_description:/opt/ros/jazzy'}), 'shell': False}
[4.509921] (-) TimerEvent: {}
[4.526250] (roarm_moveit_config) CommandEnded: {'returncode': 0}
[4.527405] (roarm_moveit_config) JobProgress: {'identifier': 'roarm_moveit_config', 'progress': 'install'}
[4.543423] (roarm_moveit_config) Command: {'cmd': ['/usr/bin/cmake', '--install', '/home/v1/Desktop/Beizo/arm_ws/build/roarm_moveit_config'], 'cwd': '/home/v1/Desktop/Beizo/arm_ws/build/roarm_moveit_config', 'env': OrderedDict({'LESSOPEN': '| /usr/bin/lesspipe %s', 'CONDA_PROMPT_MODIFIER': '', 'USER': 'v1', 'GZ_CONFIG_PATH': '/opt/ros/jazzy/opt/gz_sim_vendor/share/gz:/opt/ros/jazzy/opt/sdformat_vendor/share/gz:/opt/ros/jazzy/opt/gz_gui_vendor/share/gz:/opt/ros/jazzy/opt/gz_transport_vendor/share/gz:/opt/ros/jazzy/opt/gz_rendering_vendor/share/gz:/opt/ros/jazzy/opt/gz_plugin_vendor/share/gz:/opt/ros/jazzy/opt/gz_fuel_tools_vendor/share/gz:/opt/ros/jazzy/opt/gz_msgs_vendor/share/gz:/opt/ros/jazzy/opt/gz_common_vendor/share/gz', 'XDG_SESSION_TYPE': 'x11', 'SHLVL': '1', 'LD_LIBRARY_PATH': '/home/v1/Desktop/Beizo/arm_ws/install/roarm_msgs/lib:/opt/ros/jazzy/opt/gz_sim_vendor/lib:/opt/ros/jazzy/opt/gz_sensors_vendor/lib:/opt/ros/jazzy/opt/gz_physics_vendor/lib:/opt/ros/jazzy/opt/sdformat_vendor/lib:/opt/ros/jazzy/opt/rviz_ogre_vendor/lib:/opt/ros/jazzy/lib/x86_64-linux-gnu:/opt/ros/jazzy/opt/gz_gui_vendor/lib:/opt/ros/jazzy/opt/gz_transport_vendor/lib:/opt/ros/jazzy/opt/gz_rendering_vendor/lib:/opt/ros/jazzy/opt/gz_plugin_vendor/lib:/opt/ros/jazzy/opt/gz_fuel_tools_vendor/lib:/opt/ros/jazzy/opt/gz_msgs_vendor/lib:/opt/ros/jazzy/opt/gz_common_vendor/lib:/opt/ros/jazzy/opt/gz_math_vendor/lib:/opt/ros/jazzy/opt/gz_utils_vendor/lib:/opt/ros/jazzy/opt/gz_tools_vendor/lib:/opt/ros/jazzy/opt/gz_ogre_next_vendor/lib:/opt/ros/jazzy/opt/gz_dartsim_vendor/lib:/opt/ros/jazzy/opt/gz_cmake_vendor/lib:/opt/ros/jazzy/lib', 'HOME': '/home/v1', 'CONDA_SHLVL': '0', 'OLDPWD': '/home/v1/Desktop/Beizo/arm_ws', 'DESKTOP_SESSION': 'ubuntu', 'ROS_PYTHON_VERSION': '3', 'GNOME_SHELL_SESSION_MODE': 'ubuntu', 'GTK_MODULES': 'gail:atk-bridge', 'DBUS_STARTER_BUS_TYPE': 'session', 'SYSTEMD_EXEC_PID': '2804', 'GSM_SKIP_SSH_AGENT_WORKAROUND': 'true', 'DBUS_SESSION_BUS_ADDRESS': 'unix:path=/run/user/1000/bus,guid=3ba906d04fd751587edc35ef69c00925', 'COLORTERM': 'truecolor', '_CE_M': '', '_CONDA_ROOT': '/home/v1/miniconda3', 'DEBUGINFOD_URLS': 'https://debuginfod.ubuntu.com', 'COLCON_PREFIX_PATH': '/home/v1/Desktop/Beizo/arm_ws/install', 'ROS_DISTRO': 'jazzy', 'LOGNAME': 'v1', '_': '/usr/bin/colcon', 'ROS_VERSION': '2', 'MEMORY_PRESSURE_WATCH': '/sys/fs/cgroup/user.slice/user-1000.slice/user@1000.service/app.slice/app-gnome\\x2dsession\\x2dmanager.slice/gnome-session-manager@ubuntu.service/memory.pressure', 'XDG_SESSION_CLASS': 'user', 'USERNAME': 'v1', 'TERM': 'xterm-256color', 'GNOME_DESKTOP_SESSION_ID': 'this-is-deprecated', '_CE_CONDA': '', 'WINDOWPATH': '2', 'PATH': '/home/v1/.local/bin:/opt/ros/jazzy/opt/gz_msgs_vendor/bin:/opt/ros/jazzy/opt/gz_tools_vendor/bin:/opt/ros/jazzy/opt/gz_ogre_next_vendor/bin:/opt/ros/jazzy/bin:/home/v1/miniconda3/condabin:/home/v1/.local/bin:/usr/local/sbin:/usr/local/bin:/usr/sbin:/usr/bin:/sbin:/bin:/usr/games:/usr/local/games:/snap/bin:/snap/bin', 'SESSION_MANAGER': 'local/v1-HP:@/tmp/.ICE-unix/2804,unix/v1-HP:/tmp/.ICE-unix/2804', 'XDG_MENU_PREFIX': 'gnome-', 'GNOME_TERMINAL_SCREEN': '/org/gnome/Terminal/screen/e1b9f660_fc67_4777_a564_ed89d225cadb', 'XDG_RUNTIME_DIR': '/run/user/1000', 'DISPLAY': ':1', 'LANG': 'en_US.UTF-8', 'XDG_CURRENT_DESKTOP': 'ubuntu:GNOME', 'RMW_IMPLEMENTATION': 'rmw_cyclonedds_cpp', 'XMODIFIERS': '@im=ibus', 'XDG_SESSION_DESKTOP': 'ubuntu', 'XAUTHORITY': '/run/user/1000/gdm/Xauthority', 'LS_COLORS': 'rs=0:di=01;34:ln=01;36:mh=00:pi=40;33:so=01;35:do=01;35:bd=40;33;01:cd=40;33;01:or=40;31;01:mi=00:su=37;41:sg=30;43:ca=00:tw=30;42:ow=34;42:st=37;44:ex=01;32:*.tar=01;31:*.tgz=01;31:*.arc=01;31:*.arj=01;31:*.taz=01;31:*.lha=01;31:*.lz4=01;31:*.lzh=01;31:*.lzma=01;31:*.tlz=01;31:*.txz=01;31:*.tzo=01;31:*.t7z=01;31:*.zip=01;31:*.z=01;31:*.dz=01;31:*.gz=01;31:*.lrz=01;31:*.lz=01;31:*.lzo=01;31:*.xz=01;31:*.zst=01;31:*.tzst=01;31:*.bz2=01;31:*.bz=01;31:*.tbz=01;31:*.tbz2=01;31:*.tz=01;31:*.deb=01;31:*.rpm=01;31:*.jar=01;31:*.war=01;31:*.ear=01;31:*.sar=01;31:*.rar=01;31:*.alz=01;31:*.ace=01;31:*.zoo=01;31:*.cpio=01;31:*.7z=01;31:*.rz=01;31:*.cab=01;31:*.wim=01;31:*.swm=01;31:*.dwm=01;31:*.esd=01;31:*.avif=01;35:*.jpg=01;35:*.jpeg=01;35:*.mjpg=01;35:*.mjpeg=01;35:*.gif=01;35:*.bmp=01;35:*.pbm=01;35:*.pgm=01;35:*.ppm=01;35:*.tga=01;35:*.xbm=01;35:*.xpm=01;35:*.tif=01;35:*.tiff=01;35:*.png=01;35:*.svg=01;35:*.svgz=01;35:*.mng=01;35:*.pcx=01;35:*.mov=01;35:*.mpg=01;35:*.mpeg=01;35:*.m2v=01;35:*.mkv=01;35:*.webm=01;35:*.webp=01;35:*.ogm=01;35:*.mp4=01;35:*.m4v=01;35:*.mp4v=01;35:*.vob=01;35:*.qt=01;35:*.nuv=01;35:*.wmv=01;35:*.asf=01;35:*.rm=01;35:*.rmvb=01;35:*.flc=01;35:*.avi=01;35:*.fli=01;35:*.flv=01;35:*.gl=01;35:*.dl=01;35:*.xcf=01;35:*.xwd=01;35:*.yuv=01;35:*.cgm=01;35:*.emf=01;35:*.ogv=01;35:*.ogx=01;35:*.aac=00;36:*.au=00;36:*.flac=00;36:*.m4a=00;36:*.mid=00;36:*.midi=00;36:*.mka=00;36:*.mp3=00;36:*.mpc=00;36:*.ogg=00;36:*.ra=00;36:*.wav=00;36:*.oga=00;36:*.opus=00;36:*.spx=00;36:*.xspf=00;36:*~=00;90:*#=00;90:*.bak=00;90:*.crdownload=00;90:*.dpkg-dist=00;90:*.dpkg-new=00;90:*.dpkg-old=00;90:*.dpkg-tmp=00;90:*.old=00;90:*.orig=00;90:*.part=00;90:*.rej=00;90:*.rpmnew=00;90:*.rpmorig=00;90:*.rpmsave=00;90:*.swp=00;90:*.tmp=00;90:*.ucf-dist=00;90:*.ucf-new=00;90:*.ucf-old=00;90:', 'GNOME_TERMINAL_SERVICE': ':1.616', 'SSH_AUTH_SOCK': '/run/user/1000/keyring/ssh', 'AMENT_PREFIX_PATH': '/home/v1/Desktop/Beizo/arm_ws/install/roarm_description:/home/v1/Desktop/Beizo/arm_ws/install/roarm_msgs:/home/v1/Desktop/Beizo/arm_ws/install/roarm_moveit_config:/home/v1/Desktop/Beizo/arm_ws/install/roarm_moveit_cmd:/home/v1/Desktop/Beizo/arm_ws/install/roarm_driver:/opt/ros/jazzy', 'CONDA_PYTHON_EXE': '/home/v1/miniconda3/bin/python', 'SHELL': '/bin/bash', 'QT_ACCESSIBILITY': '1', 'GDMSESSION': 'ubuntu', 'LESSCLOSE': '/usr/bin/lesspipe %s %s', 'CONDA_DEFAULT_ENV': '', 'GPG_AGENT_INFO': '/run/user/1000/gnupg/S.gpg-agent:0:1', '_CONDA_EXE': '/home/v1/miniconda3/bin/conda', 'ROS_AUTOMATIC_DISCOVERY_RANGE': 'SUBNET', 'QT_IM_MODULE': 'ibus', 'PWD': '/home/v1/Desktop/Beizo/arm_ws/build/roarm_moveit_config', 'LC_ALL': 'en_US.UTF-8', 'XDG_CONFIG_DIRS': '/etc/xdg/xdg-ubuntu:/etc/xdg', 'CONDA_EXE': '/home/v1/miniconda3/bin/conda', 'DBUS_STARTER_ADDRESS': 'unix:path=/run/user/1000/bus,guid=3ba906d04fd751587edc35ef69c00925', 'XDG_DATA_DIRS': '/usr/share/ubuntu:/usr/share/gnome:/usr/local/share/:/usr/share/:/var/lib/snapd/desktop', 'PYTHONPATH': '/home/v1/Desktop/Beizo/arm_ws/install/roarm_description/lib/python3.12/site-packages:/home/v1/Desktop/Beizo/arm_ws/install/roarm_msgs/lib/python3.12/site-packages:/home/v1/Desktop/Beizo/arm_ws/install/roarm_moveit_cmd/lib/python3.12/site-packages:/home/v1/Desktop/Beizo/arm_ws/install/roarm_driver/lib/python3.12/site-packages:/opt/ros/jazzy/lib/python3.12/site-packages', 'CONDA_PREFIX': '', 'COLCON': '1', 'MEMORY_PRESSURE_WRITE': 'c29tZSAyMDAwMDAgMjAwMDAwMAA=', 'VTE_VERSION': '7600', 'CMAKE_PREFIX_PATH': '/home/v1/Desktop/Beizo/arm_ws/install/roarm_msgs:/home/v1/Desktop/Beizo/arm_ws/install/roarm_moveit_config:/opt/ros/jazzy/opt/gz_sim_vendor:/opt/ros/jazzy/opt/gz_sensors_vendor:/opt/ros/jazzy/opt/gz_physics_vendor:/opt/ros/jazzy/opt/sdformat_vendor:/opt/ros/jazzy/opt/gz_gui_vendor:/opt/ros/jazzy/opt/gz_transport_vendor:/opt/ros/jazzy/opt/gz_rendering_vendor:/opt/ros/jazzy/opt/gz_plugin_vendor:/opt/ros/jazzy/opt/gz_fuel_tools_vendor:/opt/ros/jazzy/opt/gz_msgs_vendor:/opt/ros/jazzy/opt/gz_common_vendor:/opt/ros/jazzy/opt/gz_math_vendor:/opt/ros/jazzy/opt/gz_utils_vendor:/opt/ros/jazzy/opt/gz_tools_vendor:/opt/ros/jazzy/opt/gz_ogre_next_vendor:/opt/ros/jazzy/opt/gz_dartsim_vendor:/opt/ros/jazzy/opt/gz_cmake_vendor:/home/v1/Desktop/Beizo/arm_ws/install/roarm_moveit_cmd:/home/v1/Desktop/Beizo/arm_ws/install/roarm_driver:/home/v1/Desktop/Beizo/arm_ws/install/roarm_description:/opt/ros/jazzy'}), 'shell': False}
[4.553833] (roarm_moveit_config) StdoutLine: {'line': b'-- Install configuration: ""\n'}
[4.554141] (roarm_moveit_config) StdoutLine: {'line': b'-- Installing: /home/v1/Desktop/Beizo/arm_ws/install/roarm_moveit_config/share/roarm_moveit_config/config\n'}
[4.554677] (roarm_moveit_config) StdoutLine: {'line': b'-- Installing: /home/v1/Desktop/Beizo/arm_ws/install/roarm_moveit_config/share/roarm_moveit_config/config/moveit_controllers.yaml\n'}
[4.554996] (roarm_moveit_config) StdoutLine: {'line': b'-- Installing: /home/v1/Desktop/Beizo/arm_ws/install/roarm_moveit_config/share/roarm_moveit_config/config/joint_limits.yaml\n'}
[4.555262] (roarm_moveit_config) StdoutLine: {'line': b'-- Installing: /home/v1/Desktop/Beizo/arm_ws/install/roarm_moveit_config/share/roarm_moveit_config/config/ros2_controllers.yaml\n'}
[4.555484] (roarm_moveit_config) StdoutLine: {'line': b'-- Installing: /home/v1/Desktop/Beizo/arm_ws/install/roarm_moveit_config/share/roarm_moveit_config/config/sensors_3d.yaml\n'}
[4.555736] (roarm_moveit_config) StdoutLine: {'line': b'-- Installing: /home/v1/Desktop/Beizo/arm_ws/install/roarm_moveit_config/share/roarm_moveit_config/config/kinematics.yaml\n'}
[4.555955] (roarm_moveit_config) StdoutLine: {'line': b'-- Installing: /home/v1/Desktop/Beizo/arm_ws/install/roarm_moveit_config/share/roarm_moveit_config/config/ompl_planning.yaml\n'}
[4.556114] (roarm_moveit_config) StdoutLine: {'line': b'-- Installing: /home/v1/Desktop/Beizo/arm_ws/install/roarm_moveit_config/share/roarm_moveit_config/config/roarm_m3.srdf\n'}
[4.556405] (roarm_moveit_config) StdoutLine: {'line': b'-- Installing: /home/v1/Desktop/Beizo/arm_ws/install/roarm_moveit_config/share/roarm_moveit_config/config/moveit.rviz\n'}
[4.556636] (roarm_moveit_config) StdoutLine: {'line': b'-- Installing: /home/v1/Desktop/Beizo/arm_ws/install/roarm_moveit_config/share/roarm_moveit_config/config/initial_positions.yaml\n'}
[4.556825] (roarm_moveit_config) StdoutLine: {'line': b'-- Installing: /home/v1/Desktop/Beizo/arm_ws/install/roarm_moveit_config/share/roarm_moveit_config/config/roarm_m3.ros2_control.xacro\n'}
[4.557077] (roarm_moveit_config) StdoutLine: {'line': b'-- Installing: /home/v1/Desktop/Beizo/arm_ws/install/roarm_moveit_config/share/roarm_moveit_config/config/roarm_m3.urdf.xacro\n'}
[4.557288] (roarm_moveit_config) StdoutLine: {'line': b'-- Installing: /home/v1/Desktop/Beizo/arm_ws/install/roarm_moveit_config/share/roarm_moveit_config/launch\n'}
[4.557508] (roarm_moveit_config) StdoutLine: {'line': b'-- Installing: /home/v1/Desktop/Beizo/arm_ws/install/roarm_moveit_config/share/roarm_moveit_config/launch/demo.launch.py\n'}
[4.557736] (roarm_moveit_config) StdoutLine: {'line': b'-- Installing: /home/v1/Desktop/Beizo/arm_ws/install/roarm_moveit_config/share/roarm_moveit_config/launch/xyz_control.launch.py\n'}
[4.557957] (roarm_moveit_config) StdoutLine: {'line': b'-- Installing: /home/v1/Desktop/Beizo/arm_ws/install/roarm_moveit_config/share/roarm_moveit_config/launch/roarm_moveit.launch.py\n'}
[4.558146] (roarm_moveit_config) StdoutLine: {'line': b'-- Installing: /home/v1/Desktop/Beizo/arm_ws/install/roarm_moveit_config/share/ament_index/resource_index/package_run_dependencies/roarm_moveit_config\n'}
[4.558306] (roarm_moveit_config) StdoutLine: {'line': b'-- Installing: /home/v1/Desktop/Beizo/arm_ws/install/roarm_moveit_config/share/ament_index/resource_index/parent_prefix_path/roarm_moveit_config\n'}
[4.558483] (roarm_moveit_config) StdoutLine: {'line': b'-- Installing: /home/v1/Desktop/Beizo/arm_ws/install/roarm_moveit_config/share/roarm_moveit_config/environment/ament_prefix_path.sh\n'}
[4.558610] (roarm_moveit_config) StdoutLine: {'line': b'-- Installing: /home/v1/Desktop/Beizo/arm_ws/install/roarm_moveit_config/share/roarm_moveit_config/environment/ament_prefix_path.dsv\n'}
[4.558712] (roarm_moveit_config) StdoutLine: {'line': b'-- Installing: /home/v1/Desktop/Beizo/arm_ws/install/roarm_moveit_config/share/roarm_moveit_config/environment/path.sh\n'}
[4.558813] (roarm_moveit_config) StdoutLine: {'line': b'-- Installing: /home/v1/Desktop/Beizo/arm_ws/install/roarm_moveit_config/share/roarm_moveit_config/environment/path.dsv\n'}
[4.558957] (roarm_moveit_config) StdoutLine: {'line': b'-- Installing: /home/v1/Desktop/Beizo/arm_ws/install/roarm_moveit_config/share/roarm_moveit_config/local_setup.bash\n'}
[4.559053] (roarm_moveit_config) StdoutLine: {'line': b'-- Installing: /home/v1/Desktop/Beizo/arm_ws/install/roarm_moveit_config/share/roarm_moveit_config/local_setup.sh\n'}
[4.559145] (roarm_moveit_config) StdoutLine: {'line': b'-- Installing: /home/v1/Desktop/Beizo/arm_ws/install/roarm_moveit_config/share/roarm_moveit_config/local_setup.zsh\n'}
[4.560902] (roarm_moveit_config) StdoutLine: {'line': b'-- Installing: /home/v1/Desktop/Beizo/arm_ws/install/roarm_moveit_config/share/roarm_moveit_config/local_setup.dsv\n'}
[4.561285] (roarm_moveit_config) StdoutLine: {'line': b'-- Installing: /home/v1/Desktop/Beizo/arm_ws/install/roarm_moveit_config/share/roarm_moveit_config/package.dsv\n'}
[4.564951] (roarm_moveit_config) StdoutLine: {'line': b'-- Installing: /home/v1/Desktop/Beizo/arm_ws/install/roarm_moveit_config/share/ament_index/resource_index/packages/roarm_moveit_config\n'}
[4.565138] (roarm_moveit_config) StdoutLine: {'line': b'-- Installing: /home/v1/Desktop/Beizo/arm_ws/install/roarm_moveit_config/share/roarm_moveit_config/cmake/roarm_moveit_configConfig.cmake\n'}
[4.565241] (roarm_moveit_config) StdoutLine: {'line': b'-- Installing: /home/v1/Desktop/Beizo/arm_ws/install/roarm_moveit_config/share/roarm_moveit_config/cmake/roarm_moveit_configConfig-version.cmake\n'}
[4.565335] (roarm_moveit_config) StdoutLine: {'line': b'-- Installing: /home/v1/Desktop/Beizo/arm_ws/install/roarm_moveit_config/share/roarm_moveit_config/package.xml\n'}
[4.566267] (roarm_moveit_config) CommandEnded: {'returncode': 0}
[4.583776] (roarm_moveit_config) JobEnded: {'identifier': 'roarm_moveit_config', 'rc': 0}
[4.610030] (-) TimerEvent: {}
[4.710292] (-) TimerEvent: {}
[4.810538] (-) TimerEvent: {}
[4.910819] (-) TimerEvent: {}
[4.951983] (roarm_msgs) StdoutLine: {'line': b'-- Found Python3: /usr/bin/python3 (found version "3.12.3") found components: Interpreter Development NumPy Development.Module Development.Embed \n'}
[5.004108] (roarm_msgs) StdoutLine: {'line': b'-- Configuring done (4.7s)\n'}
[5.010918] (-) TimerEvent: {}
[5.051556] (roarm_msgs) StdoutLine: {'line': b'-- Generating done (0.0s)\n'}
[5.067281] (roarm_msgs) StdoutLine: {'line': b'-- Build files have been written to: /home/v1/Desktop/Beizo/arm_ws/build/roarm_msgs\n'}
[5.075618] (roarm_msgs) CommandEnded: {'returncode': 0}
[5.076230] (roarm_msgs) JobProgress: {'identifier': 'roarm_msgs', 'progress': 'build'}
[5.076261] (roarm_msgs) Command: {'cmd': ['/usr/bin/cmake', '--build', '/home/v1/Desktop/Beizo/arm_ws/build/roarm_msgs', '--', '-j8', '-l8'], 'cwd': '/home/v1/Desktop/Beizo/arm_ws/build/roarm_msgs', 'env': OrderedDict({'LESSOPEN': '| /usr/bin/lesspipe %s', 'CONDA_PROMPT_MODIFIER': '', 'USER': 'v1', 'GZ_CONFIG_PATH': '/opt/ros/jazzy/opt/gz_sim_vendor/share/gz:/opt/ros/jazzy/opt/sdformat_vendor/share/gz:/opt/ros/jazzy/opt/gz_gui_vendor/share/gz:/opt/ros/jazzy/opt/gz_transport_vendor/share/gz:/opt/ros/jazzy/opt/gz_rendering_vendor/share/gz:/opt/ros/jazzy/opt/gz_plugin_vendor/share/gz:/opt/ros/jazzy/opt/gz_fuel_tools_vendor/share/gz:/opt/ros/jazzy/opt/gz_msgs_vendor/share/gz:/opt/ros/jazzy/opt/gz_common_vendor/share/gz', 'XDG_SESSION_TYPE': 'x11', 'SHLVL': '1', 'LD_LIBRARY_PATH': '/home/v1/Desktop/Beizo/arm_ws/install/roarm_msgs/lib:/opt/ros/jazzy/opt/gz_sim_vendor/lib:/opt/ros/jazzy/opt/gz_sensors_vendor/lib:/opt/ros/jazzy/opt/gz_physics_vendor/lib:/opt/ros/jazzy/opt/sdformat_vendor/lib:/opt/ros/jazzy/opt/rviz_ogre_vendor/lib:/opt/ros/jazzy/lib/x86_64-linux-gnu:/opt/ros/jazzy/opt/gz_gui_vendor/lib:/opt/ros/jazzy/opt/gz_transport_vendor/lib:/opt/ros/jazzy/opt/gz_rendering_vendor/lib:/opt/ros/jazzy/opt/gz_plugin_vendor/lib:/opt/ros/jazzy/opt/gz_fuel_tools_vendor/lib:/opt/ros/jazzy/opt/gz_msgs_vendor/lib:/opt/ros/jazzy/opt/gz_common_vendor/lib:/opt/ros/jazzy/opt/gz_math_vendor/lib:/opt/ros/jazzy/opt/gz_utils_vendor/lib:/opt/ros/jazzy/opt/gz_tools_vendor/lib:/opt/ros/jazzy/opt/gz_ogre_next_vendor/lib:/opt/ros/jazzy/opt/gz_dartsim_vendor/lib:/opt/ros/jazzy/opt/gz_cmake_vendor/lib:/opt/ros/jazzy/lib', 'HOME': '/home/v1', 'CONDA_SHLVL': '0', 'OLDPWD': '/home/v1/Desktop/Beizo/arm_ws', 'DESKTOP_SESSION': 'ubuntu', 'ROS_PYTHON_VERSION': '3', 'GNOME_SHELL_SESSION_MODE': 'ubuntu', 'GTK_MODULES': 'gail:atk-bridge', 'DBUS_STARTER_BUS_TYPE': 'session', 'SYSTEMD_EXEC_PID': '2804', 'GSM_SKIP_SSH_AGENT_WORKAROUND': 'true', 'DBUS_SESSION_BUS_ADDRESS': 'unix:path=/run/user/1000/bus,guid=3ba906d04fd751587edc35ef69c00925', 'COLORTERM': 'truecolor', '_CE_M': '', '_CONDA_ROOT': '/home/v1/miniconda3', 'DEBUGINFOD_URLS': 'https://debuginfod.ubuntu.com', 'COLCON_PREFIX_PATH': '/home/v1/Desktop/Beizo/arm_ws/install', 'ROS_DISTRO': 'jazzy', 'LOGNAME': 'v1', '_': '/usr/bin/colcon', 'ROS_VERSION': '2', 'MEMORY_PRESSURE_WATCH': '/sys/fs/cgroup/user.slice/user-1000.slice/user@1000.service/app.slice/app-gnome\\x2dsession\\x2dmanager.slice/gnome-session-manager@ubuntu.service/memory.pressure', 'XDG_SESSION_CLASS': 'user', 'USERNAME': 'v1', 'TERM': 'xterm-256color', 'GNOME_DESKTOP_SESSION_ID': 'this-is-deprecated', '_CE_CONDA': '', 'WINDOWPATH': '2', 'PATH': '/home/v1/.local/bin:/opt/ros/jazzy/opt/gz_msgs_vendor/bin:/opt/ros/jazzy/opt/gz_tools_vendor/bin:/opt/ros/jazzy/opt/gz_ogre_next_vendor/bin:/opt/ros/jazzy/bin:/home/v1/miniconda3/condabin:/home/v1/.local/bin:/usr/local/sbin:/usr/local/bin:/usr/sbin:/usr/bin:/sbin:/bin:/usr/games:/usr/local/games:/snap/bin:/snap/bin', 'SESSION_MANAGER': 'local/v1-HP:@/tmp/.ICE-unix/2804,unix/v1-HP:/tmp/.ICE-unix/2804', 'XDG_MENU_PREFIX': 'gnome-', 'GNOME_TERMINAL_SCREEN': '/org/gnome/Terminal/screen/e1b9f660_fc67_4777_a564_ed89d225cadb', 'XDG_RUNTIME_DIR': '/run/user/1000', 'DISPLAY': ':1', 'LANG': 'en_US.UTF-8', 'XDG_CURRENT_DESKTOP': 'ubuntu:GNOME', 'RMW_IMPLEMENTATION': 'rmw_cyclonedds_cpp', 'XMODIFIERS': '@im=ibus', 'XDG_SESSION_DESKTOP': 'ubuntu', 'XAUTHORITY': '/run/user/1000/gdm/Xauthority', 'LS_COLORS': 'rs=0:di=01;34:ln=01;36:mh=00:pi=40;33:so=01;35:do=01;35:bd=40;33;01:cd=40;33;01:or=40;31;01:mi=00:su=37;41:sg=30;43:ca=00:tw=30;42:ow=34;42:st=37;44:ex=01;32:*.tar=01;31:*.tgz=01;31:*.arc=01;31:*.arj=01;31:*.taz=01;31:*.lha=01;31:*.lz4=01;31:*.lzh=01;31:*.lzma=01;31:*.tlz=01;31:*.txz=01;31:*.tzo=01;31:*.t7z=01;31:*.zip=01;31:*.z=01;31:*.dz=01;31:*.gz=01;31:*.lrz=01;31:*.lz=01;31:*.lzo=01;31:*.xz=01;31:*.zst=01;31:*.tzst=01;31:*.bz2=01;31:*.bz=01;31:*.tbz=01;31:*.tbz2=01;31:*.tz=01;31:*.deb=01;31:*.rpm=01;31:*.jar=01;31:*.war=01;31:*.ear=01;31:*.sar=01;31:*.rar=01;31:*.alz=01;31:*.ace=01;31:*.zoo=01;31:*.cpio=01;31:*.7z=01;31:*.rz=01;31:*.cab=01;31:*.wim=01;31:*.swm=01;31:*.dwm=01;31:*.esd=01;31:*.avif=01;35:*.jpg=01;35:*.jpeg=01;35:*.mjpg=01;35:*.mjpeg=01;35:*.gif=01;35:*.bmp=01;35:*.pbm=01;35:*.pgm=01;35:*.ppm=01;35:*.tga=01;35:*.xbm=01;35:*.xpm=01;35:*.tif=01;35:*.tiff=01;35:*.png=01;35:*.svg=01;35:*.svgz=01;35:*.mng=01;35:*.pcx=01;35:*.mov=01;35:*.mpg=01;35:*.mpeg=01;35:*.m2v=01;35:*.mkv=01;35:*.webm=01;35:*.webp=01;35:*.ogm=01;35:*.mp4=01;35:*.m4v=01;35:*.mp4v=01;35:*.vob=01;35:*.qt=01;35:*.nuv=01;35:*.wmv=01;35:*.asf=01;35:*.rm=01;35:*.rmvb=01;35:*.flc=01;35:*.avi=01;35:*.fli=01;35:*.flv=01;35:*.gl=01;35:*.dl=01;35:*.xcf=01;35:*.xwd=01;35:*.yuv=01;35:*.cgm=01;35:*.emf=01;35:*.ogv=01;35:*.ogx=01;35:*.aac=00;36:*.au=00;36:*.flac=00;36:*.m4a=00;36:*.mid=00;36:*.midi=00;36:*.mka=00;36:*.mp3=00;36:*.mpc=00;36:*.ogg=00;36:*.ra=00;36:*.wav=00;36:*.oga=00;36:*.opus=00;36:*.spx=00;36:*.xspf=00;36:*~=00;90:*#=00;90:*.bak=00;90:*.crdownload=00;90:*.dpkg-dist=00;90:*.dpkg-new=00;90:*.dpkg-old=00;90:*.dpkg-tmp=00;90:*.old=00;90:*.orig=00;90:*.part=00;90:*.rej=00;90:*.rpmnew=00;90:*.rpmorig=00;90:*.rpmsave=00;90:*.swp=00;90:*.tmp=00;90:*.ucf-dist=00;90:*.ucf-new=00;90:*.ucf-old=00;90:', 'GNOME_TERMINAL_SERVICE': ':1.616', 'SSH_AUTH_SOCK': '/run/user/1000/keyring/ssh', 'AMENT_PREFIX_PATH': '/home/v1/Desktop/Beizo/arm_ws/install/roarm_msgs:/home/v1/Desktop/Beizo/arm_ws/install/roarm_moveit_config:/home/v1/Desktop/Beizo/arm_ws/install/roarm_moveit_cmd:/home/v1/Desktop/Beizo/arm_ws/install/roarm_driver:/home/v1/Desktop/Beizo/arm_ws/install/roarm_description:/opt/ros/jazzy', 'CONDA_PYTHON_EXE': '/home/v1/miniconda3/bin/python', 'SHELL': '/bin/bash', 'QT_ACCESSIBILITY': '1', 'GDMSESSION': 'ubuntu', 'LESSCLOSE': '/usr/bin/lesspipe %s %s', 'CONDA_DEFAULT_ENV': '', 'GPG_AGENT_INFO': '/run/user/1000/gnupg/S.gpg-agent:0:1', '_CONDA_EXE': '/home/v1/miniconda3/bin/conda', 'ROS_AUTOMATIC_DISCOVERY_RANGE': 'SUBNET', 'QT_IM_MODULE': 'ibus', 'PWD': '/home/v1/Desktop/Beizo/arm_ws/build/roarm_msgs', 'LC_ALL': 'en_US.UTF-8', 'XDG_CONFIG_DIRS': '/etc/xdg/xdg-ubuntu:/etc/xdg', 'CONDA_EXE': '/home/v1/miniconda3/bin/conda', 'DBUS_STARTER_ADDRESS': 'unix:path=/run/user/1000/bus,guid=3ba906d04fd751587edc35ef69c00925', 'XDG_DATA_DIRS': '/usr/share/ubuntu:/usr/share/gnome:/usr/local/share/:/usr/share/:/var/lib/snapd/desktop', 'PYTHONPATH': '/home/v1/Desktop/Beizo/arm_ws/install/roarm_msgs/lib/python3.12/site-packages:/home/v1/Desktop/Beizo/arm_ws/install/roarm_moveit_cmd/lib/python3.12/site-packages:/home/v1/Desktop/Beizo/arm_ws/install/roarm_driver/lib/python3.12/site-packages:/home/v1/Desktop/Beizo/arm_ws/install/roarm_description/lib/python3.12/site-packages:/opt/ros/jazzy/lib/python3.12/site-packages', 'CONDA_PREFIX': '', 'COLCON': '1', 'MEMORY_PRESSURE_WRITE': 'c29tZSAyMDAwMDAgMjAwMDAwMAA=', 'VTE_VERSION': '7600', 'CMAKE_PREFIX_PATH': '/home/v1/Desktop/Beizo/arm_ws/install/roarm_msgs:/home/v1/Desktop/Beizo/arm_ws/install/roarm_moveit_config:/opt/ros/jazzy/opt/gz_sim_vendor:/opt/ros/jazzy/opt/gz_sensors_vendor:/opt/ros/jazzy/opt/gz_physics_vendor:/opt/ros/jazzy/opt/sdformat_vendor:/opt/ros/jazzy/opt/gz_gui_vendor:/opt/ros/jazzy/opt/gz_transport_vendor:/opt/ros/jazzy/opt/gz_rendering_vendor:/opt/ros/jazzy/opt/gz_plugin_vendor:/opt/ros/jazzy/opt/gz_fuel_tools_vendor:/opt/ros/jazzy/opt/gz_msgs_vendor:/opt/ros/jazzy/opt/gz_common_vendor:/opt/ros/jazzy/opt/gz_math_vendor:/opt/ros/jazzy/opt/gz_utils_vendor:/opt/ros/jazzy/opt/gz_tools_vendor:/opt/ros/jazzy/opt/gz_ogre_next_vendor:/opt/ros/jazzy/opt/gz_dartsim_vendor:/opt/ros/jazzy/opt/gz_cmake_vendor:/home/v1/Desktop/Beizo/arm_ws/install/roarm_moveit_cmd:/home/v1/Desktop/Beizo/arm_ws/install/roarm_driver:/home/v1/Desktop/Beizo/arm_ws/install/roarm_description:/opt/ros/jazzy'}), 'shell': False}
[5.111024] (-) TimerEvent: {}
[5.136084] (roarm_msgs) StdoutLine: {'line': b'[  2%] \x1b[34m\x1b[1mGenerating type hashes for ROS interfaces\x1b[0m\n'}
[5.168592] (roarm_msgs) StdoutLine: {'line': b'[  2%] Built target ament_cmake_python_copy_roarm_msgs\n'}
[5.211134] (-) TimerEvent: {}
[5.311424] (-) TimerEvent: {}
[5.411706] (-) TimerEvent: {}
[5.456824] (roarm_msgs) StdoutLine: {'line': b'[  2%] Built target roarm_msgs__rosidl_generator_type_description\n'}
[5.470027] (roarm_msgs) StdoutLine: {'line': b'[  5%] \x1b[34m\x1b[1mGenerating C code for ROS interfaces\x1b[0m\n'}
[5.482750] (roarm_msgs) StdoutLine: {'line': b'[  8%] \x1b[34m\x1b[1mGenerating C++ code for ROS interfaces\x1b[0m\n'}
[5.511819] (-) TimerEvent: {}
[5.612043] (-) TimerEvent: {}
[5.633482] (roarm_msgs) StdoutLine: {'line': b'running egg_info\n'}
[5.634400] (roarm_msgs) StdoutLine: {'line': b'creating roarm_msgs.egg-info\n'}
[5.675829] (roarm_msgs) StdoutLine: {'line': b'writing roarm_msgs.egg-info/PKG-INFO\n'}
[5.676191] (roarm_msgs) StdoutLine: {'line': b'writing dependency_links to roarm_msgs.egg-info/dependency_links.txt\n'}
[5.676942] (roarm_msgs) StdoutLine: {'line': b'writing top-level names to roarm_msgs.egg-info/top_level.txt\n'}
[5.677050] (roarm_msgs) StdoutLine: {'line': b"writing manifest file 'roarm_msgs.egg-info/SOURCES.txt'\n"}
[5.712152] (-) TimerEvent: {}
[5.799538] (roarm_msgs) StdoutLine: {'line': b"reading manifest file 'roarm_msgs.egg-info/SOURCES.txt'\n"}
[5.800155] (roarm_msgs) StdoutLine: {'line': b"writing manifest file 'roarm_msgs.egg-info/SOURCES.txt'\n"}
[5.812268] (-) TimerEvent: {}
[5.870924] (roarm_msgs) StdoutLine: {'line': b'[  8%] Built target ament_cmake_python_build_roarm_msgs_egg\n'}
[5.912444] (-) TimerEvent: {}
[5.945924] (roarm_msgs) StdoutLine: {'line': b'[ 11%] \x1b[32mBuilding C object CMakeFiles/roarm_msgs__rosidl_generator_c.dir/rosidl_generator_c/roarm_msgs/srv/detail/move_to_xyz__type_support.c.o\x1b[0m\n'}
[5.946639] (roarm_msgs) StdoutLine: {'line': b'[ 14%] \x1b[32mBuilding C object CMakeFiles/roarm_msgs__rosidl_generator_c.dir/rosidl_generator_c/roarm_msgs/srv/detail/move_to_xyz__description.c.o\x1b[0m\n'}
[5.950030] (roarm_msgs) StdoutLine: {'line': b'[ 17%] \x1b[32mBuilding C object CMakeFiles/roarm_msgs__rosidl_generator_c.dir/rosidl_generator_c/roarm_msgs/srv/detail/move_to_xyz__functions.c.o\x1b[0m\n'}
[5.952415] (roarm_msgs) StdoutLine: {'line': b'[ 17%] Built target roarm_msgs__cpp\n'}
[6.012585] (-) TimerEvent: {}
[6.113038] (-) TimerEvent: {}
[6.151384] (roarm_msgs) StdoutLine: {'line': b'[ 20%] \x1b[32m\x1b[1mLinking C shared library libroarm_msgs__rosidl_generator_c.so\x1b[0m\n'}
[6.213157] (-) TimerEvent: {}
[6.242910] (roarm_msgs) StdoutLine: {'line': b'[ 20%] Built target roarm_msgs__rosidl_generator_c\n'}
[6.274743] (roarm_msgs) StdoutLine: {'line': b'[ 23%] \x1b[34m\x1b[1mGenerating C type support for eProsima Fast-RTPS\x1b[0m\n'}
[6.276940] (roarm_msgs) StdoutLine: {'line': b'[ 26%] \x1b[34m\x1b[1mGenerating C introspection for ROS interfaces\x1b[0m\n'}
[6.277404] (roarm_msgs) StdoutLine: {'line': b'[ 29%] \x1b[34m\x1b[1mGenerating C++ introspection for ROS interfaces\x1b[0m\n'}
[6.277717] (roarm_msgs) StdoutLine: {'line': b'[ 32%] \x1b[34m\x1b[1mGenerating C++ type support dispatch for ROS interfaces\x1b[0m\n'}
[6.281926] (roarm_msgs) StdoutLine: {'line': b'[ 35%] \x1b[34m\x1b[1mGenerating C++ type support for eProsima Fast-RTPS\x1b[0m\n'}
[6.300778] (roarm_msgs) StdoutLine: {'line': b'[ 38%] \x1b[34m\x1b[1mGenerating C type support dispatch for ROS interfaces\x1b[0m\n'}
[6.313285] (-) TimerEvent: {}
[6.413914] (-) TimerEvent: {}
[6.514755] (-) TimerEvent: {}
[6.615471] (-) TimerEvent: {}
[6.715920] (-) TimerEvent: {}
[6.816909] (-) TimerEvent: {}
[6.917365] (-) TimerEvent: {}
[7.022732] (-) TimerEvent: {}
[7.123509] (-) TimerEvent: {}
[7.177971] (roarm_msgs) StdoutLine: {'line': b'[ 41%] \x1b[32mBuilding CXX object CMakeFiles/roarm_msgs__rosidl_typesupport_c.dir/rosidl_typesupport_c/roarm_msgs/srv/move_to_xyz__type_support.cpp.o\x1b[0m\n'}
[7.223925] (-) TimerEvent: {}
[7.227985] (roarm_msgs) StdoutLine: {'line': b'[ 44%] \x1b[32mBuilding CXX object CMakeFiles/roarm_msgs__rosidl_typesupport_cpp.dir/rosidl_typesupport_cpp/roarm_msgs/srv/move_to_xyz__type_support.cpp.o\x1b[0m\n'}
[7.242001] (roarm_msgs) StdoutLine: {'line': b'[ 47%] \x1b[32mBuilding C object CMakeFiles/roarm_msgs__rosidl_typesupport_introspection_c.dir/rosidl_typesupport_introspection_c/roarm_msgs/srv/detail/move_to_xyz__type_support.c.o\x1b[0m\n'}
[7.324052] (-) TimerEvent: {}
[7.332643] (roarm_msgs) StdoutLine: {'line': b'[ 50%] \x1b[32mBuilding CXX object CMakeFiles/roarm_msgs__rosidl_typesupport_introspection_cpp.dir/rosidl_typesupport_introspection_cpp/roarm_msgs/srv/detail/move_to_xyz__type_support.cpp.o\x1b[0m\n'}
[7.347990] (roarm_msgs) StdoutLine: {'line': b'[ 52%] \x1b[32m\x1b[1mLinking CXX shared library libroarm_msgs__rosidl_typesupport_c.so\x1b[0m\n'}
[7.405085] (roarm_msgs) StdoutLine: {'line': b'[ 55%] \x1b[32m\x1b[1mLinking C shared library libroarm_msgs__rosidl_typesupport_introspection_c.so\x1b[0m\n'}
[7.424949] (-) TimerEvent: {}
[7.471459] (roarm_msgs) StdoutLine: {'line': b'[ 58%] \x1b[32mBuilding CXX object CMakeFiles/roarm_msgs__rosidl_typesupport_fastrtps_cpp.dir/rosidl_typesupport_fastrtps_cpp/roarm_msgs/srv/detail/dds_fastrtps/move_to_xyz__type_support.cpp.o\x1b[0m\n'}
[7.497962] (roarm_msgs) StdoutLine: {'line': b'[ 58%] Built target roarm_msgs__rosidl_typesupport_introspection_c\n'}
[7.507266] (roarm_msgs) StdoutLine: {'line': b'[ 58%] Built target roarm_msgs__rosidl_typesupport_c\n'}
[7.525384] (-) TimerEvent: {}
[7.529979] (roarm_msgs) StdoutLine: {'line': b'[ 61%] \x1b[32mBuilding CXX object CMakeFiles/roarm_msgs__rosidl_typesupport_fastrtps_c.dir/rosidl_typesupport_fastrtps_c/roarm_msgs/srv/detail/move_to_xyz__type_support_c.cpp.o\x1b[0m\n'}
[7.625471] (-) TimerEvent: {}
[7.725779] (-) TimerEvent: {}
[7.826134] (-) TimerEvent: {}
[7.926536] (-) TimerEvent: {}
[8.026805] (-) TimerEvent: {}
[8.077161] (roarm_msgs) StdoutLine: {'line': b'[ 64%] \x1b[32m\x1b[1mLinking CXX shared library libroarm_msgs__rosidl_typesupport_cpp.so\x1b[0m\n'}
[8.126923] (-) TimerEvent: {}
[8.148238] (roarm_msgs) StdoutLine: {'line': b'[ 67%] \x1b[32m\x1b[1mLinking CXX shared library libroarm_msgs__rosidl_typesupport_introspection_cpp.so\x1b[0m\n'}
[8.173973] (roarm_msgs) StdoutLine: {'line': b'[ 67%] Built target roarm_msgs__rosidl_typesupport_cpp\n'}
[8.213048] (roarm_msgs) StdoutLine: {'line': b'[ 70%] \x1b[32m\x1b[1mLinking CXX shared library libroarm_msgs__rosidl_typesupport_fastrtps_c.so\x1b[0m\n'}
[8.227015] (-) TimerEvent: {}
[8.250340] (roarm_msgs) StdoutLine: {'line': b'[ 70%] Built target roarm_msgs__rosidl_typesupport_introspection_cpp\n'}
[8.312575] (roarm_msgs) StdoutLine: {'line': b'[ 70%] Built target roarm_msgs__rosidl_typesupport_fastrtps_c\n'}
[8.327139] (-) TimerEvent: {}
[8.335573] (roarm_msgs) StdoutLine: {'line': b'[ 73%] \x1b[32m\x1b[1mLinking CXX shared library libroarm_msgs__rosidl_typesupport_fastrtps_cpp.so\x1b[0m\n'}
[8.418805] (roarm_msgs) StdoutLine: {'line': b'[ 73%] Built target roarm_msgs__rosidl_typesupport_fastrtps_cpp\n'}
[8.427235] (-) TimerEvent: {}
[8.444644] (roarm_msgs) StdoutLine: {'line': b'[ 73%] Built target roarm_msgs\n'}
[8.467916] (roarm_msgs) StdoutLine: {'line': b'[ 76%] \x1b[34m\x1b[1mGenerating Python code for ROS interfaces\x1b[0m\n'}
[8.527345] (-) TimerEvent: {}
[8.627638] (-) TimerEvent: {}
[8.727889] (-) TimerEvent: {}
[8.828131] (-) TimerEvent: {}
[8.850265] (roarm_msgs) StdoutLine: {'line': b'[ 76%] Built target roarm_msgs__py\n'}
[8.872252] (roarm_msgs) StdoutLine: {'line': b'[ 79%] \x1b[32mBuilding C object CMakeFiles/roarm_msgs__rosidl_generator_py.dir/rosidl_generator_py/roarm_msgs/srv/_move_to_xyz_s.c.o\x1b[0m\n'}
[8.928287] (-) TimerEvent: {}
[9.028688] (-) TimerEvent: {}
[9.129048] (-) TimerEvent: {}
[9.152994] (roarm_msgs) StdoutLine: {'line': b'[ 82%] \x1b[32m\x1b[1mLinking C shared library libroarm_msgs__rosidl_generator_py.so\x1b[0m\n'}
[9.229192] (-) TimerEvent: {}
[9.243494] (roarm_msgs) StdoutLine: {'line': b'[ 82%] Built target roarm_msgs__rosidl_generator_py\n'}
[9.287045] (roarm_msgs) StdoutLine: {'line': b'[ 85%] \x1b[32mBuilding C object CMakeFiles/roarm_msgs_s__rosidl_typesupport_introspection_c.dir/rosidl_generator_py/roarm_msgs/_roarm_msgs_s.ep.rosidl_typesupport_introspection_c.c.o\x1b[0m\n'}
[9.287565] (roarm_msgs) StdoutLine: {'line': b'[ 88%] \x1b[32mBuilding C object CMakeFiles/roarm_msgs_s__rosidl_typesupport_fastrtps_c.dir/rosidl_generator_py/roarm_msgs/_roarm_msgs_s.ep.rosidl_typesupport_fastrtps_c.c.o\x1b[0m\n'}
[9.288100] (roarm_msgs) StdoutLine: {'line': b'[ 91%] \x1b[32mBuilding C object CMakeFiles/roarm_msgs_s__rosidl_typesupport_c.dir/rosidl_generator_py/roarm_msgs/_roarm_msgs_s.ep.rosidl_typesupport_c.c.o\x1b[0m\n'}
[9.329327] (-) TimerEvent: {}
[9.429774] (-) TimerEvent: {}
[9.530253] (-) TimerEvent: {}
[9.541906] (roarm_msgs) StdoutLine: {'line': b'[ 94%] \x1b[32m\x1b[1mLinking C shared module rosidl_generator_py/roarm_msgs/roarm_msgs_s__rosidl_typesupport_c.so\x1b[0m\n'}
[9.542268] (roarm_msgs) StdoutLine: {'line': b'[ 97%] \x1b[32m\x1b[1mLinking C shared module rosidl_generator_py/roarm_msgs/roarm_msgs_s__rosidl_typesupport_introspection_c.so\x1b[0m\n'}
[9.546638] (roarm_msgs) StdoutLine: {'line': b'[100%] \x1b[32m\x1b[1mLinking C shared module rosidl_generator_py/roarm_msgs/roarm_msgs_s__rosidl_typesupport_fastrtps_c.so\x1b[0m\n'}
[9.610150] (roarm_msgs) StdoutLine: {'line': b'[100%] Built target roarm_msgs_s__rosidl_typesupport_introspection_c\n'}
[9.619587] (roarm_msgs) StdoutLine: {'line': b'[100%] Built target roarm_msgs_s__rosidl_typesupport_c\n'}
[9.624439] (roarm_msgs) StdoutLine: {'line': b'[100%] Built target roarm_msgs_s__rosidl_typesupport_fastrtps_c\n'}
[9.630407] (-) TimerEvent: {}
[9.653172] (roarm_msgs) CommandEnded: {'returncode': 0}
[9.654806] (roarm_msgs) JobProgress: {'identifier': 'roarm_msgs', 'progress': 'install'}
[9.656291] (roarm_msgs) Command: {'cmd': ['/usr/bin/cmake', '--install', '/home/v1/Desktop/Beizo/arm_ws/build/roarm_msgs'], 'cwd': '/home/v1/Desktop/Beizo/arm_ws/build/roarm_msgs', 'env': OrderedDict({'LESSOPEN': '| /usr/bin/lesspipe %s', 'CONDA_PROMPT_MODIFIER': '', 'USER': 'v1', 'GZ_CONFIG_PATH': '/opt/ros/jazzy/opt/gz_sim_vendor/share/gz:/opt/ros/jazzy/opt/sdformat_vendor/share/gz:/opt/ros/jazzy/opt/gz_gui_vendor/share/gz:/opt/ros/jazzy/opt/gz_transport_vendor/share/gz:/opt/ros/jazzy/opt/gz_rendering_vendor/share/gz:/opt/ros/jazzy/opt/gz_plugin_vendor/share/gz:/opt/ros/jazzy/opt/gz_fuel_tools_vendor/share/gz:/opt/ros/jazzy/opt/gz_msgs_vendor/share/gz:/opt/ros/jazzy/opt/gz_common_vendor/share/gz', 'XDG_SESSION_TYPE': 'x11', 'SHLVL': '1', 'LD_LIBRARY_PATH': '/home/v1/Desktop/Beizo/arm_ws/install/roarm_msgs/lib:/opt/ros/jazzy/opt/gz_sim_vendor/lib:/opt/ros/jazzy/opt/gz_sensors_vendor/lib:/opt/ros/jazzy/opt/gz_physics_vendor/lib:/opt/ros/jazzy/opt/sdformat_vendor/lib:/opt/ros/jazzy/opt/rviz_ogre_vendor/lib:/opt/ros/jazzy/lib/x86_64-linux-gnu:/opt/ros/jazzy/opt/gz_gui_vendor/lib:/opt/ros/jazzy/opt/gz_transport_vendor/lib:/opt/ros/jazzy/opt/gz_rendering_vendor/lib:/opt/ros/jazzy/opt/gz_plugin_vendor/lib:/opt/ros/jazzy/opt/gz_fuel_tools_vendor/lib:/opt/ros/jazzy/opt/gz_msgs_vendor/lib:/opt/ros/jazzy/opt/gz_common_vendor/lib:/opt/ros/jazzy/opt/gz_math_vendor/lib:/opt/ros/jazzy/opt/gz_utils_vendor/lib:/opt/ros/jazzy/opt/gz_tools_vendor/lib:/opt/ros/jazzy/opt/gz_ogre_next_vendor/lib:/opt/ros/jazzy/opt/gz_dartsim_vendor/lib:/opt/ros/jazzy/opt/gz_cmake_vendor/lib:/opt/ros/jazzy/lib', 'HOME': '/home/v1', 'CONDA_SHLVL': '0', 'OLDPWD': '/home/v1/Desktop/Beizo/arm_ws', 'DESKTOP_SESSION': 'ubuntu', 'ROS_PYTHON_VERSION': '3', 'GNOME_SHELL_SESSION_MODE': 'ubuntu', 'GTK_MODULES': 'gail:atk-bridge', 'DBUS_STARTER_BUS_TYPE': 'session', 'SYSTEMD_EXEC_PID': '2804', 'GSM_SKIP_SSH_AGENT_WORKAROUND': 'true', 'DBUS_SESSION_BUS_ADDRESS': 'unix:path=/run/user/1000/bus,guid=3ba906d04fd751587edc35ef69c00925', 'COLORTERM': 'truecolor', '_CE_M': '', '_CONDA_ROOT': '/home/v1/miniconda3', 'DEBUGINFOD_URLS': 'https://debuginfod.ubuntu.com', 'COLCON_PREFIX_PATH': '/home/v1/Desktop/Beizo/arm_ws/install', 'ROS_DISTRO': 'jazzy', 'LOGNAME': 'v1', '_': '/usr/bin/colcon', 'ROS_VERSION': '2', 'MEMORY_PRESSURE_WATCH': '/sys/fs/cgroup/user.slice/user-1000.slice/user@1000.service/app.slice/app-gnome\\x2dsession\\x2dmanager.slice/gnome-session-manager@ubuntu.service/memory.pressure', 'XDG_SESSION_CLASS': 'user', 'USERNAME': 'v1', 'TERM': 'xterm-256color', 'GNOME_DESKTOP_SESSION_ID': 'this-is-deprecated', '_CE_CONDA': '', 'WINDOWPATH': '2', 'PATH': '/home/v1/.local/bin:/opt/ros/jazzy/opt/gz_msgs_vendor/bin:/opt/ros/jazzy/opt/gz_tools_vendor/bin:/opt/ros/jazzy/opt/gz_ogre_next_vendor/bin:/opt/ros/jazzy/bin:/home/v1/miniconda3/condabin:/home/v1/.local/bin:/usr/local/sbin:/usr/local/bin:/usr/sbin:/usr/bin:/sbin:/bin:/usr/games:/usr/local/games:/snap/bin:/snap/bin', 'SESSION_MANAGER': 'local/v1-HP:@/tmp/.ICE-unix/2804,unix/v1-HP:/tmp/.ICE-unix/2804', 'XDG_MENU_PREFIX': 'gnome-', 'GNOME_TERMINAL_SCREEN': '/org/gnome/Terminal/screen/e1b9f660_fc67_4777_a564_ed89d225cadb', 'XDG_RUNTIME_DIR': '/run/user/1000', 'DISPLAY': ':1', 'LANG': 'en_US.UTF-8', 'XDG_CURRENT_DESKTOP': 'ubuntu:GNOME', 'RMW_IMPLEMENTATION': 'rmw_cyclonedds_cpp', 'XMODIFIERS': '@im=ibus', 'XDG_SESSION_DESKTOP': 'ubuntu', 'XAUTHORITY': '/run/user/1000/gdm/Xauthority', 'LS_COLORS': 'rs=0:di=01;34:ln=01;36:mh=00:pi=40;33:so=01;35:do=01;35:bd=40;33;01:cd=40;33;01:or=40;31;01:mi=00:su=37;41:sg=30;43:ca=00:tw=30;42:ow=34;42:st=37;44:ex=01;32:*.tar=01;31:*.tgz=01;31:*.arc=01;31:*.arj=01;31:*.taz=01;31:*.lha=01;31:*.lz4=01;31:*.lzh=01;31:*.lzma=01;31:*.tlz=01;31:*.txz=01;31:*.tzo=01;31:*.t7z=01;31:*.zip=01;31:*.z=01;31:*.dz=01;31:*.gz=01;31:*.lrz=01;31:*.lz=01;31:*.lzo=01;31:*.xz=01;31:*.zst=01;31:*.tzst=01;31:*.bz2=01;31:*.bz=01;31:*.tbz=01;31:*.tbz2=01;31:*.tz=01;31:*.deb=01;31:*.rpm=01;31:*.jar=01;31:*.war=01;31:*.ear=01;31:*.sar=01;31:*.rar=01;31:*.alz=01;31:*.ace=01;31:*.zoo=01;31:*.cpio=01;31:*.7z=01;31:*.rz=01;31:*.cab=01;31:*.wim=01;31:*.swm=01;31:*.dwm=01;31:*.esd=01;31:*.avif=01;35:*.jpg=01;35:*.jpeg=01;35:*.mjpg=01;35:*.mjpeg=01;35:*.gif=01;35:*.bmp=01;35:*.pbm=01;35:*.pgm=01;35:*.ppm=01;35:*.tga=01;35:*.xbm=01;35:*.xpm=01;35:*.tif=01;35:*.tiff=01;35:*.png=01;35:*.svg=01;35:*.svgz=01;35:*.mng=01;35:*.pcx=01;35:*.mov=01;35:*.mpg=01;35:*.mpeg=01;35:*.m2v=01;35:*.mkv=01;35:*.webm=01;35:*.webp=01;35:*.ogm=01;35:*.mp4=01;35:*.m4v=01;35:*.mp4v=01;35:*.vob=01;35:*.qt=01;35:*.nuv=01;35:*.wmv=01;35:*.asf=01;35:*.rm=01;35:*.rmvb=01;35:*.flc=01;35:*.avi=01;35:*.fli=01;35:*.flv=01;35:*.gl=01;35:*.dl=01;35:*.xcf=01;35:*.xwd=01;35:*.yuv=01;35:*.cgm=01;35:*.emf=01;35:*.ogv=01;35:*.ogx=01;35:*.aac=00;36:*.au=00;36:*.flac=00;36:*.m4a=00;36:*.mid=00;36:*.midi=00;36:*.mka=00;36:*.mp3=00;36:*.mpc=00;36:*.ogg=00;36:*.ra=00;36:*.wav=00;36:*.oga=00;36:*.opus=00;36:*.spx=00;36:*.xspf=00;36:*~=00;90:*#=00;90:*.bak=00;90:*.crdownload=00;90:*.dpkg-dist=00;90:*.dpkg-new=00;90:*.dpkg-old=00;90:*.dpkg-tmp=00;90:*.old=00;90:*.orig=00;90:*.part=00;90:*.rej=00;90:*.rpmnew=00;90:*.rpmorig=00;90:*.rpmsave=00;90:*.swp=00;90:*.tmp=00;90:*.ucf-dist=00;90:*.ucf-new=00;90:*.ucf-old=00;90:', 'GNOME_TERMINAL_SERVICE': ':1.616', 'SSH_AUTH_SOCK': '/run/user/1000/keyring/ssh', 'AMENT_PREFIX_PATH': '/home/v1/Desktop/Beizo/arm_ws/install/roarm_msgs:/home/v1/Desktop/Beizo/arm_ws/install/roarm_moveit_config:/home/v1/Desktop/Beizo/arm_ws/install/roarm_moveit_cmd:/home/v1/Desktop/Beizo/arm_ws/install/roarm_driver:/home/v1/Desktop/Beizo/arm_ws/install/roarm_description:/opt/ros/jazzy', 'CONDA_PYTHON_EXE': '/home/v1/miniconda3/bin/python', 'SHELL': '/bin/bash', 'QT_ACCESSIBILITY': '1', 'GDMSESSION': 'ubuntu', 'LESSCLOSE': '/usr/bin/lesspipe %s %s', 'CONDA_DEFAULT_ENV': '', 'GPG_AGENT_INFO': '/run/user/1000/gnupg/S.gpg-agent:0:1', '_CONDA_EXE': '/home/v1/miniconda3/bin/conda', 'ROS_AUTOMATIC_DISCOVERY_RANGE': 'SUBNET', 'QT_IM_MODULE': 'ibus', 'PWD': '/home/v1/Desktop/Beizo/arm_ws/build/roarm_msgs', 'LC_ALL': 'en_US.UTF-8', 'XDG_CONFIG_DIRS': '/etc/xdg/xdg-ubuntu:/etc/xdg', 'CONDA_EXE': '/home/v1/miniconda3/bin/conda', 'DBUS_STARTER_ADDRESS': 'unix:path=/run/user/1000/bus,guid=3ba906d04fd751587edc35ef69c00925', 'XDG_DATA_DIRS': '/usr/share/ubuntu:/usr/share/gnome:/usr/local/share/:/usr/share/:/var/lib/snapd/desktop', 'PYTHONPATH': '/home/v1/Desktop/Beizo/arm_ws/install/roarm_msgs/lib/python3.12/site-packages:/home/v1/Desktop/Beizo/arm_ws/install/roarm_moveit_cmd/lib/python3.12/site-packages:/home/v1/Desktop/Beizo/arm_ws/install/roarm_driver/lib/python3.12/site-packages:/home/v1/Desktop/Beizo/arm_ws/install/roarm_description/lib/python3.12/site-packages:/opt/ros/jazzy/lib/python3.12/site-packages', 'CONDA_PREFIX': '', 'COLCON': '1', 'MEMORY_PRESSURE_WRITE': 'c29tZSAyMDAwMDAgMjAwMDAwMAA=', 'VTE_VERSION': '7600', 'CMAKE_PREFIX_PATH': '/home/v1/Desktop/Beizo/arm_ws/install/roarm_msgs:/home/v1/Desktop/Beizo/arm_ws/install/roarm_moveit_config:/opt/ros/jazzy/opt/gz_sim_vendor:/opt/ros/jazzy/opt/gz_sensors_vendor:/opt/ros/jazzy/opt/gz_physics_vendor:/opt/ros/jazzy/opt/sdformat_vendor:/opt/ros/jazzy/opt/gz_gui_vendor:/opt/ros/jazzy/opt/gz_transport_vendor:/opt/ros/jazzy/opt/gz_rendering_vendor:/opt/ros/jazzy/opt/gz_plugin_vendor:/opt/ros/jazzy/opt/gz_fuel_tools_vendor:/opt/ros/jazzy/opt/gz_msgs_vendor:/opt/ros/jazzy/opt/gz_common_vendor:/opt/ros/jazzy/opt/gz_math_vendor:/opt/ros/jazzy/opt/gz_utils_vendor:/opt/ros/jazzy/opt/gz_tools_vendor:/opt/ros/jazzy/opt/gz_ogre_next_vendor:/opt/ros/jazzy/opt/gz_dartsim_vendor:/opt/ros/jazzy/opt/gz_cmake_vendor:/home/v1/Desktop/Beizo/arm_ws/install/roarm_moveit_cmd:/home/v1/Desktop/Beizo/arm_ws/install/roarm_driver:/home/v1/Desktop/Beizo/arm_ws/install/roarm_description:/opt/ros/jazzy'}), 'shell': False}
[9.672836] (roarm_msgs) StdoutLine: {'line': b'-- Install configuration: ""\n'}
[9.673422] (roarm_msgs) StdoutLine: {'line': b'-- Installing: /home/v1/Desktop/Beizo/arm_ws/install/roarm_msgs/share/ament_index/resource_index/rosidl_interfaces/roarm_msgs\n'}
[9.673992] (roarm_msgs) StdoutLine: {'line': b'-- Installing: /home/v1/Desktop/Beizo/arm_ws/install/roarm_msgs/share/roarm_msgs/srv/MoveToXYZ.json\n'}
[9.674401] (roarm_msgs) StdoutLine: {'line': b'-- Installing: /home/v1/Desktop/Beizo/arm_ws/install/roarm_msgs/include/roarm_msgs/roarm_msgs\n'}
[9.674876] (roarm_msgs) StdoutLine: {'line': b'-- Installing: /home/v1/Desktop/Beizo/arm_ws/install/roarm_msgs/include/roarm_msgs/roarm_msgs/msg\n'}
[9.675285] (roarm_msgs) StdoutLine: {'line': b'-- Installing: /home/v1/Desktop/Beizo/arm_ws/install/roarm_msgs/include/roarm_msgs/roarm_msgs/msg/rosidl_generator_c__visibility_control.h\n'}
[9.675489] (roarm_msgs) StdoutLine: {'line': b'-- Installing: /home/v1/Desktop/Beizo/arm_ws/install/roarm_msgs/include/roarm_msgs/roarm_msgs/srv\n'}
[9.675739] (roarm_msgs) StdoutLine: {'line': b'-- Installing: /home/v1/Desktop/Beizo/arm_ws/install/roarm_msgs/include/roarm_msgs/roarm_msgs/srv/move_to_xyz.h\n'}
[9.676011] (roarm_msgs) StdoutLine: {'line': b'-- Installing: /home/v1/Desktop/Beizo/arm_ws/install/roarm_msgs/include/roarm_msgs/roarm_msgs/srv/detail\n'}
[9.676252] (roarm_msgs) StdoutLine: {'line': b'-- Installing: /home/v1/Desktop/Beizo/arm_ws/install/roarm_msgs/include/roarm_msgs/roarm_msgs/srv/detail/move_to_xyz__type_support.c\n'}
[9.676434] (roarm_msgs) StdoutLine: {'line': b'-- Installing: /home/v1/Desktop/Beizo/arm_ws/install/roarm_msgs/include/roarm_msgs/roarm_msgs/srv/detail/move_to_xyz__struct.h\n'}
[9.676711] (roarm_msgs) StdoutLine: {'line': b'-- Installing: /home/v1/Desktop/Beizo/arm_ws/install/roarm_msgs/include/roarm_msgs/roarm_msgs/srv/detail/move_to_xyz__type_support.h\n'}
[9.676993] (roarm_msgs) StdoutLine: {'line': b'-- Installing: /home/v1/Desktop/Beizo/arm_ws/install/roarm_msgs/include/roarm_msgs/roarm_msgs/srv/detail/move_to_xyz__functions.h\n'}
[9.677240] (roarm_msgs) StdoutLine: {'line': b'-- Installing: /home/v1/Desktop/Beizo/arm_ws/install/roarm_msgs/include/roarm_msgs/roarm_msgs/srv/detail/move_to_xyz__functions.c\n'}
[9.677478] (roarm_msgs) StdoutLine: {'line': b'-- Installing: /home/v1/Desktop/Beizo/arm_ws/install/roarm_msgs/include/roarm_msgs/roarm_msgs/srv/detail/move_to_xyz__description.c\n'}
[9.678034] (roarm_msgs) StdoutLine: {'line': b'-- Installing: /home/v1/Desktop/Beizo/arm_ws/install/roarm_msgs/share/roarm_msgs/environment/library_path.sh\n'}
[9.678436] (roarm_msgs) StdoutLine: {'line': b'-- Installing: /home/v1/Desktop/Beizo/arm_ws/install/roarm_msgs/share/roarm_msgs/environment/library_path.dsv\n'}
[9.679380] (roarm_msgs) StdoutLine: {'line': b'-- Installing: /home/v1/Desktop/Beizo/arm_ws/install/roarm_msgs/lib/libroarm_msgs__rosidl_generator_c.so\n'}
[9.680334] (roarm_msgs) StdoutLine: {'line': b'-- Set non-toolchain portion of runtime path of "/home/v1/Desktop/Beizo/arm_ws/install/roarm_msgs/lib/libroarm_msgs__rosidl_generator_c.so" to ""\n'}
[9.680719] (roarm_msgs) StdoutLine: {'line': b'-- Up-to-date: /home/v1/Desktop/Beizo/arm_ws/install/roarm_msgs/include/roarm_msgs/roarm_msgs\n'}
[9.680980] (roarm_msgs) StdoutLine: {'line': b'-- Up-to-date: /home/v1/Desktop/Beizo/arm_ws/install/roarm_msgs/include/roarm_msgs/roarm_msgs/msg\n'}
[9.681165] (roarm_msgs) StdoutLine: {'line': b'-- Installing: /home/v1/Desktop/Beizo/arm_ws/install/roarm_msgs/include/roarm_msgs/roarm_msgs/msg/rosidl_typesupport_fastrtps_c__visibility_control.h\n'}
[9.681523] (roarm_msgs) StdoutLine: {'line': b'-- Up-to-date: /home/v1/Desktop/Beizo/arm_ws/install/roarm_msgs/include/roarm_msgs/roarm_msgs/srv\n'}
[9.681777] (roarm_msgs) StdoutLine: {'line': b'-- Up-to-date: /home/v1/Desktop/Beizo/arm_ws/install/roarm_msgs/include/roarm_msgs/roarm_msgs/srv/detail\n'}
[9.681994] (roarm_msgs) StdoutLine: {'line': b'-- Installing: /home/v1/Desktop/Beizo/arm_ws/install/roarm_msgs/include/roarm_msgs/roarm_msgs/srv/detail/move_to_xyz__rosidl_typesupport_fastrtps_c.h\n'}
[9.682182] (roarm_msgs) StdoutLine: {'line': b'-- Installing: /home/v1/Desktop/Beizo/arm_ws/install/roarm_msgs/lib/libroarm_msgs__rosidl_typesupport_fastrtps_c.so\n'}
[9.682763] (roarm_msgs) StdoutLine: {'line': b'-- Set non-toolchain portion of runtime path of "/home/v1/Desktop/Beizo/arm_ws/install/roarm_msgs/lib/libroarm_msgs__rosidl_typesupport_fastrtps_c.so" to ""\n'}
[9.683041] (roarm_msgs) StdoutLine: {'line': b'-- Up-to-date: /home/v1/Desktop/Beizo/arm_ws/install/roarm_msgs/include/roarm_msgs/roarm_msgs\n'}
[9.683320] (roarm_msgs) StdoutLine: {'line': b'-- Up-to-date: /home/v1/Desktop/Beizo/arm_ws/install/roarm_msgs/include/roarm_msgs/roarm_msgs/msg\n'}
[9.683519] (roarm_msgs) StdoutLine: {'line': b'-- Installing: /home/v1/Desktop/Beizo/arm_ws/install/roarm_msgs/include/roarm_msgs/roarm_msgs/msg/rosidl_typesupport_introspection_c__visibility_control.h\n'}
[9.683799] (roarm_msgs) StdoutLine: {'line': b'-- Up-to-date: /home/v1/Desktop/Beizo/arm_ws/install/roarm_msgs/include/roarm_msgs/roarm_msgs/srv\n'}
[9.684009] (roarm_msgs) StdoutLine: {'line': b'-- Up-to-date: /home/v1/Desktop/Beizo/arm_ws/install/roarm_msgs/include/roarm_msgs/roarm_msgs/srv/detail\n'}
[9.684231] (roarm_msgs) StdoutLine: {'line': b'-- Installing: /home/v1/Desktop/Beizo/arm_ws/install/roarm_msgs/include/roarm_msgs/roarm_msgs/srv/detail/move_to_xyz__type_support.c\n'}
[9.684424] (roarm_msgs) StdoutLine: {'line': b'-- Installing: /home/v1/Desktop/Beizo/arm_ws/install/roarm_msgs/include/roarm_msgs/roarm_msgs/srv/detail/move_to_xyz__rosidl_typesupport_introspection_c.h\n'}
[9.684717] (roarm_msgs) StdoutLine: {'line': b'-- Installing: /home/v1/Desktop/Beizo/arm_ws/install/roarm_msgs/lib/libroarm_msgs__rosidl_typesupport_introspection_c.so\n'}
[9.685723] (roarm_msgs) StdoutLine: {'line': b'-- Set non-toolchain portion of runtime path of "/home/v1/Desktop/Beizo/arm_ws/install/roarm_msgs/lib/libroarm_msgs__rosidl_typesupport_introspection_c.so" to ""\n'}
[9.686658] (roarm_msgs) StdoutLine: {'line': b'-- Installing: /home/v1/Desktop/Beizo/arm_ws/install/roarm_msgs/lib/libroarm_msgs__rosidl_typesupport_c.so\n'}
[9.687235] (roarm_msgs) StdoutLine: {'line': b'-- Set non-toolchain portion of runtime path of "/home/v1/Desktop/Beizo/arm_ws/install/roarm_msgs/lib/libroarm_msgs__rosidl_typesupport_c.so" to ""\n'}
[9.687612] (roarm_msgs) StdoutLine: {'line': b'-- Up-to-date: /home/v1/Desktop/Beizo/arm_ws/install/roarm_msgs/include/roarm_msgs/roarm_msgs\n'}
[9.688278] (roarm_msgs) StdoutLine: {'line': b'-- Up-to-date: /home/v1/Desktop/Beizo/arm_ws/install/roarm_msgs/include/roarm_msgs/roarm_msgs/msg\n'}
[9.688727] (roarm_msgs) StdoutLine: {'line': b'-- Installing: /home/v1/Desktop/Beizo/arm_ws/install/roarm_msgs/include/roarm_msgs/roarm_msgs/msg/rosidl_generator_cpp__visibility_control.hpp\n'}
[9.689215] (roarm_msgs) StdoutLine: {'line': b'-- Up-to-date: /home/v1/Desktop/Beizo/arm_ws/install/roarm_msgs/include/roarm_msgs/roarm_msgs/srv\n'}
[9.689586] (roarm_msgs) StdoutLine: {'line': b'-- Installing: /home/v1/Desktop/Beizo/arm_ws/install/roarm_msgs/include/roarm_msgs/roarm_msgs/srv/move_to_xyz.hpp\n'}
[9.689789] (roarm_msgs) StdoutLine: {'line': b'-- Up-to-date: /home/v1/Desktop/Beizo/arm_ws/install/roarm_msgs/include/roarm_msgs/roarm_msgs/srv/detail\n'}
[9.689998] (roarm_msgs) StdoutLine: {'line': b'-- Installing: /home/v1/Desktop/Beizo/arm_ws/install/roarm_msgs/include/roarm_msgs/roarm_msgs/srv/detail/move_to_xyz__traits.hpp\n'}
[9.690317] (roarm_msgs) StdoutLine: {'line': b'-- Installing: /home/v1/Desktop/Beizo/arm_ws/install/roarm_msgs/include/roarm_msgs/roarm_msgs/srv/detail/move_to_xyz__builder.hpp\n'}
[9.690508] (roarm_msgs) StdoutLine: {'line': b'-- Installing: /home/v1/Desktop/Beizo/arm_ws/install/roarm_msgs/include/roarm_msgs/roarm_msgs/srv/detail/move_to_xyz__type_support.hpp\n'}
[9.690688] (roarm_msgs) StdoutLine: {'line': b'-- Installing: /home/v1/Desktop/Beizo/arm_ws/install/roarm_msgs/include/roarm_msgs/roarm_msgs/srv/detail/move_to_xyz__struct.hpp\n'}
[9.690890] (roarm_msgs) StdoutLine: {'line': b'-- Up-to-date: /home/v1/Desktop/Beizo/arm_ws/install/roarm_msgs/include/roarm_msgs/roarm_msgs\n'}
[9.691158] (roarm_msgs) StdoutLine: {'line': b'-- Up-to-date: /home/v1/Desktop/Beizo/arm_ws/install/roarm_msgs/include/roarm_msgs/roarm_msgs/msg\n'}
[9.691351] (roarm_msgs) StdoutLine: {'line': b'-- Installing: /home/v1/Desktop/Beizo/arm_ws/install/roarm_msgs/include/roarm_msgs/roarm_msgs/msg/rosidl_typesupport_fastrtps_cpp__visibility_control.h\n'}
[9.691530] (roarm_msgs) StdoutLine: {'line': b'-- Up-to-date: /home/v1/Desktop/Beizo/arm_ws/install/roarm_msgs/include/roarm_msgs/roarm_msgs/srv\n'}
[9.691706] (roarm_msgs) StdoutLine: {'line': b'-- Up-to-date: /home/v1/Desktop/Beizo/arm_ws/install/roarm_msgs/include/roarm_msgs/roarm_msgs/srv/detail\n'}
[9.691967] (roarm_msgs) StdoutLine: {'line': b'-- Installing: /home/v1/Desktop/Beizo/arm_ws/install/roarm_msgs/include/roarm_msgs/roarm_msgs/srv/detail/dds_fastrtps\n'}
[9.692136] (roarm_msgs) StdoutLine: {'line': b'-- Installing: /home/v1/Desktop/Beizo/arm_ws/install/roarm_msgs/include/roarm_msgs/roarm_msgs/srv/detail/move_to_xyz__rosidl_typesupport_fastrtps_cpp.hpp\n'}
[9.692297] (roarm_msgs) StdoutLine: {'line': b'-- Installing: /home/v1/Desktop/Beizo/arm_ws/install/roarm_msgs/lib/libroarm_msgs__rosidl_typesupport_fastrtps_cpp.so\n'}
[9.692557] (roarm_msgs) StdoutLine: {'line': b'-- Set non-toolchain portion of runtime path of "/home/v1/Desktop/Beizo/arm_ws/install/roarm_msgs/lib/libroarm_msgs__rosidl_typesupport_fastrtps_cpp.so" to ""\n'}
[9.692797] (roarm_msgs) StdoutLine: {'line': b'-- Up-to-date: /home/v1/Desktop/Beizo/arm_ws/install/roarm_msgs/include/roarm_msgs/roarm_msgs\n'}
[9.693154] (roarm_msgs) StdoutLine: {'line': b'-- Up-to-date: /home/v1/Desktop/Beizo/arm_ws/install/roarm_msgs/include/roarm_msgs/roarm_msgs/srv\n'}
[9.693350] (roarm_msgs) StdoutLine: {'line': b'-- Up-to-date: /home/v1/Desktop/Beizo/arm_ws/install/roarm_msgs/include/roarm_msgs/roarm_msgs/srv/detail\n'}
[9.693582] (roarm_msgs) StdoutLine: {'line': b'-- Installing: /home/v1/Desktop/Beizo/arm_ws/install/roarm_msgs/include/roarm_msgs/roarm_msgs/srv/detail/move_to_xyz__rosidl_typesupport_introspection_cpp.hpp\n'}
[9.693757] (roarm_msgs) StdoutLine: {'line': b'-- Installing: /home/v1/Desktop/Beizo/arm_ws/install/roarm_msgs/include/roarm_msgs/roarm_msgs/srv/detail/move_to_xyz__type_support.cpp\n'}
[9.694091] (roarm_msgs) StdoutLine: {'line': b'-- Installing: /home/v1/Desktop/Beizo/arm_ws/install/roarm_msgs/lib/libroarm_msgs__rosidl_typesupport_introspection_cpp.so\n'}
[9.695319] (roarm_msgs) StdoutLine: {'line': b'-- Set non-toolchain portion of runtime path of "/home/v1/Desktop/Beizo/arm_ws/install/roarm_msgs/lib/libroarm_msgs__rosidl_typesupport_introspection_cpp.so" to ""\n'}
[9.695810] (roarm_msgs) StdoutLine: {'line': b'-- Installing: /home/v1/Desktop/Beizo/arm_ws/install/roarm_msgs/lib/libroarm_msgs__rosidl_typesupport_cpp.so\n'}
[9.696701] (roarm_msgs) StdoutLine: {'line': b'-- Set non-toolchain portion of runtime path of "/home/v1/Desktop/Beizo/arm_ws/install/roarm_msgs/lib/libroarm_msgs__rosidl_typesupport_cpp.so" to ""\n'}
[9.697188] (roarm_msgs) StdoutLine: {'line': b'-- Installing: /home/v1/Desktop/Beizo/arm_ws/install/roarm_msgs/share/roarm_msgs/environment/pythonpath.sh\n'}
[9.697606] (roarm_msgs) StdoutLine: {'line': b'-- Installing: /home/v1/Desktop/Beizo/arm_ws/install/roarm_msgs/share/roarm_msgs/environment/pythonpath.dsv\n'}
[9.698014] (roarm_msgs) StdoutLine: {'line': b'-- Installing: /home/v1/Desktop/Beizo/arm_ws/install/roarm_msgs/lib/python3.12/site-packages/roarm_msgs-0.0.1-py3.12.egg-info\n'}
[9.698400] (roarm_msgs) StdoutLine: {'line': b'-- Installing: /home/v1/Desktop/Beizo/arm_ws/install/roarm_msgs/lib/python3.12/site-packages/roarm_msgs-0.0.1-py3.12.egg-info/dependency_links.txt\n'}
[9.698778] (roarm_msgs) StdoutLine: {'line': b'-- Installing: /home/v1/Desktop/Beizo/arm_ws/install/roarm_msgs/lib/python3.12/site-packages/roarm_msgs-0.0.1-py3.12.egg-info/top_level.txt\n'}
[9.699162] (roarm_msgs) StdoutLine: {'line': b'-- Installing: /home/v1/Desktop/Beizo/arm_ws/install/roarm_msgs/lib/python3.12/site-packages/roarm_msgs-0.0.1-py3.12.egg-info/SOURCES.txt\n'}
[9.699557] (roarm_msgs) StdoutLine: {'line': b'-- Installing: /home/v1/Desktop/Beizo/arm_ws/install/roarm_msgs/lib/python3.12/site-packages/roarm_msgs-0.0.1-py3.12.egg-info/PKG-INFO\n'}
[9.700046] (roarm_msgs) StdoutLine: {'line': b'-- Installing: /home/v1/Desktop/Beizo/arm_ws/install/roarm_msgs/lib/python3.12/site-packages/roarm_msgs\n'}
[9.700471] (roarm_msgs) StdoutLine: {'line': b'-- Installing: /home/v1/Desktop/Beizo/arm_ws/install/roarm_msgs/lib/python3.12/site-packages/roarm_msgs/_roarm_msgs_s.ep.rosidl_typesupport_fastrtps_c.c\n'}
[9.700877] (roarm_msgs) StdoutLine: {'line': b'-- Installing: /home/v1/Desktop/Beizo/arm_ws/install/roarm_msgs/lib/python3.12/site-packages/roarm_msgs/roarm_msgs_s__rosidl_typesupport_introspection_c.so\n'}
[9.701289] (roarm_msgs) StdoutLine: {'line': b'-- Installing: /home/v1/Desktop/Beizo/arm_ws/install/roarm_msgs/lib/python3.12/site-packages/roarm_msgs/_roarm_msgs_s.ep.rosidl_typesupport_introspection_c.c\n'}
[9.701654] (roarm_msgs) StdoutLine: {'line': b'-- Installing: /home/v1/Desktop/Beizo/arm_ws/install/roarm_msgs/lib/python3.12/site-packages/roarm_msgs/_roarm_msgs_s.ep.rosidl_typesupport_c.c\n'}
[9.702065] (roarm_msgs) StdoutLine: {'line': b'-- Installing: /home/v1/Desktop/Beizo/arm_ws/install/roarm_msgs/lib/python3.12/site-packages/roarm_msgs/roarm_msgs_s__rosidl_typesupport_c.so\n'}
[9.702469] (roarm_msgs) StdoutLine: {'line': b'-- Installing: /home/v1/Desktop/Beizo/arm_ws/install/roarm_msgs/lib/python3.12/site-packages/roarm_msgs/__init__.py\n'}
[9.702911] (roarm_msgs) StdoutLine: {'line': b'-- Installing: /home/v1/Desktop/Beizo/arm_ws/install/roarm_msgs/lib/python3.12/site-packages/roarm_msgs/roarm_msgs_s__rosidl_typesupport_fastrtps_c.so\n'}
[9.703295] (roarm_msgs) StdoutLine: {'line': b'-- Installing: /home/v1/Desktop/Beizo/arm_ws/install/roarm_msgs/lib/python3.12/site-packages/roarm_msgs/srv\n'}
[9.703732] (roarm_msgs) StdoutLine: {'line': b'-- Installing: /home/v1/Desktop/Beizo/arm_ws/install/roarm_msgs/lib/python3.12/site-packages/roarm_msgs/srv/_move_to_xyz.py\n'}
[9.704081] (roarm_msgs) StdoutLine: {'line': b'-- Installing: /home/v1/Desktop/Beizo/arm_ws/install/roarm_msgs/lib/python3.12/site-packages/roarm_msgs/srv/__init__.py\n'}
[9.704353] (roarm_msgs) StdoutLine: {'line': b'-- Installing: /home/v1/Desktop/Beizo/arm_ws/install/roarm_msgs/lib/python3.12/site-packages/roarm_msgs/srv/_move_to_xyz_s.c\n'}
[9.730547] (-) TimerEvent: {}
[9.804241] (roarm_msgs) StdoutLine: {'line': b"Listing '/home/v1/Desktop/Beizo/arm_ws/install/roarm_msgs/lib/python3.12/site-packages/roarm_msgs'...\n"}
[9.804582] (roarm_msgs) StdoutLine: {'line': b"Compiling '/home/v1/Desktop/Beizo/arm_ws/install/roarm_msgs/lib/python3.12/site-packages/roarm_msgs/__init__.py'...\n"}
[9.804778] (roarm_msgs) StdoutLine: {'line': b"Listing '/home/v1/Desktop/Beizo/arm_ws/install/roarm_msgs/lib/python3.12/site-packages/roarm_msgs/srv'...\n"}
[9.805032] (roarm_msgs) StdoutLine: {'line': b"Compiling '/home/v1/Desktop/Beizo/arm_ws/install/roarm_msgs/lib/python3.12/site-packages/roarm_msgs/srv/__init__.py'...\n"}
[9.805228] (roarm_msgs) StdoutLine: {'line': b"Compiling '/home/v1/Desktop/Beizo/arm_ws/install/roarm_msgs/lib/python3.12/site-packages/roarm_msgs/srv/_move_to_xyz.py'...\n"}
[9.818111] (roarm_msgs) StdoutLine: {'line': b'-- Installing: /home/v1/Desktop/Beizo/arm_ws/install/roarm_msgs/lib/python3.12/site-packages/roarm_msgs/roarm_msgs_s__rosidl_typesupport_fastrtps_c.so\n'}
[9.818683] (roarm_msgs) StdoutLine: {'line': b'-- Set non-toolchain portion of runtime path of "/home/v1/Desktop/Beizo/arm_ws/install/roarm_msgs/lib/python3.12/site-packages/roarm_msgs/roarm_msgs_s__rosidl_typesupport_fastrtps_c.so" to ""\n'}
[9.819116] (roarm_msgs) StdoutLine: {'line': b'-- Installing: /home/v1/Desktop/Beizo/arm_ws/install/roarm_msgs/lib/python3.12/site-packages/roarm_msgs/roarm_msgs_s__rosidl_typesupport_introspection_c.so\n'}
[9.819779] (roarm_msgs) StdoutLine: {'line': b'-- Set non-toolchain portion of runtime path of "/home/v1/Desktop/Beizo/arm_ws/install/roarm_msgs/lib/python3.12/site-packages/roarm_msgs/roarm_msgs_s__rosidl_typesupport_introspection_c.so" to ""\n'}
[9.820314] (roarm_msgs) StdoutLine: {'line': b'-- Installing: /home/v1/Desktop/Beizo/arm_ws/install/roarm_msgs/lib/python3.12/site-packages/roarm_msgs/roarm_msgs_s__rosidl_typesupport_c.so\n'}
[9.821049] (roarm_msgs) StdoutLine: {'line': b'-- Set non-toolchain portion of runtime path of "/home/v1/Desktop/Beizo/arm_ws/install/roarm_msgs/lib/python3.12/site-packages/roarm_msgs/roarm_msgs_s__rosidl_typesupport_c.so" to ""\n'}
[9.821866] (roarm_msgs) StdoutLine: {'line': b'-- Installing: /home/v1/Desktop/Beizo/arm_ws/install/roarm_msgs/lib/libroarm_msgs__rosidl_generator_py.so\n'}
[9.822462] (roarm_msgs) StdoutLine: {'line': b'-- Set non-toolchain portion of runtime path of "/home/v1/Desktop/Beizo/arm_ws/install/roarm_msgs/lib/libroarm_msgs__rosidl_generator_py.so" to ""\n'}
[9.822827] (roarm_msgs) StdoutLine: {'line': b'-- Installing: /home/v1/Desktop/Beizo/arm_ws/install/roarm_msgs/share/roarm_msgs/srv/MoveToXYZ.idl\n'}
[9.823212] (roarm_msgs) StdoutLine: {'line': b'-- Installing: /home/v1/Desktop/Beizo/arm_ws/install/roarm_msgs/share/roarm_msgs/srv/MoveToXYZ.srv\n'}
[9.823982] (roarm_msgs) StdoutLine: {'line': b'-- Installing: /home/v1/Desktop/Beizo/arm_ws/install/roarm_msgs/share/ament_index/resource_index/package_run_dependencies/roarm_msgs\n'}
[9.824432] (roarm_msgs) StdoutLine: {'line': b'-- Installing: /home/v1/Desktop/Beizo/arm_ws/install/roarm_msgs/share/ament_index/resource_index/parent_prefix_path/roarm_msgs\n'}
[9.824877] (roarm_msgs) StdoutLine: {'line': b'-- Installing: /home/v1/Desktop/Beizo/arm_ws/install/roarm_msgs/share/roarm_msgs/environment/ament_prefix_path.sh\n'}
[9.825209] (roarm_msgs) StdoutLine: {'line': b'-- Installing: /home/v1/Desktop/Beizo/arm_ws/install/roarm_msgs/share/roarm_msgs/environment/ament_prefix_path.dsv\n'}
[9.825675] (roarm_msgs) StdoutLine: {'line': b'-- Installing: /home/v1/Desktop/Beizo/arm_ws/install/roarm_msgs/share/roarm_msgs/environment/path.sh\n'}
[9.826116] (roarm_msgs) StdoutLine: {'line': b'-- Installing: /home/v1/Desktop/Beizo/arm_ws/install/roarm_msgs/share/roarm_msgs/environment/path.dsv\n'}
[9.826554] (roarm_msgs) StdoutLine: {'line': b'-- Installing: /home/v1/Desktop/Beizo/arm_ws/install/roarm_msgs/share/roarm_msgs/local_setup.bash\n'}
[9.826993] (roarm_msgs) StdoutLine: {'line': b'-- Installing: /home/v1/Desktop/Beizo/arm_ws/install/roarm_msgs/share/roarm_msgs/local_setup.sh\n'}
[9.827295] (roarm_msgs) StdoutLine: {'line': b'-- Installing: /home/v1/Desktop/Beizo/arm_ws/install/roarm_msgs/share/roarm_msgs/local_setup.zsh\n'}
[9.827609] (roarm_msgs) StdoutLine: {'line': b'-- Installing: /home/v1/Desktop/Beizo/arm_ws/install/roarm_msgs/share/roarm_msgs/local_setup.dsv\n'}
[9.827915] (roarm_msgs) StdoutLine: {'line': b'-- Installing: /home/v1/Desktop/Beizo/arm_ws/install/roarm_msgs/share/roarm_msgs/package.dsv\n'}
[9.828158] (roarm_msgs) StdoutLine: {'line': b'-- Installing: /home/v1/Desktop/Beizo/arm_ws/install/roarm_msgs/share/ament_index/resource_index/packages/roarm_msgs\n'}
[9.828395] (roarm_msgs) StdoutLine: {'line': b'-- Installing: /home/v1/Desktop/Beizo/arm_ws/install/roarm_msgs/share/roarm_msgs/cmake/export_roarm_msgs__rosidl_generator_cExport.cmake\n'}
[9.828636] (roarm_msgs) StdoutLine: {'line': b'-- Installing: /home/v1/Desktop/Beizo/arm_ws/install/roarm_msgs/share/roarm_msgs/cmake/export_roarm_msgs__rosidl_generator_cExport-noconfig.cmake\n'}
[9.828957] (roarm_msgs) StdoutLine: {'line': b'-- Installing: /home/v1/Desktop/Beizo/arm_ws/install/roarm_msgs/share/roarm_msgs/cmake/export_roarm_msgs__rosidl_typesupport_fastrtps_cExport.cmake\n'}
[9.829208] (roarm_msgs) StdoutLine: {'line': b'-- Installing: /home/v1/Desktop/Beizo/arm_ws/install/roarm_msgs/share/roarm_msgs/cmake/export_roarm_msgs__rosidl_typesupport_fastrtps_cExport-noconfig.cmake\n'}
[9.829443] (roarm_msgs) StdoutLine: {'line': b'-- Installing: /home/v1/Desktop/Beizo/arm_ws/install/roarm_msgs/share/roarm_msgs/cmake/roarm_msgs__rosidl_typesupport_introspection_cExport.cmake\n'}
[9.829724] (roarm_msgs) StdoutLine: {'line': b'-- Installing: /home/v1/Desktop/Beizo/arm_ws/install/roarm_msgs/share/roarm_msgs/cmake/roarm_msgs__rosidl_typesupport_introspection_cExport-noconfig.cmake\n'}
[9.829982] (roarm_msgs) StdoutLine: {'line': b'-- Installing: /home/v1/Desktop/Beizo/arm_ws/install/roarm_msgs/share/roarm_msgs/cmake/roarm_msgs__rosidl_typesupport_cExport.cmake\n'}
[9.830223] (roarm_msgs) StdoutLine: {'line': b'-- Installing: /home/v1/Desktop/Beizo/arm_ws/install/roarm_msgs/share/roarm_msgs/cmake/roarm_msgs__rosidl_typesupport_cExport-noconfig.cmake\n'}
[9.830405] (roarm_msgs) StdoutLine: {'line': b'-- Installing: /home/v1/Desktop/Beizo/arm_ws/install/roarm_msgs/share/roarm_msgs/cmake/export_roarm_msgs__rosidl_generator_cppExport.cmake\n'}
[9.830628] (-) TimerEvent: {}
[9.830790] (roarm_msgs) StdoutLine: {'line': b'-- Installing: /home/v1/Desktop/Beizo/arm_ws/install/roarm_msgs/share/roarm_msgs/cmake/export_roarm_msgs__rosidl_typesupport_fastrtps_cppExport.cmake\n'}
[9.831051] (roarm_msgs) StdoutLine: {'line': b'-- Installing: /home/v1/Desktop/Beizo/arm_ws/install/roarm_msgs/share/roarm_msgs/cmake/export_roarm_msgs__rosidl_typesupport_fastrtps_cppExport-noconfig.cmake\n'}
[9.831299] (roarm_msgs) StdoutLine: {'line': b'-- Installing: /home/v1/Desktop/Beizo/arm_ws/install/roarm_msgs/share/roarm_msgs/cmake/roarm_msgs__rosidl_typesupport_introspection_cppExport.cmake\n'}
[9.831532] (roarm_msgs) StdoutLine: {'line': b'-- Installing: /home/v1/Desktop/Beizo/arm_ws/install/roarm_msgs/share/roarm_msgs/cmake/roarm_msgs__rosidl_typesupport_introspection_cppExport-noconfig.cmake\n'}
[9.831755] (roarm_msgs) StdoutLine: {'line': b'-- Installing: /home/v1/Desktop/Beizo/arm_ws/install/roarm_msgs/share/roarm_msgs/cmake/roarm_msgs__rosidl_typesupport_cppExport.cmake\n'}
[9.831995] (roarm_msgs) StdoutLine: {'line': b'-- Installing: /home/v1/Desktop/Beizo/arm_ws/install/roarm_msgs/share/roarm_msgs/cmake/roarm_msgs__rosidl_typesupport_cppExport-noconfig.cmake\n'}
[9.832248] (roarm_msgs) StdoutLine: {'line': b'-- Installing: /home/v1/Desktop/Beizo/arm_ws/install/roarm_msgs/share/roarm_msgs/cmake/export_roarm_msgs__rosidl_generator_pyExport.cmake\n'}
[9.832441] (roarm_msgs) StdoutLine: {'line': b'-- Installing: /home/v1/Desktop/Beizo/arm_ws/install/roarm_msgs/share/roarm_msgs/cmake/export_roarm_msgs__rosidl_generator_pyExport-noconfig.cmake\n'}
[9.832625] (roarm_msgs) StdoutLine: {'line': b'-- Installing: /home/v1/Desktop/Beizo/arm_ws/install/roarm_msgs/share/roarm_msgs/cmake/rosidl_cmake-extras.cmake\n'}
[9.832917] (roarm_msgs) StdoutLine: {'line': b'-- Installing: /home/v1/Desktop/Beizo/arm_ws/install/roarm_msgs/share/roarm_msgs/cmake/ament_cmake_export_dependencies-extras.cmake\n'}
[9.833207] (roarm_msgs) StdoutLine: {'line': b'-- Installing: /home/v1/Desktop/Beizo/arm_ws/install/roarm_msgs/share/roarm_msgs/cmake/ament_cmake_export_include_directories-extras.cmake\n'}
[9.833402] (roarm_msgs) StdoutLine: {'line': b'-- Installing: /home/v1/Desktop/Beizo/arm_ws/install/roarm_msgs/share/roarm_msgs/cmake/ament_cmake_export_libraries-extras.cmake\n'}
[9.833646] (roarm_msgs) StdoutLine: {'line': b'-- Installing: /home/v1/Desktop/Beizo/arm_ws/install/roarm_msgs/share/roarm_msgs/cmake/ament_cmake_export_targets-extras.cmake\n'}
[9.833922] (roarm_msgs) StdoutLine: {'line': b'-- Installing: /home/v1/Desktop/Beizo/arm_ws/install/roarm_msgs/share/roarm_msgs/cmake/rosidl_cmake_export_typesupport_targets-extras.cmake\n'}
[9.834103] (roarm_msgs) StdoutLine: {'line': b'-- Installing: /home/v1/Desktop/Beizo/arm_ws/install/roarm_msgs/share/roarm_msgs/cmake/rosidl_cmake_export_typesupport_libraries-extras.cmake\n'}
[9.834365] (roarm_msgs) StdoutLine: {'line': b'-- Installing: /home/v1/Desktop/Beizo/arm_ws/install/roarm_msgs/share/roarm_msgs/cmake/roarm_msgsConfig.cmake\n'}
[9.834630] (roarm_msgs) StdoutLine: {'line': b'-- Installing: /home/v1/Desktop/Beizo/arm_ws/install/roarm_msgs/share/roarm_msgs/cmake/roarm_msgsConfig-version.cmake\n'}
[9.834825] (roarm_msgs) StdoutLine: {'line': b'-- Installing: /home/v1/Desktop/Beizo/arm_ws/install/roarm_msgs/share/roarm_msgs/package.xml\n'}
[9.839547] (roarm_msgs) CommandEnded: {'returncode': 0}
[9.884120] (roarm_msgs) JobEnded: {'identifier': 'roarm_msgs', 'rc': 0}
[9.886085] (roarm_moveit_cmd) JobStarted: {'identifier': 'roarm_moveit_cmd'}
[9.930768] (-) TimerEvent: {}
[10.031185] (-) TimerEvent: {}
[10.131655] (-) TimerEvent: {}
[10.232074] (-) TimerEvent: {}
[10.332477] (-) TimerEvent: {}
[10.432862] (-) TimerEvent: {}
[10.533141] (-) TimerEvent: {}
[10.633427] (-) TimerEvent: {}
[10.733712] (-) TimerEvent: {}
[10.833905] (-) TimerEvent: {}
[10.934179] (-) TimerEvent: {}
[11.034419] (-) TimerEvent: {}
[11.134654] (-) TimerEvent: {}
[11.234916] (-) TimerEvent: {}
[11.253417] (roarm_moveit_cmd) Command: {'cmd': ['/usr/bin/python3', '-W', 'ignore:setup.py install is deprecated', '-W', 'ignore:easy_install command is deprecated', 'setup.py', 'egg_info', '--egg-base', '../../build/roarm_moveit_cmd', 'build', '--build-base', '/home/v1/Desktop/Beizo/arm_ws/build/roarm_moveit_cmd/build', 'install', '--record', '/home/v1/Desktop/Beizo/arm_ws/build/roarm_moveit_cmd/install.log', '--single-version-externally-managed', 'install_data'], 'cwd': '/home/v1/Desktop/Beizo/arm_ws/src/roarm_moveit_cmd', 'env': {'LESSOPEN': '| /usr/bin/lesspipe %s', 'CONDA_PROMPT_MODIFIER': '', 'USER': 'v1', 'GZ_CONFIG_PATH': '/opt/ros/jazzy/opt/gz_sim_vendor/share/gz:/opt/ros/jazzy/opt/sdformat_vendor/share/gz:/opt/ros/jazzy/opt/gz_gui_vendor/share/gz:/opt/ros/jazzy/opt/gz_transport_vendor/share/gz:/opt/ros/jazzy/opt/gz_rendering_vendor/share/gz:/opt/ros/jazzy/opt/gz_plugin_vendor/share/gz:/opt/ros/jazzy/opt/gz_fuel_tools_vendor/share/gz:/opt/ros/jazzy/opt/gz_msgs_vendor/share/gz:/opt/ros/jazzy/opt/gz_common_vendor/share/gz', 'XDG_SESSION_TYPE': 'x11', 'SHLVL': '1', 'LD_LIBRARY_PATH': '/home/v1/Desktop/Beizo/arm_ws/install/roarm_msgs/lib:/opt/ros/jazzy/opt/gz_sim_vendor/lib:/opt/ros/jazzy/opt/gz_sensors_vendor/lib:/opt/ros/jazzy/opt/gz_physics_vendor/lib:/opt/ros/jazzy/opt/sdformat_vendor/lib:/opt/ros/jazzy/opt/rviz_ogre_vendor/lib:/opt/ros/jazzy/lib/x86_64-linux-gnu:/opt/ros/jazzy/opt/gz_gui_vendor/lib:/opt/ros/jazzy/opt/gz_transport_vendor/lib:/opt/ros/jazzy/opt/gz_rendering_vendor/lib:/opt/ros/jazzy/opt/gz_plugin_vendor/lib:/opt/ros/jazzy/opt/gz_fuel_tools_vendor/lib:/opt/ros/jazzy/opt/gz_msgs_vendor/lib:/opt/ros/jazzy/opt/gz_common_vendor/lib:/opt/ros/jazzy/opt/gz_math_vendor/lib:/opt/ros/jazzy/opt/gz_utils_vendor/lib:/opt/ros/jazzy/opt/gz_tools_vendor/lib:/opt/ros/jazzy/opt/gz_ogre_next_vendor/lib:/opt/ros/jazzy/opt/gz_dartsim_vendor/lib:/opt/ros/jazzy/opt/gz_cmake_vendor/lib:/opt/ros/jazzy/lib', 'HOME': '/home/v1', 'CONDA_SHLVL': '0', 'OLDPWD': '/home/v1/Desktop/Beizo/arm_ws', 'DESKTOP_SESSION': 'ubuntu', 'ROS_PYTHON_VERSION': '3', 'GNOME_SHELL_SESSION_MODE': 'ubuntu', 'GTK_MODULES': 'gail:atk-bridge', 'DBUS_STARTER_BUS_TYPE': 'session', 'SYSTEMD_EXEC_PID': '2804', 'GSM_SKIP_SSH_AGENT_WORKAROUND': 'true', 'DBUS_SESSION_BUS_ADDRESS': 'unix:path=/run/user/1000/bus,guid=3ba906d04fd751587edc35ef69c00925', 'COLORTERM': 'truecolor', '_CE_M': '', '_CONDA_ROOT': '/home/v1/miniconda3', 'DEBUGINFOD_URLS': 'https://debuginfod.ubuntu.com', 'COLCON_PREFIX_PATH': '/home/v1/Desktop/Beizo/arm_ws/install', 'ROS_DISTRO': 'jazzy', 'LOGNAME': 'v1', '_': '/usr/bin/colcon', 'ROS_VERSION': '2', 'MEMORY_PRESSURE_WATCH': '/sys/fs/cgroup/user.slice/user-1000.slice/user@1000.service/app.slice/app-gnome\\x2dsession\\x2dmanager.slice/gnome-session-manager@ubuntu.service/memory.pressure', 'XDG_SESSION_CLASS': 'user', 'USERNAME': 'v1', 'TERM': 'xterm-256color', 'GNOME_DESKTOP_SESSION_ID': 'this-is-deprecated', '_CE_CONDA': '', 'WINDOWPATH': '2', 'PATH': '/home/v1/.local/bin:/opt/ros/jazzy/opt/gz_msgs_vendor/bin:/opt/ros/jazzy/opt/gz_tools_vendor/bin:/opt/ros/jazzy/opt/gz_ogre_next_vendor/bin:/opt/ros/jazzy/bin:/home/v1/miniconda3/condabin:/home/v1/.local/bin:/usr/local/sbin:/usr/local/bin:/usr/sbin:/usr/bin:/sbin:/bin:/usr/games:/usr/local/games:/snap/bin:/snap/bin', 'SESSION_MANAGER': 'local/v1-HP:@/tmp/.ICE-unix/2804,unix/v1-HP:/tmp/.ICE-unix/2804', 'XDG_MENU_PREFIX': 'gnome-', 'GNOME_TERMINAL_SCREEN': '/org/gnome/Terminal/screen/e1b9f660_fc67_4777_a564_ed89d225cadb', 'XDG_RUNTIME_DIR': '/run/user/1000', 'DISPLAY': ':1', 'LANG': 'en_US.UTF-8', 'XDG_CURRENT_DESKTOP': 'ubuntu:GNOME', 'RMW_IMPLEMENTATION': 'rmw_cyclonedds_cpp', 'XMODIFIERS': '@im=ibus', 'XDG_SESSION_DESKTOP': 'ubuntu', 'XAUTHORITY': '/run/user/1000/gdm/Xauthority', 'LS_COLORS': 'rs=0:di=01;34:ln=01;36:mh=00:pi=40;33:so=01;35:do=01;35:bd=40;33;01:cd=40;33;01:or=40;31;01:mi=00:su=37;41:sg=30;43:ca=00:tw=30;42:ow=34;42:st=37;44:ex=01;32:*.tar=01;31:*.tgz=01;31:*.arc=01;31:*.arj=01;31:*.taz=01;31:*.lha=01;31:*.lz4=01;31:*.lzh=01;31:*.lzma=01;31:*.tlz=01;31:*.txz=01;31:*.tzo=01;31:*.t7z=01;31:*.zip=01;31:*.z=01;31:*.dz=01;31:*.gz=01;31:*.lrz=01;31:*.lz=01;31:*.lzo=01;31:*.xz=01;31:*.zst=01;31:*.tzst=01;31:*.bz2=01;31:*.bz=01;31:*.tbz=01;31:*.tbz2=01;31:*.tz=01;31:*.deb=01;31:*.rpm=01;31:*.jar=01;31:*.war=01;31:*.ear=01;31:*.sar=01;31:*.rar=01;31:*.alz=01;31:*.ace=01;31:*.zoo=01;31:*.cpio=01;31:*.7z=01;31:*.rz=01;31:*.cab=01;31:*.wim=01;31:*.swm=01;31:*.dwm=01;31:*.esd=01;31:*.avif=01;35:*.jpg=01;35:*.jpeg=01;35:*.mjpg=01;35:*.mjpeg=01;35:*.gif=01;35:*.bmp=01;35:*.pbm=01;35:*.pgm=01;35:*.ppm=01;35:*.tga=01;35:*.xbm=01;35:*.xpm=01;35:*.tif=01;35:*.tiff=01;35:*.png=01;35:*.svg=01;35:*.svgz=01;35:*.mng=01;35:*.pcx=01;35:*.mov=01;35:*.mpg=01;35:*.mpeg=01;35:*.m2v=01;35:*.mkv=01;35:*.webm=01;35:*.webp=01;35:*.ogm=01;35:*.mp4=01;35:*.m4v=01;35:*.mp4v=01;35:*.vob=01;35:*.qt=01;35:*.nuv=01;35:*.wmv=01;35:*.asf=01;35:*.rm=01;35:*.rmvb=01;35:*.flc=01;35:*.avi=01;35:*.fli=01;35:*.flv=01;35:*.gl=01;35:*.dl=01;35:*.xcf=01;35:*.xwd=01;35:*.yuv=01;35:*.cgm=01;35:*.emf=01;35:*.ogv=01;35:*.ogx=01;35:*.aac=00;36:*.au=00;36:*.flac=00;36:*.m4a=00;36:*.mid=00;36:*.midi=00;36:*.mka=00;36:*.mp3=00;36:*.mpc=00;36:*.ogg=00;36:*.ra=00;36:*.wav=00;36:*.oga=00;36:*.opus=00;36:*.spx=00;36:*.xspf=00;36:*~=00;90:*#=00;90:*.bak=00;90:*.crdownload=00;90:*.dpkg-dist=00;90:*.dpkg-new=00;90:*.dpkg-old=00;90:*.dpkg-tmp=00;90:*.old=00;90:*.orig=00;90:*.part=00;90:*.rej=00;90:*.rpmnew=00;90:*.rpmorig=00;90:*.rpmsave=00;90:*.swp=00;90:*.tmp=00;90:*.ucf-dist=00;90:*.ucf-new=00;90:*.ucf-old=00;90:', 'GNOME_TERMINAL_SERVICE': ':1.616', 'SSH_AUTH_SOCK': '/run/user/1000/keyring/ssh', 'AMENT_PREFIX_PATH': '/home/v1/Desktop/Beizo/arm_ws/install/roarm_msgs:/home/v1/Desktop/Beizo/arm_ws/install/roarm_moveit_config:/home/v1/Desktop/Beizo/arm_ws/install/roarm_moveit_cmd:/home/v1/Desktop/Beizo/arm_ws/install/roarm_driver:/home/v1/Desktop/Beizo/arm_ws/install/roarm_description:/opt/ros/jazzy', 'CONDA_PYTHON_EXE': '/home/v1/miniconda3/bin/python', 'SHELL': '/bin/bash', 'QT_ACCESSIBILITY': '1', 'GDMSESSION': 'ubuntu', 'LESSCLOSE': '/usr/bin/lesspipe %s %s', 'CONDA_DEFAULT_ENV': '', 'GPG_AGENT_INFO': '/run/user/1000/gnupg/S.gpg-agent:0:1', '_CONDA_EXE': '/home/v1/miniconda3/bin/conda', 'ROS_AUTOMATIC_DISCOVERY_RANGE': 'SUBNET', 'QT_IM_MODULE': 'ibus', 'PWD': '/home/v1/Desktop/Beizo/arm_ws/build/roarm_moveit_cmd', 'LC_ALL': 'en_US.UTF-8', 'XDG_CONFIG_DIRS': '/etc/xdg/xdg-ubuntu:/etc/xdg', 'CONDA_EXE': '/home/v1/miniconda3/bin/conda', 'DBUS_STARTER_ADDRESS': 'unix:path=/run/user/1000/bus,guid=3ba906d04fd751587edc35ef69c00925', 'XDG_DATA_DIRS': '/usr/share/ubuntu:/usr/share/gnome:/usr/local/share/:/usr/share/:/var/lib/snapd/desktop', 'PYTHONPATH': '/home/v1/Desktop/Beizo/arm_ws/build/roarm_moveit_cmd/prefix_override:/usr/lib/python3/dist-packages/colcon_core/task/python/colcon_distutils_commands:/home/v1/Desktop/Beizo/arm_ws/install/roarm_moveit_cmd/lib/python3.12/site-packages:/home/v1/Desktop/Beizo/arm_ws/install/roarm_msgs/lib/python3.12/site-packages:/home/v1/Desktop/Beizo/arm_ws/install/roarm_moveit_cmd/lib/python3.12/site-packages:/home/v1/Desktop/Beizo/arm_ws/install/roarm_driver/lib/python3.12/site-packages:/home/v1/Desktop/Beizo/arm_ws/install/roarm_description/lib/python3.12/site-packages:/opt/ros/jazzy/lib/python3.12/site-packages', 'CONDA_PREFIX': '', 'COLCON': '1', 'MEMORY_PRESSURE_WRITE': 'c29tZSAyMDAwMDAgMjAwMDAwMAA=', 'VTE_VERSION': '7600', 'CMAKE_PREFIX_PATH': '/home/v1/Desktop/Beizo/arm_ws/install/roarm_msgs:/home/v1/Desktop/Beizo/arm_ws/install/roarm_moveit_config:/opt/ros/jazzy/opt/gz_sim_vendor:/opt/ros/jazzy/opt/gz_sensors_vendor:/opt/ros/jazzy/opt/gz_physics_vendor:/opt/ros/jazzy/opt/sdformat_vendor:/opt/ros/jazzy/opt/gz_gui_vendor:/opt/ros/jazzy/opt/gz_transport_vendor:/opt/ros/jazzy/opt/gz_rendering_vendor:/opt/ros/jazzy/opt/gz_plugin_vendor:/opt/ros/jazzy/opt/gz_fuel_tools_vendor:/opt/ros/jazzy/opt/gz_msgs_vendor:/opt/ros/jazzy/opt/gz_common_vendor:/opt/ros/jazzy/opt/gz_math_vendor:/opt/ros/jazzy/opt/gz_utils_vendor:/opt/ros/jazzy/opt/gz_tools_vendor:/opt/ros/jazzy/opt/gz_ogre_next_vendor:/opt/ros/jazzy/opt/gz_dartsim_vendor:/opt/ros/jazzy/opt/gz_cmake_vendor'}, 'shell': False}
[11.335000] (-) TimerEvent: {}
[11.435243] (-) TimerEvent: {}
[11.535498] (-) TimerEvent: {}
[11.632338] (roarm_moveit_cmd) StdoutLine: {'line': b'running egg_info\n'}
[11.632679] (roarm_moveit_cmd) StdoutLine: {'line': b'creating ../../build/roarm_moveit_cmd/roarm_moveit_cmd.egg-info\n'}
[11.635653] (-) TimerEvent: {}
[11.666773] (roarm_moveit_cmd) StdoutLine: {'line': b'writing ../../build/roarm_moveit_cmd/roarm_moveit_cmd.egg-info/PKG-INFO\n'}
[11.667055] (roarm_moveit_cmd) StdoutLine: {'line': b'writing dependency_links to ../../build/roarm_moveit_cmd/roarm_moveit_cmd.egg-info/dependency_links.txt\n'}
[11.667262] (roarm_moveit_cmd) StdoutLine: {'line': b'writing entry points to ../../build/roarm_moveit_cmd/roarm_moveit_cmd.egg-info/entry_points.txt\n'}
[11.667405] (roarm_moveit_cmd) StdoutLine: {'line': b'writing requirements to ../../build/roarm_moveit_cmd/roarm_moveit_cmd.egg-info/requires.txt\n'}
[11.667571] (roarm_moveit_cmd) StdoutLine: {'line': b'writing top-level names to ../../build/roarm_moveit_cmd/roarm_moveit_cmd.egg-info/top_level.txt\n'}
[11.667682] (roarm_moveit_cmd) StdoutLine: {'line': b"writing manifest file '../../build/roarm_moveit_cmd/roarm_moveit_cmd.egg-info/SOURCES.txt'\n"}
[11.735735] (-) TimerEvent: {}
[11.747755] (roarm_moveit_cmd) StdoutLine: {'line': b"reading manifest file '../../build/roarm_moveit_cmd/roarm_moveit_cmd.egg-info/SOURCES.txt'\n"}
[11.748389] (roarm_moveit_cmd) StdoutLine: {'line': b"writing manifest file '../../build/roarm_moveit_cmd/roarm_moveit_cmd.egg-info/SOURCES.txt'\n"}
[11.748599] (roarm_moveit_cmd) StdoutLine: {'line': b'running build\n'}
[11.748713] (roarm_moveit_cmd) StdoutLine: {'line': b'running build_py\n'}
[11.748917] (roarm_moveit_cmd) StdoutLine: {'line': b'creating /home/v1/Desktop/Beizo/arm_ws/build/roarm_moveit_cmd/build\n'}
[11.749162] (roarm_moveit_cmd) StdoutLine: {'line': b'creating /home/v1/Desktop/Beizo/arm_ws/build/roarm_moveit_cmd/build/lib\n'}
[11.749276] (roarm_moveit_cmd) StdoutLine: {'line': b'creating /home/v1/Desktop/Beizo/arm_ws/build/roarm_moveit_cmd/build/lib/roarm_moveit_cmd\n'}
[11.749358] (roarm_moveit_cmd) StdoutLine: {'line': b'copying roarm_moveit_cmd/xyz_control.py -> /home/v1/Desktop/Beizo/arm_ws/build/roarm_moveit_cmd/build/lib/roarm_moveit_cmd\n'}
[11.749437] (roarm_moveit_cmd) StdoutLine: {'line': b'copying roarm_moveit_cmd/__init__.py -> /home/v1/Desktop/Beizo/arm_ws/build/roarm_moveit_cmd/build/lib/roarm_moveit_cmd\n'}
[11.749542] (roarm_moveit_cmd) StdoutLine: {'line': b'running install\n'}
[11.756937] (roarm_moveit_cmd) StdoutLine: {'line': b'running install_lib\n'}
[11.790227] (roarm_moveit_cmd) StdoutLine: {'line': b'creating /home/v1/Desktop/Beizo/arm_ws/install/roarm_moveit_cmd/lib/python3.12/site-packages/roarm_moveit_cmd\n'}
[11.790448] (roarm_moveit_cmd) StdoutLine: {'line': b'copying /home/v1/Desktop/Beizo/arm_ws/build/roarm_moveit_cmd/build/lib/roarm_moveit_cmd/xyz_control.py -> /home/v1/Desktop/Beizo/arm_ws/install/roarm_moveit_cmd/lib/python3.12/site-packages/roarm_moveit_cmd\n'}
[11.790553] (roarm_moveit_cmd) StdoutLine: {'line': b'copying /home/v1/Desktop/Beizo/arm_ws/build/roarm_moveit_cmd/build/lib/roarm_moveit_cmd/__init__.py -> /home/v1/Desktop/Beizo/arm_ws/install/roarm_moveit_cmd/lib/python3.12/site-packages/roarm_moveit_cmd\n'}
[11.790945] (roarm_moveit_cmd) StdoutLine: {'line': b'byte-compiling /home/v1/Desktop/Beizo/arm_ws/install/roarm_moveit_cmd/lib/python3.12/site-packages/roarm_moveit_cmd/xyz_control.py to xyz_control.cpython-312.pyc\n'}
[11.792012] (roarm_moveit_cmd) StdoutLine: {'line': b'byte-compiling /home/v1/Desktop/Beizo/arm_ws/install/roarm_moveit_cmd/lib/python3.12/site-packages/roarm_moveit_cmd/__init__.py to __init__.cpython-312.pyc\n'}
[11.792232] (roarm_moveit_cmd) StdoutLine: {'line': b'running install_data\n'}
[11.792430] (roarm_moveit_cmd) StdoutLine: {'line': b'creating /home/v1/Desktop/Beizo/arm_ws/install/roarm_moveit_cmd/share/ament_index\n'}
[11.792580] (roarm_moveit_cmd) StdoutLine: {'line': b'creating /home/v1/Desktop/Beizo/arm_ws/install/roarm_moveit_cmd/share/ament_index/resource_index\n'}
[11.792698] (roarm_moveit_cmd) StdoutLine: {'line': b'creating /home/v1/Desktop/Beizo/arm_ws/install/roarm_moveit_cmd/share/ament_index/resource_index/packages\n'}
[11.792808] (roarm_moveit_cmd) StdoutLine: {'line': b'copying resource/roarm_moveit_cmd -> /home/v1/Desktop/Beizo/arm_ws/install/roarm_moveit_cmd/share/ament_index/resource_index/packages\n'}
[11.792953] (roarm_moveit_cmd) StdoutLine: {'line': b'copying package.xml -> /home/v1/Desktop/Beizo/arm_ws/install/roarm_moveit_cmd/share/roarm_moveit_cmd\n'}
[11.793078] (roarm_moveit_cmd) StdoutLine: {'line': b'running install_egg_info\n'}
[11.827599] (roarm_moveit_cmd) StdoutLine: {'line': b'Copying ../../build/roarm_moveit_cmd/roarm_moveit_cmd.egg-info to /home/v1/Desktop/Beizo/arm_ws/install/roarm_moveit_cmd/lib/python3.12/site-packages/roarm_moveit_cmd-0.0.0-py3.12.egg-info\n'}
[11.829255] (roarm_moveit_cmd) StdoutLine: {'line': b'running install_scripts\n'}
[11.835820] (-) TimerEvent: {}
[11.936043] (-) TimerEvent: {}
[12.036315] (-) TimerEvent: {}
[12.083389] (roarm_moveit_cmd) StdoutLine: {'line': b'Installing xyz_control script to /home/v1/Desktop/Beizo/arm_ws/install/roarm_moveit_cmd/lib/roarm_moveit_cmd\n'}
[12.084139] (roarm_moveit_cmd) StdoutLine: {'line': b"writing list of installed files to '/home/v1/Desktop/Beizo/arm_ws/build/roarm_moveit_cmd/install.log'\n"}
[12.136564] (-) TimerEvent: {}
[12.137863] (roarm_moveit_cmd) CommandEnded: {'returncode': 0}
[12.153643] (roarm_moveit_cmd) JobEnded: {'identifier': 'roarm_moveit_cmd', 'rc': 0}
[12.155824] (-) EventReactorShutdown: {}
